Athabasca.Moraine;Bonsai;Canadian.Ridge.North;Fisera.Ridge;Fortress.Ridge.South;Hay.Meadow;Helen.Lake;Peyto.Hut.Main;Powerline;Upper.Clearing
NA;NA;NA;NA;NA;NA;NA;NA;NA;NA
NA;NA;NA;NA;NA;NA;NA;NA;NA;NA
NA;NA;NA;NA;NA;NA;NA;NA;NA;NA
NA;NA;NA;NA;NA;NA;NA;NA;NA;NA
NA;NA;NA;NA;NA;NA;NA;NA;NA;NA
NA;NA;NA;NA;NA;NA;NA;NA;NA;NA
NA;NA;NA;NA;NA;NA;NA;NA;NA;NA
NA;NA;NA;NA;NA;NA;NA;NA;NA;NA
NA;NA;NA;NA;NA;NA;NA;NA;NA;NA
NA;NA;NA;NA;NA;NA;NA;NA;NA;NA
NA;NA;NA;NA;NA;NA;NA;NA;NA;NA
NA;NA;NA;NA;NA;NA;NA;NA;NA;NA
NA;NA;NA;NA;NA;NA;NA;NA;NA;NA
NA;NA;NA;NA;NA;NA;NA;NA;NA;NA
NA;NA;NA;NA;NA;NA;NA;NA;NA;NA
NA;NA;NA;NA;NA;NA;NA;NA;NA;NA
NA;NA;NA;NA;NA;NA;NA;NA;NA;NA
NA;NA;NA;NA;NA;NA;NA;NA;NA;NA
NA;NA;NA;NA;NA;NA;NA;NA;NA;NA
NA;NA;NA;NA;NA;NA;NA;NA;NA;NA
NA;NA;NA;NA;NA;NA;NA;NA;NA;NA
NA;NA;NA;NA;NA;NA;NA;NA;NA;NA
NA;NA;NA;NA;NA;NA;NA;NA;NA;NA
NA;NA;NA;NA;NA;NA;NA;NA;NA;NA
NA;NA;NA;NA;NA;NA;NA;NA;NA;NA
NA;NA;NA;NA;NA;NA;NA;NA;NA;NA
NA;NA;NA;NA;NA;NA;NA;NA;NA;NA
NA;NA;NA;NA;NA;NA;NA;NA;NA;NA
NA;NA;NA;NA;NA;NA;NA;NA;NA;NA
NA;NA;NA;NA;NA;NA;NA;NA;NA;NA
NA;NA;NA;NA;NA;NA;NA;NA;NA;NA
NA;NA;NA;NA;NA;NA;NA;NA;NA;NA
NA;NA;NA;NA;NA;NA;NA;NA;NA;NA
NA;NA;NA;NA;NA;NA;NA;NA;NA;NA
NA;NA;NA;NA;NA;NA;NA;NA;NA;NA
NA;NA;NA;NA;NA;NA;NA;NA;NA;NA
NA;NA;NA;NA;NA;NA;NA;NA;NA;NA
NA;NA;NA;NA;NA;NA;NA;NA;NA;NA
NA;NA;NA;NA;NA;NA;NA;NA;NA;NA
NA;NA;NA;NA;NA;NA;NA;NA;NA;NA
NA;NA;NA;NA;NA;NA;NA;NA;NA;NA
NA;NA;NA;NA;NA;NA;NA;NA;NA;NA
NA;NA;NA;NA;NA;NA;NA;NA;NA;NA
NA;NA;NA;NA;NA;NA;NA;NA;NA;NA
NA;NA;NA;NA;NA;NA;NA;NA;NA;NA
NA;NA;NA;NA;NA;NA;NA;NA;NA;NA
NA;NA;NA;NA;NA;NA;NA;NA;NA;NA
NA;NA;NA;NA;NA;NA;NA;NA;NA;NA
NA;NA;NA;NA;NA;NA;NA;NA;NA;NA
NA;NA;NA;NA;NA;NA;NA;NA;NA;NA
NA;NA;NA;NA;NA;NA;NA;NA;NA;NA
NA;NA;NA;NA;NA;NA;NA;NA;NA;NA
NA;NA;NA;NA;NA;NA;NA;NA;NA;NA
NA;NA;NA;NA;NA;NA;NA;NA;NA;NA
NA;NA;NA;NA;NA;NA;NA;NA;NA;NA
NA;NA;NA;NA;NA;NA;NA;NA;NA;NA
NA;NA;NA;NA;NA;NA;NA;NA;NA;NA
NA;NA;NA;NA;NA;NA;NA;NA;NA;NA
NA;NA;NA;NA;NA;NA;NA;NA;NA;NA
NA;NA;NA;NA;NA;NA;NA;NA;NA;NA
NA;NA;NA;NA;NA;NA;NA;NA;NA;NA
NA;NA;NA;NA;NA;NA;NA;NA;NA;NA
NA;NA;NA;NA;NA;NA;NA;NA;NA;NA
NA;NA;NA;NA;NA;NA;NA;NA;NA;NA
NA;NA;NA;NA;NA;NA;NA;NA;NA;NA
NA;NA;NA;NA;NA;NA;NA;NA;NA;NA
NA;NA;NA;NA;NA;NA;NA;NA;NA;NA
NA;NA;NA;NA;NA;NA;NA;NA;NA;NA
NA;NA;NA;NA;NA;NA;NA;NA;NA;NA
NA;NA;NA;NA;NA;NA;NA;NA;NA;NA
NA;NA;NA;NA;NA;NA;NA;NA;NA;NA
NA;NA;NA;NA;NA;NA;NA;NA;NA;NA
NA;NA;NA;NA;NA;NA;NA;NA;NA;NA
NA;NA;NA;NA;NA;NA;NA;NA;NA;NA
NA;NA;NA;NA;NA;NA;NA;NA;NA;NA
NA;NA;NA;NA;NA;NA;NA;NA;NA;NA
NA;NA;NA;NA;NA;NA;NA;NA;NA;NA
NA;NA;NA;NA;NA;NA;NA;NA;NA;NA
NA;NA;NA;NA;NA;NA;NA;NA;NA;NA
NA;NA;NA;NA;NA;NA;NA;NA;NA;NA
NA;NA;NA;NA;NA;NA;NA;NA;NA;NA
NA;NA;NA;NA;NA;NA;NA;NA;NA;NA
NA;NA;NA;NA;NA;NA;NA;NA;NA;NA
NA;NA;NA;NA;NA;NA;NA;NA;NA;NA
NA;NA;NA;NA;NA;NA;NA;NA;NA;NA
NA;NA;NA;NA;NA;NA;NA;NA;NA;NA
NA;NA;NA;NA;NA;NA;NA;NA;NA;NA
NA;NA;NA;NA;NA;NA;NA;NA;NA;NA
NA;NA;NA;NA;NA;NA;NA;NA;NA;NA
NA;NA;NA;NA;NA;NA;NA;NA;NA;NA
NA;NA;NA;NA;NA;NA;NA;NA;NA;NA
NA;NA;NA;NA;NA;NA;NA;NA;NA;NA
NA;NA;NA;NA;NA;NA;NA;NA;NA;NA
NA;NA;NA;NA;NA;NA;NA;NA;NA;NA
NA;NA;NA;NA;NA;NA;NA;NA;NA;NA
NA;NA;NA;NA;NA;NA;NA;NA;NA;NA
NA;NA;NA;NA;NA;NA;NA;NA;NA;NA
NA;NA;NA;NA;NA;NA;NA;NA;NA;NA
NA;NA;NA;NA;NA;NA;NA;NA;NA;NA
NA;NA;NA;NA;NA;NA;NA;NA;NA;NA
NA;NA;NA;NA;NA;NA;NA;NA;NA;NA
NA;NA;NA;NA;NA;NA;NA;NA;NA;NA
NA;NA;NA;NA;NA;NA;NA;NA;NA;NA
NA;NA;NA;NA;NA;NA;NA;NA;NA;NA
NA;NA;NA;NA;NA;NA;NA;NA;NA;NA
NA;NA;NA;NA;NA;NA;NA;NA;NA;NA
NA;NA;NA;NA;NA;NA;NA;NA;NA;NA
NA;NA;NA;NA;NA;NA;NA;NA;NA;NA
NA;NA;NA;NA;NA;NA;NA;NA;NA;NA
NA;NA;NA;NA;NA;NA;NA;NA;NA;NA
NA;NA;NA;NA;NA;NA;NA;NA;NA;NA
NA;NA;NA;NA;NA;NA;NA;NA;NA;NA
NA;NA;NA;NA;NA;NA;NA;NA;NA;NA
NA;NA;NA;NA;NA;NA;NA;NA;NA;NA
NA;NA;NA;NA;NA;NA;NA;NA;NA;NA
NA;NA;NA;NA;NA;NA;NA;NA;NA;NA
NA;NA;NA;NA;NA;NA;NA;NA;NA;NA
NA;NA;NA;NA;NA;NA;NA;NA;NA;NA
NA;NA;NA;NA;NA;NA;NA;NA;NA;NA
NA;NA;NA;NA;NA;NA;NA;NA;NA;NA
NA;NA;NA;NA;NA;NA;NA;NA;NA;NA
NA;NA;NA;NA;NA;NA;NA;NA;NA;NA
NA;NA;NA;NA;NA;NA;NA;NA;NA;NA
NA;NA;NA;NA;NA;NA;NA;NA;NA;NA
NA;NA;NA;NA;NA;NA;NA;NA;NA;NA
NA;NA;NA;NA;NA;NA;NA;NA;NA;NA
NA;NA;NA;NA;NA;NA;NA;NA;NA;NA
NA;NA;NA;NA;NA;NA;NA;NA;NA;NA
NA;NA;NA;NA;NA;NA;NA;NA;NA;NA
NA;NA;NA;NA;NA;NA;NA;NA;NA;NA
NA;NA;NA;NA;NA;NA;NA;NA;NA;NA
NA;NA;NA;NA;NA;NA;NA;NA;NA;NA
NA;NA;NA;NA;NA;NA;NA;NA;NA;NA
NA;NA;NA;NA;NA;NA;NA;NA;NA;NA
NA;NA;NA;NA;NA;NA;NA;NA;NA;NA
NA;NA;NA;NA;NA;NA;NA;NA;NA;NA
NA;NA;NA;NA;NA;NA;NA;NA;NA;NA
NA;NA;NA;NA;NA;NA;NA;NA;NA;NA
NA;NA;NA;NA;NA;NA;NA;NA;NA;NA
NA;NA;NA;NA;NA;NA;NA;NA;NA;NA
NA;NA;NA;NA;NA;NA;NA;NA;NA;NA
NA;NA;NA;NA;NA;NA;NA;NA;NA;NA
NA;NA;NA;NA;NA;NA;NA;NA;NA;NA
NA;NA;NA;NA;NA;NA;NA;NA;NA;NA
NA;NA;NA;NA;NA;NA;NA;NA;NA;NA
NA;NA;NA;NA;NA;NA;NA;NA;NA;NA
NA;NA;NA;NA;NA;NA;NA;NA;NA;NA
NA;NA;NA;NA;NA;NA;NA;NA;NA;NA
NA;NA;NA;NA;NA;NA;NA;NA;NA;NA
NA;NA;NA;NA;NA;NA;NA;NA;NA;NA
NA;NA;NA;NA;NA;NA;NA;NA;NA;NA
NA;NA;NA;NA;NA;NA;NA;NA;NA;NA
NA;NA;NA;NA;NA;NA;NA;NA;NA;NA
NA;NA;NA;NA;NA;NA;NA;NA;NA;NA
NA;NA;NA;NA;NA;NA;NA;NA;NA;NA
NA;NA;NA;NA;NA;NA;NA;NA;NA;NA
NA;NA;NA;NA;NA;NA;NA;NA;NA;NA
NA;NA;NA;NA;NA;NA;NA;NA;NA;NA
NA;NA;NA;NA;NA;NA;NA;NA;NA;NA
NA;NA;NA;NA;NA;NA;NA;NA;NA;NA
NA;NA;NA;NA;NA;NA;NA;NA;NA;NA
NA;NA;NA;NA;NA;NA;NA;NA;NA;NA
NA;NA;NA;NA;NA;NA;NA;NA;NA;NA
NA;NA;NA;NA;NA;NA;NA;NA;NA;NA
NA;NA;NA;NA;NA;NA;NA;NA;NA;NA
NA;NA;NA;NA;NA;NA;NA;NA;NA;NA
NA;NA;NA;NA;NA;NA;NA;NA;NA;NA
NA;NA;NA;NA;NA;NA;NA;NA;NA;NA
NA;NA;NA;NA;NA;NA;NA;NA;NA;NA
NA;NA;NA;NA;NA;NA;NA;NA;NA;NA
NA;NA;NA;NA;NA;NA;NA;NA;NA;NA
NA;NA;NA;NA;NA;NA;NA;NA;NA;NA
NA;NA;NA;NA;NA;NA;NA;NA;NA;NA
NA;NA;NA;NA;NA;NA;NA;NA;NA;NA
NA;NA;NA;NA;NA;NA;NA;NA;NA;NA
NA;NA;NA;NA;NA;NA;NA;NA;NA;NA
NA;NA;NA;NA;NA;NA;NA;NA;NA;NA
NA;NA;NA;NA;NA;NA;NA;NA;NA;NA
NA;NA;NA;NA;NA;NA;NA;NA;NA;NA
NA;NA;NA;NA;NA;NA;NA;NA;NA;NA
NA;NA;NA;NA;NA;NA;NA;NA;NA;NA
NA;NA;NA;NA;NA;NA;NA;NA;NA;NA
NA;NA;NA;NA;NA;NA;NA;NA;NA;NA
NA;NA;NA;NA;NA;NA;NA;NA;NA;NA
NA;NA;NA;NA;NA;NA;NA;NA;NA;NA
NA;NA;NA;NA;NA;NA;NA;NA;NA;NA
NA;NA;NA;NA;NA;NA;NA;NA;NA;NA
NA;NA;NA;NA;NA;NA;NA;NA;NA;NA
NA;NA;NA;NA;NA;NA;NA;NA;NA;NA
NA;NA;NA;NA;NA;NA;NA;NA;NA;NA
NA;NA;NA;NA;NA;NA;NA;NA;NA;NA
NA;NA;NA;NA;NA;NA;NA;NA;NA;NA
NA;NA;NA;NA;NA;NA;NA;NA;NA;NA
NA;NA;NA;NA;NA;NA;NA;NA;NA;NA
NA;NA;NA;NA;NA;NA;NA;NA;NA;NA
NA;NA;NA;NA;NA;NA;NA;NA;NA;NA
NA;NA;NA;NA;NA;NA;NA;NA;NA;NA
NA;NA;NA;NA;NA;NA;NA;NA;NA;NA
NA;NA;NA;NA;NA;NA;NA;NA;NA;NA
NA;NA;NA;NA;NA;NA;NA;NA;NA;NA
NA;NA;NA;NA;NA;NA;NA;NA;NA;NA
NA;NA;NA;NA;NA;NA;NA;NA;NA;NA
NA;NA;NA;NA;NA;NA;NA;NA;NA;NA
NA;NA;NA;NA;NA;NA;NA;NA;NA;NA
NA;NA;NA;NA;NA;NA;NA;NA;NA;NA
NA;NA;NA;NA;NA;NA;NA;NA;NA;NA
NA;NA;NA;NA;NA;NA;NA;NA;NA;NA
NA;NA;NA;NA;NA;NA;NA;NA;NA;NA
NA;NA;NA;NA;NA;NA;NA;NA;NA;NA
NA;NA;NA;NA;NA;NA;NA;NA;NA;NA
NA;NA;NA;NA;NA;NA;NA;NA;NA;NA
NA;NA;NA;NA;NA;NA;NA;NA;NA;NA
NA;NA;NA;NA;NA;NA;NA;NA;NA;NA
NA;NA;NA;NA;NA;NA;NA;NA;NA;NA
NA;NA;NA;NA;NA;NA;NA;NA;NA;NA
NA;NA;NA;NA;NA;NA;NA;NA;NA;NA
NA;NA;NA;NA;NA;NA;NA;NA;NA;NA
NA;NA;NA;NA;NA;NA;NA;NA;NA;NA
NA;NA;NA;NA;NA;NA;NA;NA;NA;NA
NA;NA;NA;NA;NA;NA;NA;NA;NA;NA
NA;NA;NA;NA;NA;NA;NA;NA;NA;NA
NA;NA;NA;NA;NA;NA;NA;NA;NA;NA
NA;NA;NA;NA;NA;NA;NA;NA;NA;NA
NA;NA;NA;NA;NA;NA;NA;NA;NA;NA
NA;NA;NA;NA;NA;NA;NA;NA;NA;NA
NA;NA;NA;NA;NA;NA;NA;NA;NA;NA
NA;NA;NA;NA;NA;NA;NA;NA;NA;NA
NA;NA;NA;NA;NA;NA;NA;NA;NA;NA
NA;NA;NA;NA;NA;NA;NA;NA;NA;NA
NA;NA;NA;NA;NA;NA;NA;NA;NA;NA
NA;NA;NA;NA;NA;NA;NA;NA;NA;NA
NA;NA;NA;NA;NA;NA;NA;NA;NA;NA
NA;NA;NA;NA;NA;NA;NA;NA;NA;NA
NA;NA;NA;NA;NA;NA;NA;NA;NA;NA
NA;NA;NA;NA;NA;NA;NA;NA;NA;NA
NA;NA;NA;NA;NA;NA;NA;NA;NA;NA
NA;NA;NA;NA;NA;NA;NA;NA;NA;NA
NA;NA;NA;NA;NA;NA;NA;NA;NA;NA
NA;NA;NA;NA;NA;NA;NA;NA;NA;NA
NA;NA;NA;NA;NA;NA;NA;NA;NA;NA
NA;NA;NA;NA;NA;NA;NA;NA;NA;NA
NA;NA;NA;NA;NA;NA;NA;NA;NA;NA
NA;NA;NA;NA;NA;NA;NA;NA;NA;NA
NA;NA;NA;NA;NA;NA;NA;NA;NA;NA
NA;NA;NA;NA;NA;NA;NA;NA;NA;NA
NA;NA;NA;NA;NA;NA;NA;NA;NA;NA
NA;NA;NA;NA;NA;NA;NA;NA;NA;NA
NA;NA;NA;NA;NA;NA;NA;NA;NA;NA
NA;NA;NA;NA;NA;NA;NA;NA;NA;NA
NA;NA;NA;NA;NA;NA;NA;NA;NA;NA
NA;NA;NA;NA;NA;NA;NA;NA;NA;NA
NA;NA;NA;NA;NA;NA;NA;NA;NA;NA
NA;NA;NA;NA;NA;NA;NA;NA;NA;NA
NA;NA;NA;NA;NA;NA;NA;NA;NA;NA
NA;NA;NA;NA;NA;NA;NA;NA;NA;NA
NA;NA;NA;NA;NA;NA;NA;NA;NA;NA
NA;NA;NA;NA;NA;NA;NA;NA;NA;NA
NA;NA;NA;NA;NA;NA;NA;NA;NA;NA
NA;NA;NA;NA;NA;NA;NA;NA;NA;NA
NA;NA;NA;NA;NA;NA;NA;NA;NA;NA
NA;NA;NA;NA;NA;NA;NA;NA;NA;NA
NA;NA;NA;NA;NA;NA;NA;NA;NA;NA
NA;NA;NA;NA;NA;NA;NA;NA;NA;NA
NA;NA;NA;NA;NA;NA;NA;NA;NA;NA
NA;NA;NA;NA;NA;NA;NA;NA;NA;NA
NA;NA;NA;NA;NA;NA;NA;NA;NA;NA
NA;NA;NA;NA;NA;NA;NA;NA;NA;NA
NA;NA;NA;NA;NA;NA;NA;NA;NA;NA
NA;NA;NA;NA;NA;NA;NA;NA;NA;NA
NA;NA;NA;NA;NA;NA;NA;NA;NA;NA
NA;NA;NA;NA;NA;NA;NA;NA;NA;NA
NA;NA;NA;NA;NA;NA;NA;NA;NA;NA
NA;NA;NA;NA;NA;NA;NA;NA;NA;NA
NA;NA;NA;NA;NA;NA;NA;NA;NA;NA
NA;NA;NA;NA;NA;NA;NA;NA;NA;NA
NA;NA;NA;NA;NA;NA;NA;NA;NA;NA
NA;NA;NA;NA;NA;NA;NA;NA;NA;NA
NA;NA;NA;NA;NA;NA;NA;NA;NA;NA
NA;NA;NA;NA;NA;NA;NA;NA;NA;NA
NA;NA;NA;NA;NA;NA;NA;NA;NA;NA
NA;NA;NA;NA;NA;NA;NA;NA;NA;NA
NA;NA;NA;NA;NA;NA;NA;NA;NA;NA
NA;NA;NA;NA;NA;NA;NA;NA;NA;NA
NA;NA;NA;NA;NA;NA;NA;NA;NA;NA
NA;NA;NA;NA;NA;NA;NA;NA;NA;NA
NA;NA;NA;NA;NA;NA;NA;NA;NA;NA
NA;NA;NA;NA;NA;NA;NA;NA;NA;NA
NA;NA;NA;NA;NA;NA;NA;NA;NA;NA
NA;NA;NA;NA;NA;NA;NA;NA;NA;NA
NA;NA;NA;NA;NA;NA;NA;NA;NA;NA
NA;NA;NA;NA;NA;NA;NA;NA;NA;NA
NA;NA;NA;NA;NA;NA;NA;NA;NA;NA
NA;NA;NA;NA;NA;NA;NA;NA;NA;NA
NA;NA;NA;NA;NA;NA;NA;NA;NA;NA
NA;NA;NA;NA;NA;NA;NA;NA;NA;NA
NA;NA;NA;NA;NA;NA;NA;NA;NA;NA
NA;NA;NA;NA;NA;NA;NA;NA;NA;NA
NA;NA;NA;NA;NA;NA;NA;NA;NA;NA
NA;NA;NA;NA;NA;NA;NA;NA;NA;NA
NA;NA;NA;NA;NA;NA;NA;NA;NA;NA
NA;NA;NA;NA;NA;NA;NA;NA;NA;NA
NA;NA;NA;NA;NA;NA;NA;NA;NA;NA
NA;NA;NA;NA;NA;NA;NA;NA;NA;NA
NA;NA;NA;NA;NA;NA;NA;NA;NA;NA
NA;NA;NA;NA;NA;NA;NA;NA;NA;NA
NA;NA;NA;NA;NA;NA;NA;NA;NA;NA
NA;NA;NA;NA;NA;NA;NA;NA;NA;NA
NA;NA;NA;NA;NA;NA;NA;NA;NA;NA
NA;NA;NA;NA;NA;NA;NA;NA;NA;NA
NA;NA;NA;NA;NA;NA;NA;NA;NA;NA
NA;NA;NA;NA;NA;NA;NA;NA;NA;NA
NA;NA;NA;NA;NA;NA;NA;NA;NA;NA
NA;NA;NA;NA;NA;NA;NA;NA;NA;NA
NA;NA;NA;NA;NA;NA;NA;NA;NA;NA
NA;NA;NA;NA;NA;NA;NA;NA;NA;NA
NA;NA;NA;NA;NA;NA;NA;NA;NA;NA
NA;NA;NA;NA;NA;NA;NA;NA;NA;NA
NA;NA;NA;NA;NA;NA;NA;NA;NA;NA
NA;NA;NA;NA;NA;NA;NA;NA;NA;NA
NA;NA;NA;NA;NA;NA;NA;NA;NA;NA
NA;NA;NA;NA;NA;NA;NA;NA;NA;NA
NA;NA;NA;NA;NA;NA;NA;NA;NA;NA
NA;NA;NA;NA;NA;NA;NA;NA;NA;NA
NA;NA;NA;NA;NA;NA;NA;NA;NA;NA
NA;NA;NA;NA;NA;NA;NA;NA;NA;NA
NA;NA;NA;NA;NA;NA;NA;NA;NA;NA
NA;NA;NA;NA;NA;NA;NA;NA;NA;NA
NA;NA;NA;NA;NA;NA;NA;NA;NA;NA
NA;NA;NA;NA;NA;NA;NA;NA;NA;NA
NA;NA;NA;NA;NA;NA;NA;NA;NA;NA
NA;NA;NA;NA;NA;NA;NA;NA;NA;NA
NA;NA;NA;NA;NA;NA;NA;NA;NA;NA
NA;NA;NA;NA;NA;NA;NA;NA;NA;NA
NA;NA;NA;NA;NA;NA;NA;NA;NA;NA
NA;NA;NA;NA;NA;NA;NA;NA;NA;NA
NA;NA;NA;NA;NA;NA;NA;NA;NA;NA
NA;NA;NA;NA;NA;NA;NA;NA;NA;NA
NA;NA;NA;NA;NA;NA;NA;NA;NA;NA
NA;NA;NA;NA;NA;NA;NA;NA;NA;NA
NA;NA;NA;NA;NA;NA;NA;NA;NA;NA
NA;NA;NA;NA;NA;NA;NA;NA;NA;NA
NA;NA;NA;NA;NA;NA;NA;NA;NA;NA
NA;NA;NA;NA;NA;NA;NA;NA;NA;NA
NA;NA;NA;NA;NA;NA;NA;NA;NA;NA
NA;NA;NA;NA;NA;NA;NA;NA;NA;NA
NA;NA;NA;NA;NA;NA;NA;NA;NA;NA
NA;NA;NA;NA;NA;NA;NA;NA;NA;NA
NA;NA;NA;NA;NA;NA;NA;NA;NA;NA
NA;NA;NA;NA;NA;NA;NA;NA;NA;NA
NA;NA;NA;NA;NA;NA;NA;NA;NA;NA
NA;NA;NA;NA;NA;NA;NA;NA;NA;NA
NA;NA;NA;NA;NA;NA;NA;NA;NA;NA
NA;NA;NA;NA;NA;NA;NA;NA;NA;NA
NA;NA;NA;NA;NA;NA;NA;NA;NA;NA
NA;NA;NA;NA;NA;NA;NA;NA;NA;NA
NA;NA;NA;NA;NA;NA;NA;NA;NA;NA
NA;NA;NA;NA;NA;NA;NA;NA;NA;NA
NA;NA;NA;NA;NA;NA;NA;NA;NA;NA
NA;NA;NA;NA;NA;NA;NA;NA;NA;NA
NA;NA;NA;NA;NA;NA;NA;NA;NA;NA
NA;NA;NA;NA;NA;NA;NA;NA;NA;NA
NA;NA;NA;NA;NA;NA;NA;NA;NA;NA
NA;NA;NA;NA;NA;NA;NA;NA;NA;NA
NA;NA;NA;NA;NA;NA;NA;NA;NA;NA
NA;NA;NA;NA;NA;NA;NA;NA;NA;NA
NA;NA;NA;NA;NA;NA;NA;NA;NA;NA
NA;NA;NA;NA;NA;NA;NA;NA;NA;NA
NA;NA;NA;NA;NA;NA;NA;NA;NA;NA
NA;NA;NA;NA;NA;NA;NA;NA;NA;NA
NA;NA;NA;NA;NA;NA;NA;NA;NA;NA
NA;NA;NA;NA;NA;NA;NA;NA;NA;NA
NA;NA;NA;NA;NA;NA;NA;NA;NA;NA
NA;NA;NA;NA;NA;NA;NA;NA;NA;NA
NA;NA;NA;NA;NA;NA;NA;NA;NA;NA
NA;NA;NA;NA;NA;NA;NA;NA;NA;NA
NA;NA;NA;NA;NA;NA;NA;NA;NA;NA
NA;NA;NA;NA;NA;NA;NA;NA;NA;NA
NA;NA;NA;NA;NA;NA;NA;NA;NA;NA
NA;NA;NA;NA;NA;NA;NA;NA;NA;NA
NA;NA;NA;NA;NA;NA;NA;NA;NA;NA
NA;NA;NA;NA;NA;NA;NA;NA;NA;NA
NA;NA;NA;NA;NA;NA;NA;NA;NA;NA
NA;NA;NA;NA;NA;NA;NA;NA;NA;NA
NA;NA;NA;NA;NA;NA;NA;NA;NA;NA
NA;NA;NA;NA;NA;NA;NA;NA;NA;NA
NA;NA;NA;NA;NA;NA;NA;NA;NA;NA
NA;NA;NA;NA;NA;NA;NA;NA;NA;NA
NA;NA;NA;NA;NA;NA;NA;NA;NA;NA
NA;NA;NA;NA;NA;NA;NA;NA;NA;NA
NA;NA;NA;NA;NA;NA;NA;NA;NA;NA
NA;NA;NA;NA;NA;NA;NA;NA;NA;NA
NA;NA;NA;NA;NA;NA;NA;NA;NA;NA
NA;NA;NA;NA;NA;NA;NA;NA;NA;NA
NA;NA;NA;NA;NA;NA;NA;NA;NA;NA
NA;NA;NA;NA;NA;NA;NA;NA;NA;NA
NA;NA;NA;NA;NA;NA;NA;NA;NA;NA
NA;NA;NA;NA;NA;NA;NA;NA;NA;NA
NA;NA;NA;NA;NA;NA;NA;NA;NA;NA
NA;NA;NA;NA;NA;NA;NA;NA;NA;NA
NA;NA;NA;NA;NA;NA;NA;NA;NA;NA
NA;NA;NA;NA;NA;NA;NA;NA;NA;NA
NA;NA;NA;NA;NA;NA;NA;NA;NA;NA
NA;NA;NA;NA;NA;NA;NA;NA;NA;NA
NA;NA;NA;NA;NA;NA;NA;NA;NA;NA
NA;NA;NA;NA;NA;NA;NA;NA;NA;NA
NA;NA;NA;NA;NA;NA;NA;NA;NA;NA
NA;NA;NA;NA;NA;NA;NA;NA;NA;NA
NA;NA;NA;NA;NA;NA;NA;NA;NA;NA
NA;NA;NA;NA;NA;NA;NA;NA;NA;NA
NA;NA;NA;NA;NA;NA;NA;NA;NA;NA
NA;NA;NA;NA;NA;NA;NA;NA;NA;NA
NA;NA;NA;NA;NA;NA;NA;NA;NA;NA
NA;NA;NA;NA;NA;NA;NA;NA;NA;NA
NA;NA;NA;NA;NA;NA;NA;NA;NA;NA
NA;NA;NA;NA;NA;NA;NA;NA;NA;NA
NA;NA;NA;NA;NA;NA;NA;NA;NA;NA
NA;NA;NA;NA;NA;NA;NA;NA;NA;NA
NA;NA;NA;NA;NA;NA;NA;NA;NA;NA
NA;NA;NA;NA;NA;NA;NA;NA;NA;NA
NA;NA;NA;NA;NA;NA;NA;NA;NA;NA
NA;NA;NA;NA;NA;NA;NA;NA;NA;NA
NA;NA;NA;NA;NA;NA;NA;NA;NA;NA
NA;NA;NA;NA;NA;NA;NA;NA;NA;NA
NA;NA;NA;NA;NA;NA;NA;NA;NA;NA
NA;NA;NA;NA;NA;NA;NA;NA;NA;NA
NA;NA;NA;NA;NA;NA;NA;NA;NA;NA
NA;NA;NA;NA;NA;NA;NA;NA;NA;NA
NA;NA;NA;NA;NA;NA;NA;NA;NA;NA
NA;NA;NA;NA;NA;NA;NA;NA;NA;NA
NA;NA;NA;NA;NA;NA;NA;NA;NA;NA
NA;NA;NA;NA;NA;NA;NA;NA;NA;NA
NA;NA;NA;NA;NA;NA;NA;NA;NA;NA
NA;NA;NA;NA;NA;NA;NA;NA;NA;NA
NA;NA;NA;NA;NA;NA;NA;NA;NA;NA
NA;NA;NA;NA;NA;NA;NA;NA;NA;NA
NA;NA;NA;NA;NA;NA;NA;NA;NA;NA
NA;NA;NA;NA;NA;NA;NA;NA;NA;NA
NA;NA;NA;NA;NA;NA;NA;NA;NA;NA
NA;NA;NA;NA;NA;NA;NA;NA;NA;NA
NA;NA;NA;NA;NA;NA;NA;NA;NA;NA
NA;NA;NA;NA;NA;NA;NA;NA;NA;NA
NA;NA;NA;NA;NA;NA;NA;NA;NA;NA
NA;NA;NA;NA;NA;NA;NA;NA;NA;NA
NA;NA;NA;NA;NA;NA;NA;NA;NA;NA
NA;NA;NA;NA;NA;NA;NA;NA;NA;NA
NA;NA;NA;NA;NA;NA;NA;NA;NA;NA
NA;NA;NA;NA;NA;NA;NA;NA;NA;NA
NA;NA;NA;NA;NA;NA;NA;NA;NA;NA
NA;NA;NA;NA;NA;NA;NA;NA;NA;NA
NA;NA;NA;NA;NA;NA;NA;NA;NA;NA
NA;NA;NA;NA;NA;NA;NA;NA;NA;NA
NA;NA;NA;NA;NA;NA;NA;NA;NA;NA
NA;NA;NA;NA;NA;NA;NA;NA;NA;NA
NA;NA;NA;NA;NA;NA;NA;NA;NA;NA
NA;NA;NA;NA;NA;NA;NA;NA;NA;NA
NA;NA;NA;NA;NA;NA;NA;NA;NA;NA
NA;NA;NA;NA;NA;NA;NA;NA;NA;NA
NA;NA;NA;NA;NA;NA;NA;NA;NA;NA
NA;NA;NA;NA;NA;NA;NA;NA;NA;NA
NA;NA;NA;NA;NA;NA;NA;NA;NA;NA
NA;NA;NA;NA;NA;NA;NA;NA;NA;NA
NA;NA;NA;NA;NA;NA;NA;NA;NA;NA
NA;NA;NA;NA;NA;NA;NA;NA;NA;NA
NA;NA;NA;NA;NA;NA;NA;NA;NA;NA
NA;NA;NA;NA;NA;NA;NA;NA;NA;NA
NA;NA;NA;NA;NA;NA;NA;NA;NA;NA
NA;NA;NA;NA;NA;NA;NA;NA;NA;NA
NA;NA;NA;NA;NA;NA;NA;NA;NA;NA
NA;NA;NA;NA;NA;NA;NA;NA;NA;NA
NA;NA;NA;NA;NA;NA;NA;NA;NA;NA
NA;NA;NA;NA;NA;NA;NA;NA;NA;NA
NA;NA;NA;NA;NA;NA;NA;NA;NA;NA
NA;NA;NA;NA;NA;NA;NA;NA;NA;NA
NA;NA;NA;NA;NA;NA;NA;NA;NA;NA
NA;NA;NA;NA;NA;NA;NA;NA;NA;NA
NA;NA;NA;NA;NA;NA;NA;NA;NA;NA
NA;NA;NA;NA;NA;NA;NA;NA;NA;NA
NA;NA;NA;NA;NA;NA;NA;NA;NA;NA
NA;NA;NA;NA;NA;NA;NA;NA;NA;NA
NA;NA;NA;NA;NA;NA;NA;NA;NA;NA
NA;NA;NA;NA;NA;NA;NA;NA;NA;NA
NA;NA;NA;NA;NA;NA;NA;NA;NA;NA
NA;NA;NA;NA;NA;NA;NA;NA;NA;NA
NA;NA;NA;NA;NA;NA;NA;NA;NA;NA
NA;NA;NA;NA;NA;NA;NA;NA;NA;NA
NA;NA;NA;NA;NA;NA;NA;NA;NA;NA
NA;NA;NA;NA;NA;NA;NA;NA;NA;NA
NA;NA;NA;NA;NA;NA;NA;NA;NA;NA
NA;NA;NA;NA;NA;NA;NA;NA;NA;NA
NA;NA;NA;NA;NA;NA;NA;NA;NA;NA
NA;NA;NA;NA;NA;NA;NA;NA;NA;NA
NA;NA;NA;NA;NA;NA;NA;NA;NA;NA
NA;NA;NA;NA;NA;NA;NA;NA;NA;NA
NA;NA;NA;NA;NA;NA;NA;NA;NA;NA
NA;NA;NA;NA;NA;NA;NA;NA;NA;NA
NA;NA;NA;NA;NA;NA;NA;NA;NA;NA
NA;NA;NA;NA;NA;NA;NA;NA;NA;NA
NA;NA;NA;NA;NA;NA;NA;NA;NA;NA
NA;NA;NA;NA;NA;NA;NA;NA;NA;NA
NA;NA;NA;NA;NA;NA;NA;NA;NA;NA
NA;NA;NA;NA;NA;NA;NA;NA;NA;NA
NA;NA;NA;NA;NA;NA;NA;NA;NA;NA
NA;NA;NA;NA;NA;NA;NA;NA;NA;NA
NA;NA;NA;NA;NA;NA;NA;NA;NA;NA
NA;NA;NA;NA;NA;NA;NA;NA;NA;NA
NA;NA;NA;NA;NA;NA;NA;NA;NA;NA
NA;NA;NA;NA;NA;NA;NA;NA;NA;NA
NA;NA;NA;NA;NA;NA;NA;NA;NA;NA
NA;NA;NA;NA;NA;NA;NA;NA;NA;NA
NA;NA;NA;NA;NA;NA;NA;NA;NA;NA
NA;NA;NA;NA;NA;NA;NA;NA;NA;NA
NA;NA;NA;NA;NA;NA;NA;NA;NA;NA
NA;NA;NA;NA;NA;NA;NA;NA;NA;NA
NA;NA;NA;NA;NA;NA;NA;NA;NA;NA
NA;NA;NA;NA;NA;NA;NA;NA;NA;NA
NA;NA;NA;NA;NA;NA;NA;NA;NA;NA
NA;NA;NA;NA;NA;NA;NA;NA;NA;NA
NA;NA;NA;NA;NA;NA;NA;NA;NA;NA
NA;NA;NA;NA;NA;NA;NA;NA;NA;NA
NA;NA;NA;NA;NA;NA;NA;NA;NA;NA
NA;NA;NA;NA;NA;NA;NA;NA;NA;NA
NA;NA;NA;NA;NA;NA;NA;NA;NA;NA
NA;NA;NA;NA;NA;NA;NA;NA;NA;NA
NA;NA;NA;NA;NA;NA;NA;NA;NA;NA
NA;NA;NA;NA;NA;NA;NA;NA;NA;NA
NA;NA;NA;NA;NA;NA;NA;NA;NA;NA
NA;NA;NA;NA;NA;NA;NA;NA;NA;NA
NA;NA;NA;NA;NA;NA;NA;NA;NA;NA
NA;NA;NA;NA;NA;NA;NA;NA;NA;NA
NA;NA;NA;NA;NA;NA;NA;NA;NA;NA
NA;NA;NA;NA;NA;NA;NA;NA;NA;NA
NA;NA;NA;NA;NA;NA;NA;NA;NA;NA
NA;NA;NA;NA;NA;NA;NA;NA;NA;NA
NA;NA;NA;NA;NA;NA;NA;NA;NA;NA
NA;NA;NA;NA;NA;NA;NA;NA;NA;NA
NA;NA;NA;NA;NA;NA;NA;NA;NA;NA
NA;NA;NA;NA;NA;NA;NA;NA;NA;NA
NA;NA;NA;NA;NA;NA;NA;NA;NA;NA
NA;NA;NA;NA;NA;NA;NA;NA;NA;NA
NA;NA;NA;NA;NA;NA;NA;NA;NA;NA
NA;NA;NA;NA;NA;NA;NA;NA;NA;NA
NA;NA;NA;NA;NA;NA;NA;NA;NA;NA
NA;NA;NA;NA;NA;NA;NA;NA;NA;NA
NA;NA;NA;NA;NA;NA;NA;NA;NA;NA
NA;NA;NA;NA;NA;NA;NA;NA;NA;NA
NA;NA;NA;NA;NA;NA;NA;NA;NA;NA
NA;NA;NA;NA;NA;NA;NA;NA;NA;NA
NA;NA;NA;NA;NA;NA;NA;NA;NA;NA
NA;NA;NA;NA;NA;NA;NA;NA;NA;NA
NA;NA;NA;NA;NA;NA;NA;NA;NA;NA
NA;NA;NA;NA;NA;NA;NA;NA;NA;NA
NA;NA;NA;NA;NA;NA;NA;NA;NA;NA
NA;NA;NA;NA;NA;NA;NA;NA;NA;NA
NA;NA;NA;NA;NA;NA;NA;NA;NA;NA
NA;NA;NA;NA;NA;NA;NA;NA;NA;NA
NA;NA;NA;NA;NA;NA;NA;NA;NA;NA
NA;NA;NA;NA;NA;NA;NA;NA;NA;NA
NA;NA;NA;NA;NA;NA;NA;NA;NA;NA
NA;NA;NA;NA;NA;NA;NA;NA;NA;NA
NA;NA;NA;NA;NA;NA;NA;NA;NA;NA
NA;NA;NA;NA;NA;NA;NA;NA;NA;NA
NA;NA;NA;NA;NA;NA;NA;NA;NA;NA
NA;NA;NA;NA;NA;NA;NA;NA;NA;NA
NA;NA;NA;NA;NA;NA;NA;NA;NA;NA
NA;NA;NA;NA;NA;NA;NA;NA;NA;NA
NA;NA;NA;NA;NA;NA;NA;NA;NA;NA
NA;NA;NA;NA;NA;NA;NA;NA;NA;NA
NA;NA;NA;NA;NA;NA;NA;NA;NA;NA
NA;NA;NA;NA;NA;NA;NA;NA;NA;NA
NA;NA;NA;NA;NA;NA;NA;NA;NA;NA
NA;NA;NA;NA;NA;NA;NA;NA;NA;NA
NA;NA;NA;NA;NA;NA;NA;NA;NA;NA
NA;NA;NA;NA;NA;NA;NA;NA;NA;NA
NA;NA;NA;NA;NA;NA;NA;NA;NA;NA
NA;NA;NA;NA;NA;NA;NA;NA;NA;NA
NA;NA;NA;NA;NA;NA;NA;NA;NA;NA
NA;NA;NA;NA;NA;NA;NA;NA;NA;NA
NA;NA;NA;NA;NA;NA;NA;NA;NA;NA
NA;NA;NA;NA;NA;NA;NA;NA;NA;NA
NA;NA;NA;NA;NA;NA;NA;NA;NA;NA
NA;NA;NA;NA;NA;NA;NA;NA;NA;NA
NA;NA;NA;NA;NA;NA;NA;NA;NA;NA
NA;NA;NA;NA;NA;NA;NA;NA;NA;NA
NA;NA;NA;NA;NA;NA;NA;NA;NA;NA
NA;NA;NA;NA;NA;NA;NA;NA;NA;NA
NA;NA;NA;NA;NA;NA;NA;NA;NA;NA
NA;NA;NA;NA;NA;NA;NA;NA;NA;NA
NA;NA;NA;NA;NA;NA;NA;NA;NA;NA
NA;NA;NA;NA;NA;NA;NA;NA;NA;NA
NA;NA;NA;NA;NA;NA;NA;NA;NA;NA
NA;NA;NA;NA;NA;NA;NA;NA;NA;NA
NA;NA;NA;NA;NA;NA;NA;NA;NA;NA
NA;NA;NA;NA;NA;NA;NA;NA;NA;NA
NA;NA;NA;NA;NA;NA;NA;NA;NA;NA
NA;NA;NA;NA;NA;NA;NA;NA;NA;NA
NA;NA;NA;NA;NA;NA;NA;NA;NA;NA
NA;NA;NA;NA;NA;NA;NA;NA;NA;NA
NA;NA;NA;NA;NA;NA;NA;NA;NA;NA
NA;NA;NA;NA;NA;NA;NA;NA;NA;NA
NA;NA;NA;NA;NA;NA;NA;NA;NA;NA
NA;NA;NA;NA;NA;NA;NA;NA;NA;NA
NA;NA;NA;NA;NA;NA;NA;NA;NA;NA
NA;NA;NA;NA;NA;NA;NA;NA;NA;NA
NA;NA;NA;NA;NA;NA;NA;NA;NA;NA
NA;NA;NA;NA;NA;NA;NA;NA;NA;NA
NA;NA;NA;NA;NA;NA;NA;NA;NA;NA
NA;NA;NA;NA;NA;NA;NA;NA;NA;NA
NA;NA;NA;NA;NA;NA;NA;NA;NA;NA
NA;NA;NA;NA;NA;NA;NA;NA;NA;NA
NA;NA;NA;NA;NA;NA;NA;NA;NA;NA
NA;NA;NA;NA;NA;NA;NA;NA;NA;NA
NA;NA;NA;NA;NA;NA;NA;NA;NA;NA
NA;NA;NA;NA;NA;NA;NA;NA;NA;NA
NA;NA;NA;NA;NA;NA;NA;NA;NA;NA
NA;NA;NA;NA;NA;NA;NA;NA;NA;NA
NA;NA;NA;NA;NA;NA;NA;NA;NA;NA
NA;NA;NA;NA;NA;NA;NA;NA;NA;NA
NA;NA;NA;NA;NA;NA;NA;NA;NA;NA
NA;NA;NA;NA;NA;NA;NA;NA;NA;NA
NA;NA;NA;NA;NA;NA;NA;NA;NA;NA
NA;NA;NA;NA;NA;NA;NA;NA;NA;NA
NA;NA;NA;NA;NA;NA;NA;NA;NA;NA
NA;NA;NA;NA;NA;NA;NA;NA;NA;NA
NA;NA;NA;NA;NA;NA;NA;NA;NA;NA
NA;NA;NA;NA;NA;NA;NA;NA;NA;NA
NA;NA;NA;NA;NA;NA;NA;NA;NA;NA
NA;NA;NA;NA;NA;NA;NA;NA;NA;NA
NA;NA;NA;NA;NA;NA;NA;NA;NA;NA
NA;NA;NA;NA;NA;NA;NA;NA;NA;NA
NA;NA;NA;NA;NA;NA;NA;NA;NA;NA
NA;NA;NA;NA;NA;NA;NA;NA;NA;NA
NA;NA;NA;NA;NA;NA;NA;NA;NA;NA
NA;NA;NA;NA;NA;NA;NA;NA;NA;NA
NA;NA;NA;NA;NA;NA;NA;NA;NA;NA
NA;NA;NA;NA;NA;NA;NA;NA;NA;NA
NA;NA;NA;NA;NA;NA;NA;NA;NA;NA
NA;NA;NA;NA;NA;NA;NA;NA;NA;NA
NA;NA;NA;NA;NA;NA;NA;NA;NA;NA
NA;NA;NA;NA;NA;NA;NA;NA;NA;NA
NA;NA;NA;NA;NA;NA;NA;NA;NA;NA
NA;NA;NA;NA;NA;NA;NA;NA;NA;NA
NA;NA;NA;NA;NA;NA;NA;NA;NA;NA
NA;NA;NA;NA;NA;NA;NA;NA;NA;NA
NA;NA;NA;NA;NA;NA;NA;NA;NA;NA
NA;NA;NA;NA;NA;NA;NA;NA;NA;NA
NA;NA;NA;NA;NA;NA;NA;NA;NA;NA
NA;NA;NA;NA;NA;NA;NA;NA;NA;NA
NA;NA;NA;NA;NA;NA;NA;NA;NA;NA
NA;NA;NA;NA;NA;NA;NA;NA;NA;NA
NA;NA;NA;NA;NA;NA;NA;NA;NA;NA
NA;NA;NA;NA;NA;NA;NA;NA;NA;NA
NA;NA;NA;NA;NA;NA;NA;NA;NA;NA
NA;NA;NA;NA;NA;NA;NA;NA;NA;NA
NA;NA;NA;NA;NA;NA;NA;NA;NA;NA
NA;NA;NA;NA;NA;NA;NA;NA;NA;NA
NA;NA;NA;NA;NA;NA;NA;NA;NA;NA
NA;NA;NA;NA;NA;NA;NA;NA;NA;NA
NA;NA;NA;NA;NA;NA;NA;NA;NA;NA
NA;NA;NA;NA;NA;NA;NA;NA;NA;NA
NA;NA;NA;NA;NA;NA;NA;NA;NA;NA
NA;NA;NA;NA;NA;NA;NA;NA;NA;NA
NA;NA;NA;NA;NA;NA;NA;NA;NA;NA
NA;NA;NA;NA;NA;NA;NA;NA;NA;NA
NA;NA;NA;NA;NA;NA;NA;NA;NA;NA
NA;NA;NA;NA;NA;NA;NA;NA;NA;NA
NA;NA;NA;NA;NA;NA;NA;NA;NA;NA
NA;NA;NA;NA;NA;NA;NA;NA;NA;NA
NA;NA;NA;NA;NA;NA;NA;NA;NA;NA
NA;NA;NA;NA;NA;NA;NA;NA;NA;NA
NA;NA;NA;NA;NA;NA;NA;NA;NA;NA
NA;NA;NA;NA;NA;NA;NA;NA;NA;NA
NA;NA;NA;NA;NA;NA;NA;NA;NA;NA
NA;NA;NA;NA;NA;NA;NA;NA;NA;NA
NA;NA;NA;NA;NA;NA;NA;NA;NA;NA
NA;NA;NA;NA;NA;NA;NA;NA;NA;NA
NA;NA;NA;NA;NA;NA;NA;NA;NA;NA
NA;NA;NA;NA;NA;NA;NA;NA;NA;NA
NA;NA;NA;NA;NA;NA;NA;NA;NA;NA
NA;NA;NA;NA;NA;NA;NA;NA;NA;NA
NA;NA;NA;NA;NA;NA;NA;NA;NA;NA
NA;NA;NA;NA;NA;NA;NA;NA;NA;NA
NA;NA;NA;NA;NA;NA;NA;NA;NA;NA
NA;NA;NA;NA;NA;NA;NA;NA;NA;NA
NA;NA;NA;NA;NA;NA;NA;NA;NA;NA
NA;NA;NA;NA;NA;NA;NA;NA;NA;NA
NA;NA;NA;NA;NA;NA;NA;NA;NA;NA
NA;NA;NA;NA;NA;NA;NA;NA;NA;NA
NA;NA;NA;NA;NA;NA;NA;NA;NA;NA
NA;NA;NA;NA;NA;NA;NA;NA;NA;NA
NA;NA;NA;NA;NA;NA;NA;NA;NA;NA
NA;NA;NA;NA;NA;NA;NA;NA;NA;NA
NA;NA;NA;NA;NA;NA;NA;NA;NA;NA
NA;NA;NA;NA;NA;NA;NA;NA;NA;NA
NA;NA;NA;NA;NA;NA;NA;NA;NA;NA
NA;NA;NA;NA;NA;NA;NA;NA;NA;NA
NA;NA;NA;NA;NA;NA;NA;NA;NA;NA
NA;NA;NA;NA;NA;NA;NA;NA;NA;NA
NA;NA;NA;NA;NA;NA;NA;NA;NA;NA
NA;NA;NA;NA;NA;NA;NA;NA;NA;NA
NA;NA;NA;NA;NA;NA;NA;NA;NA;NA
NA;NA;NA;NA;NA;NA;NA;NA;NA;NA
NA;NA;NA;NA;NA;NA;NA;NA;NA;NA
NA;NA;NA;NA;NA;NA;NA;NA;NA;NA
NA;NA;NA;NA;NA;NA;NA;NA;NA;NA
NA;NA;NA;NA;NA;NA;NA;NA;NA;NA
NA;NA;NA;NA;NA;NA;NA;NA;NA;NA
NA;NA;NA;NA;NA;NA;NA;NA;NA;NA
NA;NA;NA;NA;NA;NA;NA;NA;NA;NA
NA;NA;NA;NA;NA;NA;NA;NA;NA;NA
NA;NA;NA;NA;NA;NA;NA;NA;NA;NA
NA;NA;NA;NA;NA;NA;NA;NA;NA;NA
NA;NA;NA;NA;NA;NA;NA;NA;NA;NA
NA;NA;NA;NA;NA;NA;NA;NA;NA;NA
NA;NA;NA;NA;NA;NA;NA;NA;NA;NA
NA;NA;NA;NA;NA;NA;NA;NA;NA;NA
NA;NA;NA;NA;NA;NA;NA;NA;NA;NA
NA;NA;NA;NA;NA;NA;NA;NA;NA;NA
NA;NA;NA;NA;NA;NA;NA;NA;NA;NA
NA;NA;NA;NA;NA;NA;NA;NA;NA;NA
NA;NA;NA;NA;NA;NA;NA;NA;NA;NA
NA;NA;NA;NA;NA;NA;NA;NA;NA;NA
NA;NA;NA;NA;NA;NA;NA;NA;NA;NA
NA;NA;NA;NA;NA;NA;NA;NA;NA;NA
NA;NA;NA;NA;NA;NA;NA;NA;NA;NA
NA;NA;NA;NA;NA;NA;NA;NA;NA;NA
NA;NA;NA;NA;NA;NA;NA;NA;NA;NA
NA;NA;NA;NA;NA;NA;NA;NA;NA;NA
NA;NA;NA;NA;NA;NA;NA;NA;NA;NA
NA;NA;NA;NA;NA;NA;NA;NA;NA;NA
NA;NA;NA;NA;NA;NA;NA;NA;NA;NA
NA;NA;NA;NA;NA;NA;NA;NA;NA;NA
NA;NA;NA;NA;NA;NA;NA;NA;NA;NA
NA;NA;NA;NA;NA;NA;NA;NA;NA;NA
NA;NA;NA;NA;NA;NA;NA;NA;NA;NA
NA;NA;NA;NA;NA;NA;NA;NA;NA;NA
NA;NA;NA;NA;NA;NA;NA;NA;NA;NA
NA;NA;NA;NA;NA;NA;NA;NA;NA;NA
NA;NA;NA;NA;NA;NA;NA;NA;NA;NA
NA;NA;NA;NA;NA;NA;NA;NA;NA;NA
NA;NA;NA;NA;NA;NA;NA;NA;NA;NA
NA;NA;NA;NA;NA;NA;NA;NA;NA;NA
NA;NA;NA;NA;NA;NA;NA;NA;NA;NA
NA;NA;NA;NA;NA;NA;NA;NA;NA;NA
NA;NA;NA;NA;NA;NA;NA;NA;NA;NA
NA;NA;NA;NA;NA;NA;NA;NA;NA;NA
NA;NA;NA;NA;NA;NA;NA;NA;NA;NA
NA;NA;NA;NA;NA;NA;NA;NA;NA;NA
NA;NA;NA;NA;NA;NA;NA;NA;NA;NA
NA;NA;NA;NA;NA;NA;NA;NA;NA;NA
NA;NA;NA;NA;NA;NA;NA;NA;NA;NA
NA;NA;NA;NA;NA;NA;NA;NA;NA;NA
NA;NA;NA;NA;NA;NA;NA;NA;NA;NA
NA;NA;NA;NA;NA;NA;NA;NA;NA;NA
NA;NA;NA;NA;NA;NA;NA;NA;NA;NA
NA;NA;NA;NA;NA;NA;NA;NA;NA;NA
NA;NA;NA;NA;NA;NA;NA;NA;NA;NA
NA;NA;NA;NA;NA;NA;NA;NA;NA;NA
NA;NA;NA;NA;NA;NA;NA;NA;NA;NA
NA;NA;NA;NA;NA;NA;NA;NA;NA;NA
NA;NA;NA;NA;NA;NA;NA;NA;NA;NA
NA;NA;NA;NA;NA;NA;NA;NA;NA;NA
NA;NA;NA;NA;NA;NA;NA;NA;NA;NA
NA;NA;NA;NA;NA;NA;NA;NA;NA;NA
NA;NA;NA;NA;NA;NA;NA;NA;NA;NA
NA;NA;NA;NA;NA;NA;NA;NA;NA;NA
NA;NA;NA;NA;NA;NA;NA;NA;NA;NA
NA;NA;NA;NA;NA;NA;NA;NA;NA;NA
NA;NA;NA;NA;NA;NA;NA;NA;NA;NA
NA;NA;NA;NA;NA;NA;NA;NA;NA;NA
NA;NA;NA;NA;NA;NA;NA;NA;NA;NA
NA;NA;NA;NA;NA;NA;NA;NA;NA;NA
NA;NA;NA;NA;NA;NA;NA;NA;NA;NA
NA;NA;NA;NA;NA;NA;NA;NA;NA;NA
NA;NA;NA;NA;NA;NA;NA;NA;NA;NA
NA;NA;NA;NA;NA;NA;NA;NA;NA;NA
NA;NA;NA;NA;NA;NA;NA;NA;NA;NA
NA;NA;NA;NA;NA;NA;NA;NA;NA;NA
NA;NA;NA;NA;NA;NA;NA;NA;NA;NA
NA;NA;NA;NA;NA;NA;NA;NA;NA;NA
NA;NA;NA;NA;NA;NA;NA;NA;NA;NA
NA;NA;NA;NA;NA;NA;NA;NA;NA;NA
NA;NA;NA;NA;NA;NA;NA;NA;NA;NA
NA;NA;NA;NA;NA;NA;NA;NA;NA;NA
NA;NA;NA;NA;NA;NA;NA;NA;NA;NA
NA;NA;NA;NA;NA;NA;NA;NA;NA;NA
NA;NA;NA;NA;NA;NA;NA;NA;NA;NA
NA;NA;NA;NA;NA;NA;NA;NA;NA;NA
NA;NA;NA;NA;NA;NA;NA;NA;NA;NA
NA;NA;NA;NA;NA;NA;NA;NA;NA;NA
NA;NA;NA;NA;NA;NA;NA;NA;NA;NA
NA;NA;NA;NA;NA;NA;NA;NA;NA;NA
NA;NA;NA;NA;NA;NA;NA;NA;NA;NA
NA;NA;NA;NA;NA;NA;NA;NA;NA;NA
NA;NA;NA;NA;NA;NA;NA;NA;NA;NA
NA;NA;NA;NA;NA;NA;NA;NA;NA;NA
NA;NA;NA;NA;NA;NA;NA;NA;NA;NA
NA;NA;NA;NA;NA;NA;NA;NA;NA;NA
NA;NA;NA;NA;NA;NA;NA;NA;NA;NA
NA;NA;NA;NA;NA;NA;NA;NA;NA;NA
NA;NA;NA;NA;NA;NA;NA;NA;NA;NA
NA;NA;NA;NA;NA;NA;NA;NA;NA;NA
NA;NA;NA;NA;NA;NA;NA;NA;NA;NA
NA;NA;NA;NA;NA;NA;NA;NA;NA;NA
NA;NA;NA;NA;NA;NA;NA;NA;NA;NA
NA;NA;NA;NA;NA;NA;NA;NA;NA;NA
NA;NA;NA;NA;NA;NA;NA;NA;NA;NA
NA;NA;NA;NA;NA;NA;NA;NA;NA;NA
NA;NA;NA;NA;NA;NA;NA;NA;NA;NA
NA;NA;NA;NA;NA;NA;NA;NA;NA;NA
NA;NA;NA;NA;NA;NA;NA;NA;NA;NA
NA;NA;NA;NA;NA;NA;NA;NA;NA;NA
NA;NA;NA;NA;NA;NA;NA;NA;NA;NA
NA;NA;NA;NA;NA;NA;NA;NA;NA;NA
NA;NA;NA;NA;NA;NA;NA;NA;NA;NA
NA;NA;NA;NA;NA;NA;NA;NA;NA;NA
NA;NA;NA;NA;NA;NA;NA;NA;NA;NA
NA;NA;NA;NA;NA;NA;NA;NA;NA;NA
NA;NA;NA;NA;NA;NA;NA;NA;NA;NA
NA;NA;NA;NA;NA;NA;NA;NA;NA;NA
NA;NA;NA;NA;NA;NA;NA;NA;NA;NA
NA;NA;NA;NA;NA;NA;NA;NA;NA;NA
NA;NA;NA;NA;NA;NA;NA;NA;NA;NA
NA;NA;NA;NA;NA;NA;NA;NA;NA;NA
NA;NA;NA;NA;NA;NA;NA;NA;NA;NA
NA;NA;NA;NA;NA;NA;NA;NA;NA;NA
NA;NA;NA;NA;NA;NA;NA;NA;NA;NA
NA;NA;NA;NA;NA;NA;NA;NA;NA;NA
NA;NA;NA;NA;NA;NA;NA;NA;NA;NA
NA;NA;NA;NA;NA;NA;NA;NA;NA;NA
NA;NA;NA;NA;NA;NA;NA;NA;NA;NA
NA;NA;NA;NA;NA;NA;NA;NA;NA;NA
NA;NA;NA;NA;NA;NA;NA;NA;NA;NA
NA;NA;NA;NA;NA;NA;NA;NA;NA;NA
NA;NA;NA;NA;NA;NA;NA;NA;NA;NA
NA;NA;NA;NA;NA;NA;NA;NA;NA;NA
NA;NA;NA;NA;NA;NA;NA;NA;NA;NA
NA;NA;NA;NA;NA;NA;NA;NA;NA;NA
NA;NA;NA;NA;NA;NA;NA;NA;NA;NA
NA;NA;NA;NA;NA;NA;NA;NA;NA;NA
NA;NA;NA;NA;NA;NA;NA;NA;NA;NA
NA;NA;NA;NA;NA;NA;NA;NA;NA;NA
NA;NA;NA;NA;NA;NA;NA;NA;NA;NA
NA;NA;NA;NA;NA;NA;NA;NA;NA;NA
NA;NA;NA;NA;NA;NA;NA;NA;NA;NA
NA;NA;NA;NA;NA;NA;NA;NA;NA;NA
NA;NA;NA;NA;NA;NA;NA;NA;NA;NA
NA;NA;NA;NA;NA;NA;NA;NA;NA;NA
NA;NA;NA;NA;NA;NA;NA;NA;NA;NA
NA;NA;NA;NA;NA;NA;NA;NA;NA;NA
NA;NA;NA;NA;NA;NA;NA;NA;NA;NA
NA;NA;NA;NA;NA;NA;NA;NA;NA;NA
NA;NA;NA;NA;NA;NA;NA;NA;NA;NA
NA;NA;NA;NA;NA;NA;NA;NA;NA;NA
NA;NA;NA;NA;NA;NA;NA;NA;NA;NA
NA;NA;NA;NA;NA;NA;NA;NA;NA;NA
NA;NA;NA;NA;NA;NA;NA;NA;NA;NA
NA;NA;NA;NA;NA;NA;NA;NA;NA;NA
NA;NA;NA;NA;NA;NA;NA;NA;NA;NA
NA;NA;NA;NA;NA;NA;NA;NA;NA;NA
NA;NA;NA;NA;NA;NA;NA;NA;NA;NA
NA;NA;NA;NA;NA;NA;NA;NA;NA;NA
NA;NA;NA;NA;NA;NA;NA;NA;NA;NA
NA;NA;NA;NA;NA;NA;NA;NA;NA;NA
NA;NA;NA;NA;NA;NA;NA;NA;NA;NA
NA;NA;NA;NA;NA;NA;NA;NA;NA;NA
NA;NA;NA;NA;NA;NA;NA;NA;NA;NA
NA;NA;NA;NA;NA;NA;NA;NA;NA;NA
NA;NA;NA;NA;NA;NA;NA;NA;NA;NA
NA;NA;NA;NA;NA;NA;NA;NA;NA;NA
NA;NA;NA;NA;NA;NA;NA;NA;NA;NA
NA;NA;NA;NA;NA;NA;NA;NA;NA;NA
NA;NA;NA;NA;NA;NA;NA;NA;NA;NA
NA;NA;NA;NA;NA;NA;NA;NA;NA;NA
NA;NA;NA;NA;NA;NA;NA;NA;NA;NA
NA;NA;NA;NA;NA;NA;NA;NA;NA;NA
NA;NA;NA;NA;NA;NA;NA;NA;NA;NA
NA;NA;NA;NA;NA;NA;NA;NA;NA;NA
NA;NA;NA;NA;NA;NA;NA;NA;NA;NA
NA;NA;NA;NA;NA;NA;NA;NA;NA;NA
NA;NA;NA;NA;NA;NA;NA;NA;NA;NA
NA;NA;NA;NA;NA;NA;NA;NA;NA;NA
NA;NA;NA;NA;NA;NA;NA;NA;NA;NA
NA;NA;NA;NA;NA;NA;NA;NA;NA;NA
NA;NA;NA;NA;NA;NA;NA;NA;NA;NA
NA;NA;NA;NA;NA;NA;NA;NA;NA;NA
NA;NA;NA;NA;NA;NA;NA;NA;NA;NA
NA;NA;NA;NA;NA;NA;NA;NA;NA;NA
NA;NA;NA;NA;NA;NA;NA;NA;NA;NA
NA;NA;NA;NA;NA;NA;NA;NA;NA;NA
NA;NA;NA;NA;NA;NA;NA;NA;NA;NA
NA;NA;NA;NA;NA;NA;NA;NA;NA;NA
NA;NA;NA;NA;NA;NA;NA;NA;NA;NA
NA;NA;NA;NA;NA;NA;NA;NA;NA;NA
NA;NA;NA;NA;NA;NA;NA;NA;NA;NA
NA;NA;NA;NA;NA;NA;NA;NA;NA;NA
NA;NA;NA;NA;NA;NA;NA;NA;NA;NA
NA;NA;NA;NA;NA;NA;NA;NA;NA;NA
NA;NA;NA;NA;NA;NA;NA;NA;NA;NA
NA;NA;NA;NA;NA;NA;NA;NA;NA;NA
NA;NA;NA;NA;NA;NA;NA;NA;NA;NA
NA;NA;NA;NA;NA;NA;NA;NA;NA;NA
NA;NA;NA;NA;NA;NA;NA;NA;NA;NA
NA;NA;NA;NA;NA;NA;NA;NA;NA;NA
NA;NA;NA;NA;NA;NA;NA;NA;NA;NA
NA;NA;NA;NA;NA;NA;NA;NA;NA;NA
NA;NA;NA;NA;NA;NA;NA;NA;NA;NA
NA;NA;NA;NA;NA;NA;NA;NA;NA;NA
NA;NA;NA;NA;NA;NA;NA;NA;NA;NA
NA;NA;NA;NA;NA;NA;NA;NA;NA;NA
NA;NA;NA;NA;NA;NA;NA;NA;NA;NA
NA;NA;NA;NA;NA;NA;NA;NA;NA;NA
NA;NA;NA;NA;NA;NA;NA;NA;NA;NA
NA;NA;NA;NA;NA;NA;NA;NA;NA;NA
NA;NA;NA;NA;NA;NA;NA;NA;NA;NA
NA;NA;NA;NA;NA;NA;NA;NA;NA;NA
NA;NA;NA;NA;NA;NA;NA;NA;NA;NA
NA;NA;NA;NA;NA;NA;NA;NA;NA;NA
NA;NA;NA;NA;NA;NA;NA;NA;NA;NA
NA;NA;NA;NA;NA;NA;NA;NA;NA;NA
NA;NA;NA;NA;NA;NA;NA;NA;NA;NA
NA;NA;NA;NA;NA;NA;NA;NA;NA;NA
NA;NA;NA;NA;NA;NA;NA;NA;NA;NA
NA;NA;NA;NA;NA;NA;NA;NA;NA;NA
NA;NA;NA;NA;NA;NA;NA;NA;NA;NA
NA;NA;NA;NA;NA;NA;NA;NA;NA;NA
NA;NA;NA;NA;NA;NA;NA;NA;NA;NA
NA;NA;NA;NA;NA;NA;NA;NA;NA;NA
NA;NA;NA;NA;NA;NA;NA;NA;NA;NA
NA;NA;NA;NA;NA;NA;NA;NA;NA;NA
NA;NA;NA;NA;NA;NA;NA;NA;NA;NA
NA;NA;NA;NA;NA;NA;NA;NA;NA;NA
NA;NA;NA;NA;NA;NA;NA;NA;NA;NA
NA;NA;NA;NA;NA;NA;NA;NA;NA;NA
NA;NA;NA;NA;NA;NA;NA;NA;NA;NA
NA;NA;NA;NA;NA;NA;NA;NA;NA;NA
NA;NA;NA;NA;NA;NA;NA;NA;NA;NA
NA;NA;NA;NA;NA;NA;NA;NA;NA;NA
NA;NA;NA;NA;NA;NA;NA;NA;NA;NA
NA;NA;NA;NA;NA;NA;NA;NA;NA;NA
NA;NA;NA;NA;NA;NA;NA;NA;NA;NA
NA;NA;NA;NA;NA;NA;NA;NA;NA;NA
NA;NA;NA;NA;NA;NA;NA;NA;NA;NA
NA;NA;NA;NA;NA;NA;NA;NA;NA;NA
NA;NA;NA;NA;NA;NA;NA;NA;NA;NA
NA;NA;NA;NA;NA;NA;NA;NA;NA;NA
NA;NA;NA;NA;NA;NA;NA;NA;NA;NA
NA;NA;NA;NA;NA;NA;NA;NA;NA;NA
NA;NA;NA;NA;NA;NA;NA;NA;NA;NA
NA;NA;NA;NA;NA;NA;NA;NA;NA;NA
NA;NA;NA;NA;NA;NA;NA;NA;NA;NA
NA;NA;NA;NA;NA;NA;NA;NA;NA;NA
NA;NA;NA;NA;NA;NA;NA;NA;NA;NA
NA;NA;NA;NA;NA;NA;NA;NA;NA;NA
NA;NA;NA;NA;NA;NA;NA;NA;NA;NA
NA;NA;NA;NA;NA;NA;NA;NA;NA;NA
NA;NA;NA;NA;NA;NA;NA;NA;NA;NA
NA;NA;NA;NA;NA;NA;NA;NA;NA;NA
NA;NA;NA;NA;NA;NA;NA;NA;NA;NA
NA;NA;NA;NA;NA;NA;NA;NA;NA;NA
NA;NA;NA;NA;NA;NA;NA;NA;NA;NA
NA;NA;NA;NA;NA;NA;NA;NA;NA;NA
NA;NA;NA;NA;NA;NA;NA;NA;NA;NA
NA;NA;NA;NA;NA;NA;NA;NA;NA;NA
NA;NA;NA;NA;NA;NA;NA;NA;NA;NA
NA;NA;NA;NA;NA;NA;NA;NA;NA;NA
NA;NA;NA;NA;NA;NA;NA;NA;NA;NA
NA;NA;NA;NA;NA;NA;NA;NA;NA;NA
NA;NA;NA;NA;NA;NA;NA;NA;NA;NA
NA;NA;NA;NA;NA;NA;NA;NA;NA;NA
NA;NA;NA;NA;NA;NA;NA;NA;NA;NA
NA;NA;NA;NA;NA;NA;NA;NA;NA;NA
NA;NA;NA;NA;NA;NA;NA;NA;NA;NA
NA;NA;NA;NA;NA;NA;NA;NA;NA;NA
NA;NA;NA;NA;NA;NA;NA;NA;NA;NA
NA;NA;NA;NA;NA;NA;NA;NA;NA;NA
NA;NA;NA;NA;NA;NA;NA;NA;NA;NA
NA;NA;NA;NA;NA;NA;NA;NA;NA;NA
NA;NA;NA;NA;NA;NA;NA;NA;NA;NA
NA;NA;NA;NA;NA;NA;NA;NA;NA;NA
NA;NA;NA;NA;NA;NA;NA;NA;NA;NA
NA;NA;NA;NA;NA;NA;NA;NA;NA;NA
NA;NA;NA;NA;NA;NA;NA;NA;NA;NA
NA;NA;NA;NA;NA;NA;NA;NA;NA;NA
NA;NA;NA;NA;NA;NA;NA;NA;NA;NA
NA;NA;NA;NA;NA;NA;NA;NA;NA;NA
NA;NA;NA;NA;NA;NA;NA;NA;NA;NA
NA;NA;NA;NA;NA;NA;NA;NA;NA;NA
NA;NA;NA;NA;NA;NA;NA;NA;NA;NA
NA;NA;NA;NA;NA;NA;NA;NA;NA;NA
NA;NA;NA;NA;NA;NA;NA;NA;NA;NA
NA;NA;NA;NA;NA;NA;NA;NA;NA;NA
NA;NA;NA;NA;NA;NA;NA;NA;NA;NA
NA;NA;NA;NA;NA;NA;NA;NA;NA;NA
NA;NA;NA;NA;NA;NA;NA;NA;NA;NA
NA;NA;NA;NA;NA;NA;NA;NA;NA;NA
NA;NA;NA;NA;NA;NA;NA;NA;NA;NA
NA;NA;NA;NA;NA;NA;NA;NA;NA;NA
NA;NA;NA;NA;NA;NA;NA;NA;NA;NA
NA;NA;NA;NA;NA;NA;NA;NA;NA;NA
NA;NA;NA;NA;NA;NA;NA;NA;NA;NA
NA;NA;NA;NA;NA;NA;NA;NA;NA;NA
NA;NA;NA;NA;NA;NA;NA;NA;NA;NA
NA;NA;NA;NA;NA;NA;NA;NA;NA;NA
NA;NA;NA;NA;NA;NA;NA;NA;NA;NA
NA;NA;NA;NA;NA;NA;NA;NA;NA;NA
NA;NA;NA;NA;NA;NA;NA;NA;NA;NA
NA;NA;NA;NA;NA;NA;NA;NA;NA;NA
NA;NA;NA;NA;NA;NA;NA;NA;NA;NA
NA;NA;NA;NA;NA;NA;NA;NA;NA;NA
NA;NA;NA;NA;NA;NA;NA;NA;NA;NA
NA;NA;NA;NA;NA;NA;NA;NA;NA;NA
NA;NA;NA;NA;NA;NA;NA;NA;NA;NA
NA;NA;NA;NA;NA;NA;NA;NA;NA;NA
NA;NA;NA;NA;NA;NA;NA;NA;NA;NA
NA;NA;NA;NA;NA;NA;NA;NA;NA;NA
NA;NA;NA;NA;NA;NA;NA;NA;NA;NA
NA;NA;NA;NA;NA;NA;NA;NA;NA;NA
NA;NA;NA;NA;NA;NA;NA;NA;NA;NA
NA;NA;NA;NA;NA;NA;NA;NA;NA;NA
NA;NA;NA;NA;NA;NA;NA;NA;NA;NA
NA;NA;NA;NA;NA;NA;NA;NA;NA;NA
NA;NA;NA;NA;NA;NA;NA;NA;NA;NA
NA;NA;NA;NA;NA;NA;NA;NA;NA;NA
NA;NA;NA;NA;NA;NA;NA;NA;NA;NA
NA;NA;NA;NA;NA;NA;NA;NA;NA;NA
NA;NA;NA;NA;NA;NA;NA;NA;NA;NA
NA;NA;NA;NA;NA;NA;NA;NA;NA;NA
NA;NA;NA;NA;NA;NA;NA;NA;NA;NA
NA;NA;NA;NA;NA;NA;NA;NA;NA;NA
NA;NA;NA;NA;NA;NA;NA;NA;NA;NA
NA;NA;NA;NA;NA;NA;NA;NA;NA;NA
NA;NA;NA;NA;NA;NA;NA;NA;NA;NA
NA;NA;NA;NA;NA;NA;NA;NA;NA;NA
NA;NA;NA;NA;NA;NA;NA;NA;NA;NA
NA;NA;NA;NA;NA;NA;NA;NA;NA;NA
NA;NA;NA;NA;NA;NA;NA;NA;NA;NA
NA;NA;NA;NA;NA;NA;NA;NA;NA;NA
NA;NA;NA;NA;NA;NA;NA;NA;NA;NA
NA;NA;NA;NA;NA;NA;NA;NA;NA;NA
NA;NA;NA;NA;NA;NA;NA;NA;NA;NA
NA;NA;NA;NA;NA;NA;NA;NA;NA;NA
NA;NA;NA;NA;NA;NA;NA;NA;NA;NA
NA;NA;NA;NA;NA;NA;NA;NA;NA;NA
NA;NA;NA;NA;NA;NA;NA;NA;NA;NA
NA;NA;NA;NA;NA;NA;NA;NA;NA;NA
NA;NA;NA;NA;NA;NA;NA;NA;NA;NA
NA;NA;NA;NA;NA;NA;NA;NA;NA;NA
NA;NA;NA;NA;NA;NA;NA;NA;NA;NA
NA;NA;NA;NA;NA;NA;NA;NA;NA;NA
NA;NA;NA;NA;NA;NA;NA;NA;NA;NA
NA;NA;NA;NA;NA;NA;NA;NA;NA;NA
NA;NA;NA;NA;NA;NA;NA;NA;NA;NA
NA;NA;NA;NA;NA;NA;NA;NA;NA;NA
NA;NA;NA;NA;NA;NA;NA;NA;NA;NA
NA;NA;NA;NA;NA;NA;NA;NA;NA;NA
NA;NA;NA;NA;NA;NA;NA;NA;NA;NA
NA;NA;NA;NA;NA;NA;NA;NA;NA;NA
NA;NA;NA;NA;NA;NA;NA;NA;NA;NA
NA;NA;NA;NA;NA;NA;NA;NA;NA;NA
NA;NA;NA;NA;NA;NA;NA;NA;NA;NA
NA;NA;NA;NA;NA;NA;NA;NA;NA;NA
NA;NA;NA;NA;NA;NA;NA;NA;NA;NA
NA;NA;NA;NA;NA;NA;NA;NA;NA;NA
NA;NA;NA;NA;NA;NA;NA;NA;NA;NA
NA;NA;NA;NA;NA;NA;NA;NA;NA;NA
NA;NA;NA;NA;NA;NA;NA;NA;NA;NA
NA;NA;NA;NA;NA;NA;NA;NA;NA;NA
NA;NA;NA;NA;NA;NA;NA;NA;NA;NA
NA;NA;NA;NA;NA;NA;NA;NA;NA;NA
NA;NA;NA;NA;NA;NA;NA;NA;NA;NA
NA;NA;NA;NA;NA;NA;NA;NA;NA;NA
NA;NA;NA;NA;NA;NA;NA;NA;NA;NA
NA;NA;NA;NA;NA;NA;NA;NA;NA;NA
NA;NA;NA;NA;NA;NA;NA;NA;NA;NA
NA;NA;NA;NA;NA;NA;NA;NA;NA;NA
NA;NA;NA;NA;NA;NA;NA;NA;NA;NA
NA;NA;NA;NA;NA;NA;NA;NA;NA;NA
NA;NA;NA;NA;NA;NA;NA;NA;NA;NA
NA;NA;NA;NA;NA;NA;NA;NA;NA;NA
NA;NA;NA;NA;NA;NA;NA;NA;NA;NA
NA;NA;NA;NA;NA;NA;NA;NA;NA;NA
NA;NA;NA;NA;NA;NA;NA;NA;NA;NA
NA;NA;NA;NA;NA;NA;NA;NA;NA;NA
NA;NA;NA;NA;NA;NA;NA;NA;NA;NA
NA;NA;NA;NA;NA;NA;NA;NA;NA;NA
NA;NA;NA;NA;NA;NA;NA;NA;NA;NA
NA;NA;NA;NA;NA;NA;NA;NA;NA;NA
NA;NA;NA;NA;NA;NA;NA;NA;NA;NA
NA;NA;NA;NA;NA;NA;NA;NA;NA;NA
NA;NA;NA;NA;NA;NA;NA;NA;NA;NA
NA;NA;NA;NA;NA;NA;NA;NA;NA;NA
NA;NA;NA;NA;NA;NA;NA;NA;NA;NA
NA;NA;NA;NA;NA;NA;NA;NA;NA;NA
NA;NA;NA;NA;NA;NA;NA;NA;NA;NA
NA;NA;NA;NA;NA;NA;NA;NA;NA;NA
NA;NA;NA;NA;NA;NA;NA;NA;NA;NA
NA;NA;NA;NA;NA;NA;NA;NA;NA;NA
NA;NA;NA;NA;NA;NA;NA;NA;NA;NA
NA;NA;NA;NA;NA;NA;NA;NA;NA;NA
NA;NA;NA;NA;NA;NA;NA;NA;NA;NA
NA;NA;NA;NA;NA;NA;NA;NA;NA;NA
NA;NA;NA;NA;NA;NA;NA;NA;NA;NA
NA;NA;NA;NA;NA;NA;NA;NA;NA;NA
NA;NA;NA;NA;NA;NA;NA;NA;NA;NA
NA;NA;NA;NA;NA;NA;NA;NA;NA;NA
NA;NA;NA;NA;NA;NA;NA;NA;NA;NA
NA;NA;NA;NA;NA;NA;NA;NA;NA;NA
NA;NA;NA;NA;NA;NA;NA;NA;NA;NA
NA;NA;NA;NA;NA;NA;NA;NA;NA;NA
NA;NA;NA;NA;NA;NA;NA;NA;NA;NA
NA;NA;NA;NA;NA;NA;NA;NA;NA;NA
NA;NA;NA;NA;NA;NA;NA;NA;NA;NA
NA;NA;NA;NA;NA;NA;NA;NA;NA;NA
NA;NA;NA;NA;NA;NA;NA;NA;NA;NA
NA;NA;NA;NA;NA;NA;NA;NA;NA;NA
NA;NA;NA;NA;NA;NA;NA;NA;NA;NA
NA;NA;NA;NA;NA;NA;NA;NA;NA;NA
NA;NA;NA;NA;NA;NA;NA;NA;NA;NA
NA;NA;NA;NA;NA;NA;NA;NA;NA;NA
NA;NA;NA;NA;NA;NA;NA;NA;NA;NA
NA;NA;NA;NA;NA;NA;NA;NA;NA;NA
NA;NA;NA;NA;NA;NA;NA;NA;NA;NA
NA;NA;NA;NA;NA;NA;NA;NA;NA;NA
NA;NA;NA;NA;NA;NA;NA;NA;NA;NA
NA;NA;NA;NA;NA;NA;NA;NA;NA;NA
NA;NA;NA;NA;NA;NA;NA;NA;NA;NA
NA;NA;NA;NA;NA;NA;NA;NA;NA;NA
NA;NA;NA;NA;NA;NA;NA;NA;NA;NA
NA;NA;NA;NA;NA;NA;NA;NA;NA;NA
NA;NA;NA;NA;NA;NA;NA;NA;NA;NA
NA;NA;NA;NA;NA;NA;NA;NA;NA;NA
NA;NA;NA;NA;NA;NA;NA;NA;NA;NA
NA;NA;NA;NA;NA;NA;NA;NA;NA;NA
NA;NA;NA;NA;NA;NA;NA;NA;NA;NA
NA;NA;NA;NA;NA;NA;NA;NA;NA;NA
NA;NA;NA;NA;NA;NA;NA;NA;NA;NA
NA;NA;NA;NA;NA;NA;NA;NA;NA;NA
NA;NA;NA;NA;NA;NA;NA;NA;NA;NA
NA;NA;NA;NA;NA;NA;NA;NA;NA;NA
NA;NA;NA;NA;NA;NA;NA;NA;NA;NA
NA;NA;NA;NA;NA;NA;NA;NA;NA;NA
NA;NA;NA;NA;NA;NA;NA;NA;NA;NA
NA;NA;NA;NA;NA;NA;NA;NA;NA;NA
NA;NA;NA;NA;NA;NA;NA;NA;NA;NA
NA;NA;NA;NA;NA;NA;NA;NA;NA;NA
NA;NA;NA;NA;NA;NA;NA;NA;NA;NA
NA;NA;NA;NA;NA;NA;NA;NA;NA;NA
NA;NA;NA;NA;NA;NA;NA;NA;NA;NA
NA;NA;NA;NA;NA;NA;NA;NA;NA;NA
NA;NA;NA;NA;NA;NA;NA;NA;NA;NA
NA;NA;NA;NA;NA;NA;NA;NA;NA;NA
NA;NA;NA;NA;NA;NA;NA;NA;NA;NA
NA;NA;NA;NA;NA;NA;NA;NA;NA;NA
NA;NA;NA;NA;NA;NA;NA;NA;NA;NA
NA;NA;NA;NA;NA;NA;NA;NA;NA;NA
NA;NA;NA;NA;NA;NA;NA;NA;NA;NA
NA;NA;NA;NA;NA;NA;NA;NA;NA;NA
NA;NA;NA;NA;NA;NA;NA;NA;NA;NA
NA;NA;NA;NA;NA;NA;NA;NA;NA;NA
NA;NA;NA;NA;NA;NA;NA;NA;NA;NA
NA;NA;NA;NA;NA;NA;NA;NA;NA;NA
NA;NA;NA;NA;NA;NA;NA;NA;NA;NA
NA;NA;NA;NA;NA;NA;NA;NA;NA;NA
NA;NA;NA;NA;NA;NA;NA;NA;NA;NA
NA;NA;NA;NA;NA;NA;NA;NA;NA;NA
NA;NA;NA;NA;NA;NA;NA;NA;NA;NA
NA;NA;NA;NA;NA;NA;NA;NA;NA;NA
NA;NA;NA;NA;NA;NA;NA;NA;NA;NA
NA;NA;NA;NA;NA;NA;NA;NA;NA;NA
NA;NA;NA;NA;NA;NA;NA;NA;NA;NA
NA;NA;NA;NA;NA;NA;NA;NA;NA;NA
NA;NA;NA;NA;NA;NA;NA;NA;NA;NA
NA;NA;NA;NA;NA;NA;NA;NA;NA;NA
NA;NA;NA;NA;NA;NA;NA;NA;NA;NA
NA;NA;NA;NA;NA;NA;NA;NA;NA;NA
NA;NA;NA;NA;NA;NA;NA;NA;NA;NA
NA;NA;NA;NA;NA;NA;NA;NA;NA;NA
NA;NA;NA;NA;NA;NA;NA;NA;NA;NA
NA;NA;NA;NA;NA;NA;NA;NA;NA;NA
NA;NA;NA;NA;NA;NA;NA;NA;NA;NA
NA;NA;NA;NA;NA;NA;NA;NA;NA;NA
NA;NA;NA;NA;NA;NA;NA;NA;NA;NA
NA;NA;NA;NA;NA;NA;NA;NA;NA;NA
NA;NA;NA;NA;NA;NA;NA;NA;NA;NA
NA;NA;NA;NA;NA;NA;NA;NA;NA;NA
NA;NA;NA;NA;NA;NA;NA;NA;NA;NA
NA;NA;NA;NA;NA;NA;NA;NA;NA;NA
NA;NA;NA;NA;NA;NA;NA;NA;NA;NA
NA;NA;NA;NA;NA;NA;NA;NA;NA;NA
NA;NA;NA;NA;NA;NA;NA;NA;NA;NA
NA;NA;NA;NA;NA;NA;NA;NA;NA;NA
NA;NA;NA;NA;NA;NA;NA;NA;NA;NA
NA;NA;NA;NA;NA;NA;NA;NA;NA;NA
NA;NA;NA;NA;NA;NA;NA;NA;NA;NA
NA;NA;NA;NA;NA;NA;NA;NA;NA;NA
NA;NA;NA;NA;NA;NA;NA;NA;NA;NA
NA;NA;NA;NA;NA;NA;NA;NA;NA;NA
NA;NA;NA;NA;NA;NA;NA;NA;NA;NA
NA;NA;NA;NA;NA;NA;NA;NA;NA;NA
NA;NA;NA;NA;NA;NA;NA;NA;NA;NA
NA;NA;NA;NA;NA;NA;NA;NA;NA;NA
NA;NA;NA;NA;NA;NA;NA;NA;NA;NA
NA;NA;NA;NA;NA;NA;NA;NA;NA;NA
NA;NA;NA;NA;NA;NA;NA;NA;NA;NA
NA;NA;NA;NA;NA;NA;NA;NA;NA;NA
NA;NA;NA;NA;NA;NA;NA;NA;NA;NA
NA;NA;NA;NA;NA;NA;NA;NA;NA;NA
NA;NA;NA;NA;NA;NA;NA;NA;NA;NA
NA;NA;NA;NA;NA;NA;NA;NA;NA;NA
NA;NA;NA;NA;NA;NA;NA;NA;NA;NA
NA;NA;NA;NA;NA;NA;NA;NA;NA;NA
NA;NA;NA;NA;NA;NA;NA;NA;NA;NA
NA;NA;NA;NA;NA;NA;NA;NA;NA;NA
NA;NA;NA;NA;NA;NA;NA;NA;NA;NA
NA;NA;NA;NA;NA;NA;NA;NA;NA;NA
NA;NA;NA;NA;NA;NA;NA;NA;NA;NA
NA;NA;NA;NA;NA;NA;NA;NA;NA;NA
NA;NA;NA;NA;NA;NA;NA;NA;NA;NA
NA;NA;NA;NA;NA;NA;NA;NA;NA;NA
NA;NA;NA;NA;NA;NA;NA;NA;NA;NA
NA;NA;NA;NA;NA;NA;NA;NA;NA;NA
NA;NA;NA;NA;NA;NA;NA;NA;NA;NA
NA;NA;NA;NA;NA;NA;NA;NA;NA;NA
NA;NA;NA;NA;NA;NA;NA;NA;NA;NA
NA;NA;NA;NA;NA;NA;NA;NA;NA;NA
NA;NA;NA;NA;NA;NA;NA;NA;NA;NA
NA;NA;NA;NA;NA;NA;NA;NA;NA;NA
NA;NA;NA;NA;NA;NA;NA;NA;NA;NA
NA;NA;NA;NA;NA;NA;NA;NA;NA;NA
NA;NA;NA;NA;NA;NA;NA;NA;NA;NA
NA;NA;NA;NA;NA;NA;NA;NA;NA;NA
NA;NA;NA;NA;NA;NA;NA;NA;NA;NA
NA;NA;NA;NA;NA;NA;NA;NA;NA;NA
NA;NA;NA;NA;NA;NA;NA;NA;NA;NA
NA;NA;NA;NA;NA;NA;NA;NA;NA;NA
NA;NA;NA;NA;NA;NA;NA;NA;NA;NA
NA;NA;NA;NA;NA;NA;NA;NA;NA;NA
NA;NA;NA;NA;NA;NA;NA;NA;NA;NA
NA;NA;NA;NA;NA;NA;NA;NA;NA;NA
NA;NA;NA;NA;NA;NA;NA;NA;NA;NA
NA;NA;NA;NA;NA;NA;NA;NA;NA;NA
NA;NA;NA;NA;NA;NA;NA;NA;NA;NA
NA;NA;NA;NA;NA;NA;NA;NA;NA;NA
NA;NA;NA;NA;NA;NA;NA;NA;NA;NA
NA;NA;NA;NA;NA;NA;NA;NA;NA;NA
NA;NA;NA;NA;NA;NA;NA;NA;NA;NA
NA;NA;NA;NA;NA;NA;NA;NA;NA;NA
NA;NA;NA;NA;NA;NA;NA;NA;NA;NA
NA;NA;NA;NA;NA;NA;NA;NA;NA;NA
NA;NA;NA;NA;NA;NA;NA;NA;NA;NA
NA;NA;NA;NA;NA;NA;NA;NA;NA;NA
NA;NA;NA;NA;NA;NA;NA;NA;NA;NA
NA;NA;NA;NA;NA;NA;NA;NA;NA;NA
NA;NA;NA;NA;NA;NA;NA;NA;NA;NA
NA;NA;NA;NA;NA;NA;NA;NA;NA;NA
NA;NA;NA;NA;NA;NA;NA;NA;NA;NA
NA;NA;NA;NA;NA;NA;NA;NA;NA;NA
NA;NA;NA;NA;NA;NA;NA;NA;NA;NA
NA;NA;NA;NA;NA;NA;NA;NA;NA;NA
NA;NA;NA;NA;NA;NA;NA;NA;NA;NA
NA;NA;NA;NA;NA;NA;NA;NA;NA;NA
NA;NA;NA;NA;NA;NA;NA;NA;NA;NA
NA;NA;NA;NA;NA;NA;NA;NA;NA;NA
NA;NA;NA;NA;NA;NA;NA;NA;NA;NA
NA;NA;NA;NA;NA;NA;NA;NA;NA;NA
NA;NA;NA;NA;NA;NA;NA;NA;NA;NA
NA;NA;NA;NA;NA;NA;NA;NA;NA;NA
NA;NA;NA;NA;NA;NA;NA;NA;NA;NA
NA;NA;NA;NA;NA;NA;NA;NA;NA;NA
NA;NA;NA;NA;NA;NA;NA;NA;NA;NA
NA;NA;NA;NA;NA;NA;NA;NA;NA;NA
NA;NA;NA;NA;NA;NA;NA;NA;NA;NA
NA;NA;NA;NA;NA;NA;NA;NA;NA;NA
NA;NA;NA;NA;NA;NA;NA;NA;NA;NA
NA;NA;NA;NA;NA;NA;NA;NA;NA;NA
NA;NA;NA;NA;NA;NA;NA;NA;NA;NA
NA;NA;NA;NA;NA;NA;NA;NA;NA;NA
NA;NA;NA;NA;NA;NA;NA;NA;NA;NA
NA;NA;NA;NA;NA;NA;NA;NA;NA;NA
NA;NA;NA;NA;NA;NA;NA;NA;NA;NA
NA;NA;NA;NA;NA;NA;NA;NA;NA;NA
NA;NA;NA;NA;NA;NA;NA;NA;NA;NA
NA;NA;NA;NA;NA;NA;NA;NA;NA;NA
NA;NA;NA;NA;NA;NA;NA;NA;NA;NA
NA;NA;NA;NA;NA;NA;NA;NA;NA;NA
NA;NA;NA;NA;NA;NA;NA;NA;NA;NA
NA;NA;NA;NA;NA;NA;NA;NA;NA;NA
NA;NA;NA;NA;NA;NA;NA;NA;NA;NA
NA;NA;NA;NA;NA;NA;NA;NA;NA;NA
NA;NA;NA;NA;NA;NA;NA;NA;NA;NA
NA;NA;NA;NA;NA;NA;NA;NA;NA;NA
NA;NA;NA;NA;NA;NA;NA;NA;NA;NA
NA;NA;NA;NA;NA;NA;NA;NA;NA;NA
NA;NA;NA;NA;NA;NA;NA;NA;NA;NA
NA;NA;NA;NA;NA;NA;NA;NA;NA;NA
NA;NA;NA;NA;NA;NA;NA;NA;NA;NA
NA;NA;NA;NA;NA;NA;NA;NA;NA;NA
NA;NA;NA;NA;NA;NA;NA;NA;NA;NA
NA;NA;NA;NA;NA;NA;NA;NA;NA;NA
NA;NA;NA;NA;NA;NA;NA;NA;NA;NA
NA;NA;NA;NA;NA;NA;NA;NA;NA;NA
NA;NA;NA;NA;NA;NA;NA;NA;NA;NA
NA;NA;NA;NA;NA;NA;NA;NA;NA;NA
NA;NA;NA;NA;NA;NA;NA;NA;NA;NA
NA;NA;NA;NA;NA;NA;NA;NA;NA;NA
NA;NA;NA;NA;NA;NA;NA;NA;NA;NA
NA;NA;NA;NA;NA;NA;NA;NA;NA;NA
NA;NA;NA;NA;NA;NA;NA;NA;NA;NA
NA;NA;NA;NA;NA;NA;NA;NA;NA;NA
NA;NA;NA;NA;NA;NA;NA;NA;NA;NA
NA;NA;NA;NA;NA;NA;NA;NA;NA;NA
NA;NA;NA;NA;NA;NA;NA;NA;NA;NA
NA;NA;NA;NA;NA;NA;NA;NA;NA;NA
NA;NA;NA;NA;NA;NA;NA;NA;NA;NA
NA;NA;NA;NA;NA;NA;NA;NA;NA;NA
NA;NA;NA;NA;NA;NA;NA;NA;NA;NA
NA;NA;NA;NA;NA;NA;NA;NA;NA;NA
NA;NA;NA;NA;NA;NA;NA;NA;NA;NA
NA;NA;NA;NA;NA;NA;NA;NA;NA;NA
NA;NA;NA;NA;NA;NA;NA;NA;NA;NA
NA;NA;NA;NA;NA;NA;NA;NA;NA;NA
NA;NA;NA;NA;NA;NA;NA;NA;NA;NA
NA;NA;NA;NA;NA;NA;NA;NA;NA;NA
NA;NA;NA;NA;NA;NA;NA;NA;NA;NA
NA;NA;NA;NA;NA;NA;NA;NA;NA;NA
NA;NA;NA;NA;NA;NA;NA;NA;NA;NA
NA;NA;NA;NA;NA;NA;NA;NA;NA;NA
NA;NA;NA;NA;NA;NA;NA;NA;NA;NA
NA;NA;NA;NA;NA;NA;NA;NA;NA;NA
NA;NA;NA;NA;NA;NA;NA;NA;NA;NA
NA;NA;NA;NA;NA;NA;NA;NA;NA;NA
NA;NA;NA;NA;NA;NA;NA;NA;NA;NA
NA;NA;NA;NA;NA;NA;NA;NA;NA;NA
NA;NA;NA;NA;NA;NA;NA;NA;NA;NA
NA;NA;NA;NA;NA;NA;NA;NA;NA;NA
NA;NA;NA;NA;NA;NA;NA;NA;NA;NA
NA;NA;NA;NA;NA;NA;NA;NA;NA;NA
NA;NA;NA;NA;NA;NA;NA;NA;NA;NA
NA;NA;NA;NA;NA;NA;NA;NA;NA;NA
NA;NA;NA;NA;NA;NA;NA;NA;NA;NA
NA;NA;NA;NA;NA;NA;NA;NA;NA;NA
NA;NA;NA;NA;NA;NA;NA;NA;NA;NA
NA;NA;NA;NA;NA;NA;NA;NA;NA;NA
NA;NA;NA;NA;NA;NA;NA;NA;NA;NA
NA;NA;NA;NA;NA;NA;NA;NA;NA;NA
NA;NA;NA;NA;NA;NA;NA;NA;NA;NA
NA;NA;NA;NA;NA;NA;NA;NA;NA;NA
NA;NA;NA;NA;NA;NA;NA;NA;NA;NA
NA;NA;NA;NA;NA;NA;NA;NA;NA;NA
NA;NA;NA;NA;NA;NA;NA;NA;NA;NA
NA;NA;NA;NA;NA;NA;NA;NA;NA;NA
NA;NA;NA;NA;NA;NA;NA;NA;NA;NA
NA;NA;NA;NA;NA;NA;NA;NA;NA;NA
NA;NA;NA;NA;NA;NA;NA;NA;NA;NA
NA;NA;NA;NA;NA;NA;NA;NA;NA;NA
NA;NA;NA;NA;NA;NA;NA;NA;NA;NA
NA;NA;NA;NA;NA;NA;NA;NA;NA;NA
NA;NA;NA;NA;NA;NA;NA;NA;NA;NA
NA;NA;NA;NA;NA;NA;NA;NA;NA;NA
NA;NA;NA;NA;NA;NA;NA;NA;NA;NA
NA;NA;NA;NA;NA;NA;NA;NA;NA;NA
NA;NA;NA;NA;NA;NA;NA;NA;NA;NA
NA;NA;NA;NA;NA;NA;NA;NA;NA;NA
NA;NA;NA;NA;NA;NA;NA;NA;NA;NA
NA;NA;NA;NA;NA;NA;NA;NA;NA;NA
NA;NA;NA;NA;NA;NA;NA;NA;NA;NA
NA;NA;NA;NA;NA;NA;NA;NA;NA;NA
NA;NA;NA;NA;NA;NA;NA;NA;NA;NA
NA;NA;NA;NA;NA;NA;NA;NA;NA;NA
NA;NA;NA;NA;NA;NA;NA;NA;NA;NA
NA;NA;NA;NA;NA;NA;NA;NA;NA;NA
NA;NA;NA;NA;NA;NA;NA;NA;NA;NA
NA;NA;NA;NA;NA;NA;NA;NA;NA;NA
NA;NA;NA;NA;NA;NA;NA;NA;NA;NA
NA;NA;NA;NA;NA;NA;NA;NA;NA;NA
NA;NA;NA;NA;NA;NA;NA;NA;NA;NA
NA;NA;NA;NA;NA;NA;NA;NA;NA;NA
NA;NA;NA;NA;NA;NA;NA;NA;NA;NA
NA;NA;NA;NA;NA;NA;NA;NA;NA;NA
NA;NA;NA;NA;NA;NA;NA;NA;NA;NA
NA;NA;NA;NA;NA;NA;NA;NA;NA;NA
NA;NA;NA;NA;NA;NA;NA;NA;NA;NA
NA;NA;NA;NA;NA;NA;NA;NA;NA;NA
NA;NA;NA;NA;NA;NA;NA;NA;NA;NA
NA;NA;NA;NA;NA;NA;NA;NA;NA;NA
NA;NA;NA;NA;NA;NA;NA;NA;NA;NA
NA;NA;NA;NA;NA;NA;NA;NA;NA;NA
NA;NA;NA;NA;NA;NA;NA;NA;NA;NA
NA;NA;NA;NA;NA;NA;NA;NA;NA;NA
NA;NA;NA;NA;NA;NA;NA;NA;NA;NA
NA;NA;NA;NA;NA;NA;NA;NA;NA;NA
NA;NA;NA;NA;NA;NA;NA;NA;NA;NA
NA;NA;NA;NA;NA;NA;NA;NA;NA;NA
NA;NA;NA;NA;NA;NA;NA;NA;NA;NA
NA;NA;NA;NA;NA;NA;NA;NA;NA;NA
NA;NA;NA;NA;NA;NA;NA;NA;NA;NA
NA;NA;NA;NA;NA;NA;NA;NA;NA;NA
NA;NA;NA;NA;NA;NA;NA;NA;NA;NA
NA;NA;NA;NA;NA;NA;NA;NA;NA;NA
NA;NA;NA;NA;NA;NA;NA;NA;NA;NA
NA;NA;NA;NA;NA;NA;NA;NA;NA;NA
NA;NA;NA;NA;NA;NA;NA;NA;NA;NA
NA;NA;NA;NA;NA;NA;NA;NA;NA;NA
NA;NA;NA;NA;NA;NA;NA;NA;NA;NA
NA;NA;NA;NA;NA;NA;NA;NA;NA;NA
NA;NA;NA;NA;NA;NA;NA;NA;NA;NA
NA;NA;NA;NA;NA;NA;NA;NA;NA;NA
NA;NA;NA;NA;NA;NA;NA;NA;NA;NA
NA;NA;NA;NA;NA;NA;NA;NA;NA;NA
NA;NA;NA;NA;NA;NA;NA;NA;NA;NA
NA;NA;NA;NA;NA;NA;NA;NA;NA;NA
NA;NA;NA;NA;NA;NA;NA;NA;NA;NA
NA;NA;NA;NA;NA;NA;NA;NA;NA;NA
NA;NA;NA;NA;NA;NA;NA;NA;NA;NA
NA;NA;NA;NA;NA;NA;NA;NA;NA;NA
NA;NA;NA;NA;NA;NA;NA;NA;NA;NA
NA;NA;NA;NA;NA;NA;NA;NA;NA;NA
NA;NA;NA;NA;NA;NA;NA;NA;NA;NA
NA;NA;NA;NA;NA;NA;NA;NA;NA;NA
NA;NA;NA;NA;NA;NA;NA;NA;NA;NA
NA;NA;NA;NA;NA;NA;NA;NA;NA;NA
NA;NA;NA;NA;NA;NA;NA;NA;NA;NA
NA;NA;NA;NA;NA;NA;NA;NA;NA;NA
NA;NA;NA;NA;NA;NA;NA;NA;NA;NA
NA;NA;NA;NA;NA;NA;NA;NA;NA;NA
NA;NA;NA;NA;NA;NA;NA;NA;NA;NA
NA;NA;NA;NA;NA;NA;NA;NA;NA;NA
NA;NA;NA;NA;NA;NA;NA;NA;NA;NA
NA;NA;NA;NA;NA;NA;NA;NA;NA;NA
NA;NA;NA;NA;NA;NA;NA;NA;NA;NA
NA;NA;NA;NA;NA;NA;NA;NA;NA;NA
NA;NA;NA;NA;NA;NA;NA;NA;NA;NA
NA;NA;NA;NA;NA;NA;NA;NA;NA;NA
NA;NA;NA;NA;NA;NA;NA;NA;NA;NA
NA;NA;NA;NA;NA;NA;NA;NA;NA;NA
NA;NA;NA;NA;NA;NA;NA;NA;NA;NA
NA;NA;NA;NA;NA;NA;NA;NA;NA;NA
NA;NA;NA;NA;NA;NA;NA;NA;NA;NA
NA;NA;NA;NA;NA;NA;NA;NA;NA;NA
NA;NA;NA;NA;NA;NA;NA;NA;NA;NA
NA;NA;NA;NA;NA;NA;NA;NA;NA;NA
NA;NA;NA;NA;NA;NA;NA;NA;NA;NA
NA;NA;NA;NA;NA;NA;NA;NA;NA;NA
NA;NA;NA;NA;NA;NA;NA;NA;NA;NA
NA;NA;NA;NA;NA;NA;NA;NA;NA;NA
NA;NA;NA;NA;NA;NA;NA;NA;NA;NA
NA;NA;NA;NA;NA;NA;NA;NA;NA;NA
NA;NA;NA;NA;NA;NA;NA;NA;NA;NA
NA;NA;NA;NA;NA;NA;NA;NA;NA;NA
NA;NA;NA;NA;NA;NA;NA;NA;NA;NA
NA;NA;NA;NA;NA;NA;NA;NA;NA;NA
NA;NA;NA;NA;NA;NA;NA;NA;NA;NA
NA;NA;NA;NA;NA;NA;NA;NA;NA;NA
NA;NA;NA;NA;NA;NA;NA;NA;NA;NA
NA;NA;NA;NA;NA;NA;NA;NA;NA;NA
NA;NA;NA;NA;NA;NA;NA;NA;NA;NA
NA;NA;NA;NA;NA;NA;NA;NA;NA;NA
NA;NA;NA;NA;NA;NA;NA;NA;NA;NA
NA;NA;NA;NA;NA;NA;NA;NA;NA;NA
NA;NA;NA;NA;NA;NA;NA;NA;NA;NA
NA;NA;NA;NA;NA;NA;NA;NA;NA;NA
NA;NA;NA;NA;NA;NA;NA;NA;NA;NA
NA;NA;NA;NA;NA;NA;NA;NA;NA;NA
NA;NA;NA;NA;NA;NA;NA;NA;NA;NA
NA;NA;NA;NA;NA;NA;NA;NA;NA;NA
NA;NA;NA;NA;NA;NA;NA;NA;NA;NA
NA;NA;NA;NA;NA;NA;NA;NA;NA;NA
NA;NA;NA;NA;NA;NA;NA;NA;NA;NA
NA;NA;NA;NA;NA;NA;NA;NA;NA;NA
NA;NA;NA;NA;NA;NA;NA;NA;NA;NA
NA;NA;NA;NA;NA;NA;NA;NA;NA;NA
NA;NA;NA;NA;NA;NA;NA;NA;NA;NA
NA;NA;NA;NA;NA;NA;NA;NA;NA;NA
NA;NA;NA;NA;NA;NA;NA;NA;NA;NA
NA;NA;NA;NA;NA;NA;NA;NA;NA;NA
NA;NA;NA;NA;NA;NA;NA;NA;NA;NA
NA;NA;NA;NA;NA;NA;NA;NA;NA;NA
NA;NA;NA;NA;NA;NA;NA;NA;NA;NA
NA;NA;NA;NA;NA;NA;NA;NA;NA;NA
NA;NA;NA;NA;NA;NA;NA;NA;NA;NA
NA;NA;NA;NA;NA;NA;NA;NA;NA;NA
NA;NA;NA;NA;NA;NA;NA;NA;NA;NA
NA;NA;NA;NA;NA;NA;NA;NA;NA;NA
NA;NA;NA;NA;NA;NA;NA;NA;NA;NA
NA;NA;NA;NA;NA;NA;NA;NA;NA;NA
NA;NA;NA;NA;NA;NA;NA;NA;NA;NA
NA;NA;NA;NA;NA;NA;NA;NA;NA;NA
NA;NA;NA;NA;NA;NA;NA;NA;NA;NA
NA;NA;NA;NA;NA;NA;NA;NA;NA;NA
NA;NA;NA;NA;NA;NA;NA;NA;NA;NA
NA;NA;NA;NA;NA;NA;NA;NA;NA;NA
NA;NA;NA;NA;NA;NA;NA;NA;NA;NA
NA;NA;NA;NA;NA;NA;NA;NA;NA;NA
NA;NA;NA;NA;NA;NA;NA;NA;NA;NA
NA;NA;NA;NA;NA;NA;NA;NA;NA;NA
NA;NA;NA;NA;NA;NA;NA;NA;NA;NA
NA;NA;NA;NA;NA;NA;NA;NA;NA;NA
NA;NA;NA;NA;NA;NA;NA;NA;NA;NA
NA;NA;NA;NA;NA;NA;NA;NA;NA;NA
NA;NA;NA;NA;NA;NA;NA;NA;NA;NA
NA;NA;NA;NA;NA;NA;NA;NA;NA;NA
NA;NA;NA;NA;NA;NA;NA;NA;NA;NA
NA;NA;NA;NA;NA;NA;NA;NA;NA;NA
NA;NA;NA;NA;NA;NA;NA;NA;NA;NA
NA;NA;NA;NA;NA;NA;NA;NA;NA;NA
NA;NA;NA;NA;NA;NA;NA;NA;NA;NA
NA;NA;NA;NA;NA;NA;NA;NA;NA;NA
NA;NA;NA;NA;NA;NA;NA;NA;NA;NA
NA;NA;NA;NA;NA;NA;NA;NA;NA;NA
NA;NA;NA;NA;NA;NA;NA;NA;NA;NA
NA;NA;NA;NA;NA;NA;NA;NA;NA;NA
NA;NA;NA;NA;NA;NA;NA;NA;NA;NA
NA;NA;NA;NA;NA;NA;NA;NA;NA;NA
NA;NA;NA;NA;NA;NA;NA;NA;NA;NA
NA;NA;NA;NA;NA;NA;NA;NA;NA;NA
NA;NA;NA;NA;NA;NA;NA;NA;NA;NA
NA;NA;NA;NA;NA;NA;NA;NA;NA;NA
NA;NA;NA;NA;NA;NA;NA;NA;NA;NA
NA;NA;NA;NA;NA;NA;NA;NA;NA;NA
NA;NA;NA;NA;NA;NA;NA;NA;NA;NA
NA;NA;NA;NA;NA;NA;NA;NA;NA;NA
NA;NA;NA;NA;NA;NA;NA;NA;NA;NA
NA;NA;NA;NA;NA;NA;NA;NA;NA;NA
NA;NA;NA;NA;NA;NA;NA;NA;NA;NA
NA;NA;NA;NA;NA;NA;NA;NA;NA;NA
NA;NA;NA;NA;NA;NA;NA;NA;NA;NA
NA;NA;NA;NA;NA;NA;NA;NA;NA;NA
NA;NA;NA;NA;NA;NA;NA;NA;NA;NA
NA;NA;NA;NA;NA;NA;NA;NA;NA;NA
NA;NA;NA;NA;NA;NA;NA;NA;NA;NA
NA;NA;NA;NA;NA;NA;NA;NA;NA;NA
NA;NA;NA;NA;NA;NA;NA;NA;NA;NA
NA;NA;NA;NA;NA;NA;NA;NA;NA;NA
NA;NA;NA;NA;NA;NA;NA;NA;NA;NA
NA;NA;NA;NA;NA;NA;NA;NA;NA;NA
NA;NA;NA;NA;NA;NA;NA;NA;NA;NA
NA;NA;NA;NA;NA;NA;NA;NA;NA;NA
NA;NA;NA;NA;NA;NA;NA;NA;NA;NA
NA;NA;NA;NA;NA;NA;NA;NA;NA;NA
NA;NA;NA;NA;NA;NA;NA;NA;NA;NA
NA;NA;NA;NA;NA;NA;NA;NA;NA;NA
NA;NA;NA;NA;NA;NA;NA;NA;NA;NA
NA;NA;NA;NA;NA;NA;NA;NA;NA;NA
NA;NA;NA;NA;NA;NA;NA;NA;NA;NA
NA;NA;NA;NA;NA;NA;NA;NA;NA;NA
NA;NA;NA;NA;NA;NA;NA;NA;NA;NA
NA;NA;NA;NA;NA;NA;NA;NA;NA;NA
NA;NA;NA;NA;NA;NA;NA;NA;NA;NA
NA;NA;NA;NA;NA;NA;NA;NA;NA;NA
NA;NA;NA;NA;NA;NA;NA;NA;NA;NA
NA;NA;NA;NA;NA;NA;NA;NA;NA;NA
NA;NA;NA;NA;NA;NA;NA;NA;NA;NA
NA;NA;NA;NA;NA;NA;NA;NA;NA;NA
NA;NA;NA;NA;NA;NA;NA;NA;NA;NA
NA;NA;NA;NA;NA;NA;NA;NA;NA;NA
NA;NA;NA;NA;NA;NA;NA;NA;NA;NA
NA;NA;NA;NA;NA;NA;NA;NA;NA;NA
NA;NA;NA;NA;NA;NA;NA;NA;NA;NA
NA;NA;NA;NA;NA;NA;NA;NA;NA;NA
NA;NA;NA;NA;NA;NA;NA;NA;NA;NA
NA;NA;NA;NA;NA;NA;NA;NA;NA;NA
NA;NA;NA;NA;NA;NA;NA;NA;NA;NA
NA;NA;NA;NA;NA;NA;NA;NA;NA;NA
NA;NA;NA;NA;NA;NA;NA;NA;NA;NA
NA;NA;NA;NA;NA;NA;NA;NA;NA;NA
NA;NA;NA;NA;NA;NA;NA;NA;NA;NA
NA;NA;NA;NA;NA;NA;NA;NA;NA;NA
NA;NA;NA;NA;NA;NA;NA;NA;NA;NA
NA;NA;NA;NA;NA;NA;NA;NA;NA;NA
NA;NA;NA;NA;NA;NA;NA;NA;NA;NA
NA;NA;NA;NA;NA;NA;NA;NA;NA;NA
NA;NA;NA;NA;NA;NA;NA;NA;NA;NA
NA;NA;NA;NA;NA;NA;NA;NA;NA;NA
NA;NA;NA;NA;NA;NA;NA;NA;NA;NA
NA;NA;NA;NA;NA;NA;NA;NA;NA;NA
NA;NA;NA;NA;NA;NA;NA;NA;NA;NA
NA;NA;NA;NA;NA;NA;NA;NA;NA;NA
NA;NA;NA;NA;NA;NA;NA;NA;NA;NA
NA;NA;NA;NA;NA;NA;NA;NA;NA;NA
NA;NA;NA;NA;NA;NA;NA;NA;NA;NA
NA;NA;NA;NA;NA;NA;NA;NA;NA;NA
NA;NA;NA;NA;NA;NA;NA;NA;NA;NA
NA;NA;NA;NA;NA;NA;NA;NA;NA;NA
NA;NA;NA;NA;NA;NA;NA;NA;NA;NA
NA;NA;NA;NA;NA;NA;NA;NA;NA;NA
NA;NA;NA;NA;NA;NA;NA;NA;NA;NA
NA;NA;NA;NA;NA;NA;NA;NA;NA;NA
NA;NA;NA;NA;NA;NA;NA;NA;NA;NA
NA;NA;NA;NA;NA;NA;NA;NA;NA;NA
NA;NA;NA;NA;NA;NA;NA;NA;NA;NA
NA;NA;NA;NA;NA;NA;NA;NA;NA;NA
NA;NA;NA;NA;NA;NA;NA;NA;NA;NA
NA;NA;NA;NA;NA;NA;NA;NA;NA;NA
NA;NA;NA;NA;NA;NA;NA;NA;NA;NA
NA;NA;NA;NA;NA;NA;NA;NA;NA;NA
NA;NA;NA;NA;NA;NA;NA;NA;NA;NA
NA;NA;NA;NA;NA;NA;NA;NA;NA;NA
NA;NA;NA;NA;NA;NA;NA;NA;NA;NA
NA;NA;NA;NA;NA;NA;NA;NA;NA;NA
NA;NA;NA;NA;NA;NA;NA;NA;NA;NA
NA;NA;NA;NA;NA;NA;NA;NA;NA;NA
NA;NA;NA;NA;NA;NA;NA;NA;NA;NA
NA;NA;NA;NA;NA;NA;NA;NA;NA;NA
NA;NA;NA;NA;NA;NA;NA;NA;NA;NA
NA;NA;NA;NA;NA;NA;NA;NA;NA;NA
NA;NA;NA;NA;NA;NA;NA;NA;NA;NA
NA;NA;NA;NA;NA;NA;NA;NA;NA;NA
NA;NA;NA;NA;NA;NA;NA;NA;NA;NA
NA;NA;NA;NA;NA;NA;NA;NA;NA;NA
NA;NA;NA;NA;NA;NA;NA;NA;NA;NA
NA;NA;NA;NA;NA;NA;NA;NA;NA;NA
NA;NA;NA;NA;NA;NA;NA;NA;NA;NA
NA;NA;NA;NA;NA;NA;NA;NA;NA;NA
NA;NA;NA;NA;NA;NA;NA;NA;NA;NA
NA;NA;NA;NA;NA;NA;NA;NA;NA;NA
NA;NA;NA;NA;NA;NA;NA;NA;NA;NA
NA;NA;NA;NA;NA;NA;NA;NA;NA;NA
NA;NA;NA;NA;NA;NA;NA;NA;NA;NA
NA;NA;NA;NA;NA;NA;NA;NA;NA;NA
NA;NA;NA;NA;NA;NA;NA;NA;NA;NA
NA;NA;NA;NA;NA;NA;NA;NA;NA;NA
NA;NA;NA;NA;NA;NA;NA;NA;NA;NA
NA;NA;NA;NA;NA;NA;NA;NA;NA;NA
NA;NA;NA;NA;NA;NA;NA;NA;NA;NA
NA;NA;NA;NA;NA;NA;NA;NA;NA;NA
NA;NA;NA;NA;NA;NA;NA;NA;NA;NA
NA;NA;NA;NA;NA;NA;NA;NA;NA;NA
NA;NA;NA;NA;NA;NA;NA;NA;NA;NA
NA;NA;NA;NA;NA;NA;NA;NA;NA;NA
NA;NA;NA;NA;NA;NA;NA;NA;NA;NA
NA;NA;NA;NA;NA;NA;NA;NA;NA;NA
NA;NA;NA;NA;NA;NA;NA;NA;NA;NA
NA;NA;NA;NA;NA;NA;NA;NA;NA;NA
NA;NA;NA;NA;NA;NA;NA;NA;NA;NA
NA;NA;NA;NA;NA;NA;NA;NA;NA;NA
NA;NA;NA;NA;NA;NA;NA;NA;NA;NA
NA;NA;NA;NA;NA;NA;NA;NA;NA;NA
NA;NA;NA;NA;NA;NA;NA;NA;NA;NA
NA;NA;NA;NA;NA;NA;NA;NA;NA;NA
NA;NA;NA;NA;NA;NA;NA;NA;NA;NA
NA;NA;NA;NA;NA;NA;NA;NA;NA;NA
NA;NA;NA;NA;NA;NA;NA;NA;NA;NA
NA;NA;NA;NA;NA;NA;NA;NA;NA;NA
NA;NA;NA;NA;NA;NA;NA;NA;NA;NA
NA;NA;NA;NA;NA;NA;NA;NA;NA;NA
NA;NA;NA;NA;NA;NA;NA;NA;NA;NA
NA;NA;NA;NA;NA;NA;NA;NA;NA;NA
NA;NA;NA;NA;NA;NA;NA;NA;NA;NA
NA;NA;NA;NA;NA;NA;NA;NA;NA;NA
NA;NA;NA;NA;NA;NA;NA;NA;NA;NA
NA;NA;NA;NA;NA;NA;NA;NA;NA;NA
NA;NA;NA;NA;NA;NA;NA;NA;NA;NA
NA;NA;NA;NA;NA;NA;NA;NA;NA;NA
NA;NA;NA;NA;NA;NA;NA;NA;NA;NA
NA;NA;NA;NA;NA;NA;NA;NA;NA;NA
NA;NA;NA;NA;NA;NA;NA;NA;NA;NA
NA;NA;NA;NA;NA;NA;NA;NA;NA;NA
NA;NA;NA;NA;NA;NA;NA;NA;NA;NA
NA;NA;NA;NA;NA;NA;NA;NA;NA;NA
NA;NA;NA;NA;NA;NA;NA;NA;NA;NA
NA;NA;NA;NA;NA;NA;NA;NA;NA;NA
NA;NA;NA;NA;NA;NA;NA;NA;NA;NA
NA;NA;NA;NA;NA;NA;NA;NA;NA;NA
NA;NA;NA;NA;NA;NA;NA;NA;NA;NA
NA;NA;NA;NA;NA;NA;NA;NA;NA;NA
NA;NA;NA;NA;NA;NA;NA;NA;NA;NA
NA;NA;NA;NA;NA;NA;NA;NA;NA;NA
NA;NA;NA;NA;NA;NA;NA;NA;NA;NA
NA;NA;NA;NA;NA;NA;NA;NA;NA;NA
NA;NA;NA;NA;NA;NA;NA;NA;NA;NA
NA;NA;NA;NA;NA;NA;NA;NA;NA;NA
NA;NA;NA;NA;NA;NA;NA;NA;NA;NA
NA;NA;NA;NA;NA;NA;NA;NA;NA;NA
NA;NA;NA;NA;NA;NA;NA;NA;NA;NA
NA;NA;NA;NA;NA;NA;NA;NA;NA;NA
NA;NA;NA;NA;NA;NA;NA;NA;NA;NA
NA;NA;NA;NA;NA;NA;NA;NA;NA;NA
NA;NA;NA;NA;NA;NA;NA;NA;NA;NA
NA;NA;NA;NA;NA;NA;NA;NA;NA;NA
NA;NA;NA;NA;NA;NA;NA;NA;NA;NA
NA;NA;NA;NA;NA;NA;NA;NA;NA;NA
NA;NA;NA;NA;NA;NA;NA;NA;NA;NA
NA;NA;NA;NA;NA;NA;NA;NA;NA;NA
NA;NA;NA;NA;NA;NA;NA;NA;NA;NA
NA;NA;NA;NA;NA;NA;NA;NA;NA;NA
NA;NA;NA;NA;NA;NA;NA;NA;NA;NA
NA;NA;NA;NA;NA;NA;NA;NA;NA;NA
NA;NA;NA;NA;NA;NA;NA;NA;NA;NA
NA;NA;NA;NA;NA;NA;NA;NA;NA;NA
NA;NA;NA;NA;NA;NA;NA;NA;NA;NA
NA;NA;NA;NA;NA;NA;NA;NA;NA;NA
NA;NA;NA;NA;NA;NA;NA;NA;NA;NA
NA;NA;NA;NA;NA;NA;NA;NA;NA;NA
NA;NA;NA;NA;NA;NA;NA;NA;NA;NA
NA;NA;NA;NA;NA;NA;NA;NA;NA;NA
NA;NA;NA;NA;NA;NA;NA;NA;NA;NA
NA;NA;NA;NA;NA;NA;NA;NA;NA;NA
NA;NA;NA;NA;NA;NA;NA;NA;NA;NA
NA;NA;NA;NA;NA;NA;NA;NA;NA;NA
NA;NA;NA;NA;NA;NA;NA;NA;NA;NA
NA;NA;NA;NA;NA;NA;NA;NA;NA;NA
NA;NA;NA;NA;NA;NA;NA;NA;NA;NA
NA;NA;NA;NA;NA;NA;NA;NA;NA;NA
NA;NA;NA;NA;NA;NA;NA;NA;NA;NA
NA;NA;NA;NA;NA;NA;NA;NA;NA;NA
NA;NA;NA;NA;NA;NA;NA;NA;NA;NA
NA;NA;NA;NA;NA;NA;NA;NA;NA;NA
NA;NA;NA;NA;NA;NA;NA;NA;NA;NA
NA;NA;NA;NA;NA;NA;NA;NA;NA;NA
NA;NA;NA;NA;NA;NA;NA;NA;NA;NA
NA;NA;NA;NA;NA;NA;NA;NA;NA;NA
NA;NA;NA;NA;NA;NA;NA;NA;NA;NA
NA;NA;NA;NA;NA;NA;NA;NA;NA;NA
NA;NA;NA;NA;NA;NA;NA;NA;NA;NA
NA;NA;NA;NA;NA;NA;NA;NA;NA;NA
NA;NA;NA;NA;NA;NA;NA;NA;NA;NA
NA;NA;NA;NA;NA;NA;NA;NA;NA;NA
NA;NA;NA;NA;NA;NA;NA;NA;NA;NA
NA;NA;NA;NA;NA;NA;NA;NA;NA;NA
NA;NA;NA;NA;NA;NA;NA;NA;NA;NA
NA;NA;NA;NA;NA;NA;NA;NA;NA;NA
NA;NA;NA;NA;NA;NA;NA;NA;NA;NA
NA;NA;NA;NA;NA;NA;NA;NA;NA;NA
NA;NA;NA;NA;NA;NA;NA;NA;NA;NA
NA;NA;NA;NA;NA;NA;NA;NA;NA;NA
NA;NA;NA;NA;NA;NA;NA;NA;NA;NA
NA;NA;NA;NA;NA;NA;NA;NA;NA;NA
NA;NA;NA;NA;NA;NA;NA;NA;NA;NA
NA;NA;NA;NA;NA;NA;NA;NA;NA;NA
NA;NA;NA;NA;NA;NA;NA;NA;NA;NA
NA;NA;NA;NA;NA;NA;NA;NA;NA;NA
NA;NA;NA;NA;NA;NA;NA;NA;NA;NA
NA;NA;NA;NA;NA;NA;NA;NA;NA;NA
NA;NA;NA;NA;NA;NA;NA;NA;NA;NA
NA;NA;NA;NA;NA;NA;NA;NA;NA;NA
NA;NA;NA;NA;NA;NA;NA;NA;NA;NA
NA;NA;NA;NA;NA;NA;NA;NA;NA;NA
NA;NA;NA;NA;NA;NA;NA;NA;NA;NA
NA;NA;NA;NA;NA;NA;NA;NA;NA;NA
NA;NA;NA;NA;NA;NA;NA;NA;NA;NA
NA;NA;NA;NA;NA;NA;NA;NA;NA;NA
NA;NA;NA;NA;NA;NA;NA;NA;NA;NA
NA;NA;NA;NA;NA;NA;NA;NA;NA;NA
NA;NA;NA;NA;NA;NA;NA;NA;NA;NA
NA;NA;NA;NA;NA;NA;NA;NA;NA;NA
NA;NA;NA;NA;NA;NA;NA;NA;NA;NA
NA;NA;NA;NA;NA;NA;NA;NA;NA;NA
NA;NA;NA;NA;NA;NA;NA;NA;NA;NA
NA;NA;NA;NA;NA;NA;NA;NA;NA;NA
NA;NA;NA;NA;NA;NA;NA;NA;NA;NA
NA;NA;NA;NA;NA;NA;NA;NA;NA;NA
NA;NA;NA;NA;NA;NA;NA;NA;NA;NA
NA;NA;NA;NA;NA;NA;NA;NA;NA;NA
NA;NA;NA;NA;NA;NA;NA;NA;NA;NA
NA;NA;NA;NA;NA;NA;NA;NA;NA;NA
NA;NA;NA;NA;NA;NA;NA;NA;NA;NA
NA;NA;NA;NA;NA;NA;NA;NA;NA;NA
NA;NA;NA;NA;NA;NA;NA;NA;NA;NA
NA;NA;NA;NA;NA;NA;NA;NA;NA;NA
NA;NA;NA;NA;NA;NA;NA;NA;NA;NA
NA;NA;NA;NA;NA;NA;NA;NA;NA;NA
NA;NA;NA;NA;NA;NA;NA;NA;NA;NA
NA;NA;NA;NA;NA;NA;NA;NA;NA;NA
NA;NA;NA;NA;NA;NA;NA;NA;NA;NA
NA;NA;NA;NA;NA;NA;NA;NA;NA;NA
NA;NA;NA;NA;NA;NA;NA;NA;NA;NA
NA;NA;NA;NA;NA;NA;NA;NA;NA;NA
NA;NA;NA;NA;NA;NA;NA;NA;NA;NA
NA;NA;NA;NA;NA;NA;NA;NA;NA;NA
NA;NA;NA;NA;NA;NA;NA;NA;NA;NA
NA;NA;NA;NA;NA;NA;NA;NA;NA;NA
NA;NA;NA;NA;NA;NA;NA;NA;NA;NA
NA;NA;NA;NA;NA;NA;NA;NA;NA;NA
NA;NA;NA;NA;NA;NA;NA;NA;NA;NA
NA;NA;NA;NA;NA;NA;NA;NA;NA;NA
NA;NA;NA;NA;NA;NA;NA;NA;NA;NA
NA;NA;NA;NA;NA;NA;NA;NA;NA;NA
NA;NA;NA;NA;NA;NA;NA;NA;NA;NA
NA;NA;NA;NA;NA;NA;NA;NA;NA;NA
NA;NA;NA;NA;NA;NA;NA;NA;NA;NA
NA;NA;NA;NA;NA;NA;NA;NA;NA;NA
NA;NA;NA;NA;NA;NA;NA;NA;NA;NA
NA;NA;NA;NA;NA;NA;NA;NA;NA;NA
NA;NA;NA;NA;NA;NA;NA;NA;NA;NA
NA;NA;NA;NA;NA;NA;NA;NA;NA;NA
NA;NA;NA;NA;NA;NA;NA;NA;NA;NA
NA;NA;NA;NA;NA;NA;NA;NA;NA;NA
NA;NA;NA;NA;NA;NA;NA;NA;NA;NA
NA;NA;NA;NA;NA;NA;NA;NA;NA;NA
NA;NA;NA;NA;NA;NA;NA;NA;NA;NA
NA;NA;NA;NA;NA;NA;NA;NA;NA;NA
NA;NA;NA;NA;NA;NA;NA;NA;NA;NA
NA;NA;NA;NA;NA;NA;NA;NA;NA;NA
NA;NA;NA;NA;NA;NA;NA;NA;NA;NA
NA;NA;NA;NA;NA;NA;NA;NA;NA;NA
NA;NA;NA;NA;NA;NA;NA;NA;NA;NA
NA;NA;NA;NA;NA;NA;NA;NA;NA;NA
NA;NA;NA;NA;NA;NA;NA;NA;NA;NA
NA;NA;NA;NA;NA;NA;NA;NA;NA;NA
NA;NA;NA;NA;NA;NA;NA;NA;NA;NA
NA;NA;NA;NA;NA;NA;NA;NA;NA;NA
NA;NA;NA;NA;NA;NA;NA;NA;NA;NA
NA;NA;NA;NA;NA;NA;NA;NA;NA;NA
NA;NA;NA;NA;NA;NA;NA;NA;NA;NA
NA;NA;NA;NA;NA;NA;NA;NA;NA;NA
NA;NA;NA;NA;NA;NA;NA;NA;NA;NA
NA;NA;NA;NA;NA;NA;NA;NA;NA;NA
NA;NA;NA;NA;NA;NA;NA;NA;NA;NA
NA;NA;NA;NA;NA;NA;NA;NA;NA;NA
NA;NA;NA;NA;NA;NA;NA;NA;NA;NA
NA;NA;NA;NA;NA;NA;NA;NA;NA;NA
NA;NA;NA;NA;NA;NA;NA;NA;NA;NA
NA;NA;NA;NA;NA;NA;NA;NA;NA;NA
NA;NA;NA;NA;NA;NA;NA;NA;NA;NA
NA;NA;NA;NA;NA;NA;NA;NA;NA;NA
NA;NA;NA;NA;NA;NA;NA;NA;NA;NA
NA;NA;NA;NA;NA;NA;NA;NA;NA;NA
NA;NA;NA;NA;NA;NA;NA;NA;NA;NA
NA;NA;NA;NA;NA;NA;NA;NA;NA;NA
NA;NA;NA;NA;NA;NA;NA;NA;NA;NA
NA;NA;NA;NA;NA;NA;NA;NA;NA;NA
NA;NA;NA;NA;NA;NA;NA;NA;NA;NA
NA;NA;NA;NA;NA;NA;NA;NA;NA;NA
NA;NA;NA;NA;NA;NA;NA;NA;NA;NA
NA;NA;NA;NA;NA;NA;NA;NA;NA;NA
NA;NA;NA;NA;NA;NA;NA;NA;NA;NA
NA;NA;NA;NA;NA;NA;NA;NA;NA;NA
NA;NA;NA;NA;NA;NA;NA;NA;NA;NA
NA;NA;NA;NA;NA;NA;NA;NA;NA;NA
NA;NA;NA;NA;NA;NA;NA;NA;NA;NA
NA;NA;NA;NA;NA;NA;NA;NA;NA;NA
NA;NA;NA;NA;NA;NA;NA;NA;NA;NA
NA;NA;NA;NA;NA;NA;NA;NA;NA;NA
NA;NA;NA;NA;NA;NA;NA;NA;NA;NA
NA;NA;NA;NA;NA;NA;NA;NA;NA;NA
NA;NA;NA;NA;NA;NA;NA;NA;NA;NA
NA;NA;NA;NA;NA;NA;NA;NA;NA;NA
NA;NA;NA;NA;NA;NA;NA;NA;NA;NA
NA;NA;NA;NA;NA;NA;NA;NA;NA;NA
NA;NA;NA;NA;NA;NA;NA;NA;NA;NA
NA;NA;NA;NA;NA;NA;NA;NA;NA;NA
NA;NA;NA;NA;NA;NA;NA;NA;NA;NA
NA;NA;NA;NA;NA;NA;NA;NA;NA;NA
NA;NA;NA;NA;NA;NA;NA;NA;NA;NA
NA;NA;NA;NA;NA;NA;NA;NA;NA;NA
NA;NA;NA;NA;NA;NA;NA;NA;NA;NA
NA;NA;NA;NA;NA;NA;NA;NA;NA;NA
NA;NA;NA;NA;NA;NA;NA;NA;NA;NA
NA;NA;NA;NA;NA;NA;NA;NA;NA;NA
NA;NA;NA;NA;NA;NA;NA;NA;NA;NA
NA;NA;NA;NA;NA;NA;NA;NA;NA;NA
NA;NA;NA;NA;NA;NA;NA;NA;NA;NA
NA;NA;NA;NA;NA;NA;NA;NA;NA;NA
NA;NA;NA;NA;NA;NA;NA;NA;NA;NA
NA;NA;NA;NA;NA;NA;NA;NA;NA;NA
NA;NA;NA;NA;NA;NA;NA;NA;NA;NA
NA;NA;NA;NA;NA;NA;NA;NA;NA;NA
NA;NA;NA;NA;NA;NA;NA;NA;NA;NA
NA;NA;NA;NA;NA;NA;NA;NA;NA;NA
NA;NA;NA;NA;NA;NA;NA;NA;NA;NA
NA;NA;NA;NA;NA;NA;NA;NA;NA;NA
NA;NA;NA;NA;NA;NA;NA;NA;NA;NA
NA;NA;NA;NA;NA;NA;NA;NA;NA;NA
NA;NA;NA;NA;NA;NA;NA;NA;NA;NA
NA;NA;NA;NA;NA;NA;NA;NA;NA;NA
NA;NA;NA;NA;NA;NA;NA;NA;NA;NA
NA;NA;NA;NA;NA;NA;NA;NA;NA;NA
NA;NA;NA;NA;NA;NA;NA;NA;NA;NA
NA;NA;NA;NA;NA;NA;NA;NA;NA;NA
NA;NA;NA;NA;NA;NA;NA;NA;NA;NA
NA;NA;NA;NA;NA;NA;NA;NA;NA;NA
NA;NA;NA;NA;NA;NA;NA;NA;NA;NA
NA;NA;NA;NA;NA;NA;NA;NA;NA;NA
NA;NA;NA;NA;NA;NA;NA;NA;NA;NA
NA;NA;NA;NA;NA;NA;NA;NA;NA;NA
NA;NA;NA;NA;NA;NA;NA;NA;NA;NA
NA;NA;NA;NA;NA;NA;NA;NA;NA;NA
NA;NA;NA;NA;NA;NA;NA;NA;NA;NA
NA;NA;NA;NA;NA;NA;NA;NA;NA;NA
NA;NA;NA;NA;NA;NA;NA;NA;NA;NA
NA;NA;NA;NA;NA;NA;NA;NA;NA;NA
NA;NA;NA;NA;NA;NA;NA;NA;NA;NA
NA;NA;NA;NA;NA;NA;NA;NA;NA;NA
NA;NA;NA;NA;NA;NA;NA;NA;NA;NA
NA;NA;NA;NA;NA;NA;NA;NA;NA;NA
NA;NA;NA;NA;NA;NA;NA;NA;NA;NA
NA;NA;NA;NA;NA;NA;NA;NA;NA;NA
NA;NA;NA;NA;NA;NA;NA;NA;NA;NA
NA;NA;NA;NA;NA;NA;NA;NA;NA;NA
NA;NA;NA;NA;NA;NA;NA;NA;NA;NA
NA;NA;NA;NA;NA;NA;NA;NA;NA;NA
NA;NA;NA;NA;NA;NA;NA;NA;NA;NA
NA;NA;NA;NA;NA;NA;NA;NA;NA;NA
NA;NA;NA;NA;NA;NA;NA;NA;NA;NA
NA;NA;NA;NA;NA;NA;NA;NA;NA;NA
NA;NA;NA;NA;NA;NA;NA;NA;NA;NA
NA;NA;NA;NA;NA;NA;NA;NA;NA;NA
NA;NA;NA;NA;NA;NA;NA;NA;NA;NA
NA;NA;NA;NA;NA;NA;NA;NA;NA;NA
NA;NA;NA;NA;NA;NA;NA;NA;NA;NA
NA;NA;NA;NA;NA;NA;NA;NA;NA;NA
NA;NA;NA;NA;NA;NA;NA;NA;NA;NA
NA;NA;NA;NA;NA;NA;NA;NA;NA;NA
NA;NA;NA;NA;NA;NA;NA;NA;NA;NA
NA;NA;NA;NA;NA;NA;NA;NA;NA;NA
NA;NA;NA;NA;NA;NA;NA;NA;NA;NA
NA;NA;NA;NA;NA;NA;NA;NA;NA;NA
NA;NA;NA;NA;NA;NA;NA;NA;NA;NA
NA;NA;NA;NA;NA;NA;NA;NA;NA;NA
NA;NA;NA;NA;NA;NA;NA;NA;NA;NA
NA;NA;NA;NA;NA;NA;NA;NA;NA;NA
NA;NA;NA;NA;NA;NA;NA;NA;NA;NA
NA;NA;NA;NA;NA;NA;NA;NA;NA;NA
NA;NA;NA;NA;NA;NA;NA;NA;NA;NA
NA;NA;NA;NA;NA;NA;NA;NA;NA;NA
NA;NA;NA;NA;NA;NA;NA;NA;NA;NA
NA;NA;NA;NA;NA;NA;NA;NA;NA;NA
NA;NA;NA;NA;NA;NA;NA;NA;NA;NA
NA;NA;NA;NA;NA;NA;NA;NA;NA;NA
NA;NA;NA;NA;NA;NA;NA;NA;NA;NA
NA;NA;NA;NA;NA;NA;NA;NA;NA;NA
NA;NA;NA;NA;NA;NA;NA;NA;NA;NA
NA;NA;NA;NA;NA;NA;NA;NA;NA;NA
NA;NA;NA;NA;NA;NA;NA;NA;NA;NA
NA;NA;NA;NA;NA;NA;NA;NA;NA;NA
NA;NA;NA;NA;NA;NA;NA;NA;NA;NA
NA;NA;NA;NA;NA;NA;NA;NA;NA;NA
NA;NA;NA;NA;NA;NA;NA;NA;NA;NA
NA;NA;NA;NA;NA;NA;NA;NA;NA;NA
NA;NA;NA;NA;NA;NA;NA;NA;NA;NA
NA;NA;NA;NA;NA;NA;NA;NA;NA;NA
NA;NA;NA;NA;NA;NA;NA;NA;NA;NA
NA;NA;NA;NA;NA;NA;NA;NA;NA;NA
NA;NA;NA;NA;NA;NA;NA;NA;NA;NA
NA;NA;NA;NA;NA;NA;NA;NA;NA;NA
NA;NA;NA;NA;NA;NA;NA;NA;NA;NA
NA;NA;NA;NA;NA;NA;NA;NA;NA;NA
NA;NA;NA;NA;NA;NA;NA;NA;NA;NA
NA;NA;NA;NA;NA;NA;NA;NA;NA;NA
NA;NA;NA;NA;NA;NA;NA;NA;NA;NA
NA;NA;NA;NA;NA;NA;NA;NA;NA;NA
NA;NA;NA;NA;NA;NA;NA;NA;NA;NA
NA;NA;NA;NA;NA;NA;NA;NA;NA;NA
NA;NA;NA;NA;NA;NA;NA;NA;NA;NA
NA;NA;NA;NA;NA;NA;NA;NA;NA;NA
NA;NA;NA;NA;NA;NA;NA;NA;NA;NA
NA;NA;NA;NA;NA;NA;NA;NA;NA;NA
NA;NA;NA;NA;NA;NA;NA;NA;NA;NA
NA;NA;NA;NA;NA;NA;NA;NA;NA;NA
NA;NA;NA;NA;NA;NA;NA;NA;NA;NA
NA;NA;NA;NA;NA;NA;NA;NA;NA;NA
NA;NA;NA;NA;NA;NA;NA;NA;NA;NA
NA;NA;NA;NA;NA;NA;NA;NA;NA;NA
NA;NA;NA;NA;NA;NA;NA;NA;NA;NA
NA;NA;NA;NA;NA;NA;NA;NA;NA;NA
NA;NA;NA;NA;NA;NA;NA;NA;NA;NA
NA;NA;NA;NA;NA;NA;NA;NA;NA;NA
NA;NA;NA;NA;NA;NA;NA;NA;NA;NA
NA;NA;NA;NA;NA;NA;NA;NA;NA;NA
NA;NA;NA;NA;NA;NA;NA;NA;NA;NA
NA;NA;NA;NA;NA;NA;NA;NA;NA;NA
NA;NA;NA;NA;NA;NA;NA;NA;NA;NA
NA;NA;NA;NA;NA;NA;NA;NA;NA;NA
NA;NA;NA;NA;NA;NA;NA;NA;NA;NA
NA;NA;NA;NA;NA;NA;NA;NA;NA;NA
NA;NA;NA;NA;NA;NA;NA;NA;NA;NA
NA;NA;NA;NA;NA;NA;NA;NA;NA;NA
NA;NA;NA;NA;NA;NA;NA;NA;NA;NA
NA;NA;NA;NA;NA;NA;NA;NA;NA;NA
NA;NA;NA;NA;NA;NA;NA;NA;NA;NA
NA;NA;NA;NA;NA;NA;NA;NA;NA;NA
NA;NA;NA;NA;NA;NA;NA;NA;NA;NA
NA;NA;NA;NA;NA;NA;NA;NA;NA;NA
NA;NA;NA;NA;NA;NA;NA;NA;NA;NA
NA;NA;NA;NA;NA;NA;NA;NA;NA;NA
NA;NA;NA;NA;NA;NA;NA;NA;NA;NA
NA;NA;NA;NA;NA;NA;NA;NA;NA;NA
NA;NA;NA;NA;NA;NA;NA;NA;NA;NA
NA;NA;NA;NA;NA;NA;NA;NA;NA;NA
NA;NA;NA;NA;NA;NA;NA;NA;NA;NA
NA;NA;NA;NA;NA;NA;NA;NA;NA;NA
NA;NA;NA;NA;NA;NA;NA;NA;NA;NA
NA;NA;NA;NA;NA;NA;NA;NA;NA;NA
NA;NA;NA;NA;NA;NA;NA;NA;NA;NA
NA;NA;NA;NA;NA;NA;NA;NA;NA;NA
NA;NA;NA;NA;NA;NA;NA;NA;NA;NA
NA;NA;NA;NA;NA;NA;NA;NA;NA;NA
NA;NA;NA;NA;NA;NA;NA;NA;NA;NA
NA;NA;NA;NA;NA;NA;NA;NA;NA;NA
NA;NA;NA;NA;NA;NA;NA;NA;NA;NA
NA;NA;NA;NA;NA;NA;NA;NA;NA;NA
NA;NA;NA;NA;NA;NA;NA;NA;NA;NA
NA;NA;NA;NA;NA;NA;NA;NA;NA;NA
NA;NA;NA;NA;NA;NA;NA;NA;NA;NA
NA;NA;NA;NA;NA;NA;NA;NA;NA;NA
NA;NA;NA;NA;NA;NA;NA;NA;NA;NA
NA;NA;NA;NA;NA;NA;NA;NA;NA;NA
NA;NA;NA;NA;NA;NA;NA;NA;NA;NA
NA;NA;NA;NA;NA;NA;NA;NA;NA;NA
NA;NA;NA;NA;NA;NA;NA;NA;NA;NA
NA;NA;NA;NA;NA;NA;NA;NA;NA;NA
NA;NA;NA;NA;NA;NA;NA;NA;NA;NA
NA;NA;NA;NA;NA;NA;NA;NA;NA;NA
NA;NA;NA;NA;NA;NA;NA;NA;NA;NA
NA;NA;NA;NA;NA;NA;NA;NA;NA;NA
NA;NA;NA;NA;NA;NA;NA;NA;NA;NA
NA;NA;NA;NA;NA;NA;NA;NA;NA;NA
NA;NA;NA;NA;NA;NA;NA;NA;NA;NA
NA;NA;NA;NA;NA;NA;NA;NA;NA;NA
NA;NA;NA;NA;NA;NA;NA;NA;NA;NA
NA;NA;NA;NA;NA;NA;NA;NA;NA;NA
NA;NA;NA;NA;NA;NA;NA;NA;NA;NA
NA;NA;NA;NA;NA;NA;NA;NA;NA;NA
NA;NA;NA;NA;NA;NA;NA;NA;NA;NA
NA;NA;NA;NA;NA;NA;NA;NA;NA;NA
NA;NA;NA;NA;NA;NA;NA;NA;NA;NA
NA;NA;NA;NA;NA;NA;NA;NA;NA;NA
NA;NA;NA;NA;NA;NA;NA;NA;NA;NA
NA;NA;NA;NA;NA;NA;NA;NA;NA;NA
NA;NA;NA;NA;NA;NA;NA;NA;NA;NA
NA;NA;NA;NA;NA;NA;NA;NA;NA;NA
NA;NA;NA;NA;NA;NA;NA;NA;NA;NA
NA;NA;NA;NA;NA;NA;NA;NA;NA;NA
NA;NA;NA;NA;NA;NA;NA;NA;NA;NA
NA;NA;NA;NA;NA;NA;NA;NA;NA;NA
NA;NA;NA;NA;NA;NA;NA;NA;NA;NA
NA;NA;NA;NA;NA;NA;NA;NA;NA;NA
NA;NA;NA;NA;NA;NA;NA;NA;NA;NA
NA;NA;NA;NA;NA;NA;NA;NA;NA;NA
NA;NA;NA;NA;NA;NA;NA;NA;NA;NA
NA;NA;NA;NA;NA;NA;NA;NA;NA;NA
NA;NA;NA;NA;NA;NA;NA;NA;NA;NA
NA;NA;NA;NA;NA;NA;NA;NA;NA;NA
NA;NA;NA;NA;NA;NA;NA;NA;NA;NA
NA;NA;NA;NA;NA;NA;NA;NA;NA;NA
NA;NA;NA;NA;NA;NA;NA;NA;NA;NA
NA;NA;NA;NA;NA;NA;NA;NA;NA;NA
NA;NA;NA;NA;NA;NA;NA;NA;NA;NA
NA;NA;NA;NA;NA;NA;NA;NA;NA;NA
NA;NA;NA;NA;NA;NA;NA;NA;NA;NA
NA;NA;NA;NA;NA;NA;NA;NA;NA;NA
NA;NA;NA;NA;NA;NA;NA;NA;NA;NA
NA;NA;NA;NA;NA;NA;NA;NA;NA;NA
NA;NA;NA;NA;NA;NA;NA;NA;NA;NA
NA;NA;NA;NA;NA;NA;NA;NA;NA;NA
NA;NA;NA;NA;NA;NA;NA;NA;NA;NA
NA;NA;NA;NA;NA;NA;NA;NA;NA;NA
NA;NA;NA;NA;NA;NA;NA;NA;NA;NA
NA;NA;NA;NA;NA;NA;NA;NA;NA;NA
NA;NA;NA;NA;NA;NA;NA;NA;NA;NA
NA;NA;NA;NA;NA;NA;NA;NA;NA;NA
NA;NA;NA;NA;NA;NA;NA;NA;NA;NA
NA;NA;NA;NA;NA;NA;NA;NA;NA;NA
NA;NA;NA;NA;NA;NA;NA;NA;NA;NA
NA;NA;NA;NA;NA;NA;NA;NA;NA;NA
NA;NA;NA;NA;NA;NA;NA;NA;NA;NA
NA;NA;NA;NA;NA;NA;NA;NA;NA;NA
NA;NA;NA;NA;NA;NA;NA;NA;NA;NA
NA;NA;NA;NA;NA;NA;NA;NA;NA;NA
NA;NA;NA;NA;NA;NA;NA;NA;NA;NA
NA;NA;NA;NA;NA;NA;NA;NA;NA;NA
NA;NA;NA;NA;NA;NA;NA;NA;NA;NA
NA;NA;NA;NA;NA;NA;NA;NA;NA;NA
NA;NA;NA;NA;NA;NA;NA;NA;NA;NA
NA;NA;NA;NA;NA;NA;NA;NA;NA;NA
NA;NA;NA;NA;NA;NA;NA;NA;NA;NA
NA;NA;NA;NA;NA;NA;NA;NA;NA;NA
NA;NA;NA;NA;NA;NA;NA;NA;NA;NA
NA;NA;NA;NA;NA;NA;NA;NA;NA;NA
NA;NA;NA;NA;NA;NA;NA;NA;NA;NA
NA;NA;NA;NA;NA;NA;NA;NA;NA;NA
NA;NA;NA;NA;NA;NA;NA;NA;NA;NA
NA;NA;NA;NA;NA;NA;NA;NA;NA;NA
NA;NA;NA;NA;NA;NA;NA;NA;NA;NA
NA;NA;NA;NA;NA;NA;NA;NA;NA;NA
NA;NA;NA;NA;NA;NA;NA;NA;NA;NA
NA;NA;NA;NA;NA;NA;NA;NA;NA;NA
NA;NA;NA;NA;NA;NA;NA;NA;NA;NA
NA;NA;NA;NA;NA;NA;NA;NA;NA;NA
NA;NA;NA;NA;NA;NA;NA;NA;NA;NA
NA;NA;NA;NA;NA;NA;NA;NA;NA;NA
NA;NA;NA;NA;NA;NA;NA;NA;NA;NA
NA;NA;NA;NA;NA;NA;NA;NA;NA;NA
NA;NA;NA;NA;NA;NA;NA;NA;NA;NA
NA;NA;NA;NA;NA;NA;NA;NA;NA;NA
NA;NA;NA;NA;NA;NA;NA;NA;NA;NA
NA;NA;NA;NA;NA;NA;NA;NA;NA;NA
NA;NA;NA;NA;NA;NA;NA;NA;NA;NA
NA;NA;NA;NA;NA;NA;NA;NA;NA;NA
NA;NA;NA;NA;NA;NA;NA;NA;NA;NA
NA;NA;NA;NA;NA;NA;NA;NA;NA;NA
NA;NA;NA;NA;NA;NA;NA;NA;NA;NA
NA;NA;NA;NA;NA;NA;NA;NA;NA;NA
NA;NA;NA;NA;NA;NA;NA;NA;NA;NA
NA;NA;NA;NA;NA;NA;NA;NA;NA;NA
NA;NA;NA;NA;NA;NA;NA;NA;NA;NA
NA;NA;NA;NA;NA;NA;NA;NA;NA;NA
NA;NA;NA;NA;NA;NA;NA;NA;NA;NA
NA;NA;NA;NA;NA;NA;NA;NA;NA;NA
NA;NA;NA;NA;NA;NA;NA;NA;NA;NA
NA;NA;NA;NA;NA;NA;NA;NA;NA;NA
NA;NA;NA;NA;NA;NA;NA;NA;NA;NA
NA;NA;NA;NA;NA;NA;NA;NA;NA;NA
NA;NA;NA;NA;NA;NA;NA;NA;NA;NA
NA;NA;NA;NA;NA;NA;NA;NA;NA;NA
NA;NA;NA;NA;NA;NA;NA;NA;NA;NA
NA;NA;NA;NA;NA;NA;NA;NA;NA;NA
NA;NA;NA;NA;NA;NA;NA;NA;NA;NA
NA;NA;NA;NA;NA;NA;NA;NA;NA;NA
NA;NA;NA;NA;NA;NA;NA;NA;NA;NA
NA;NA;NA;NA;NA;NA;NA;NA;NA;NA
NA;NA;NA;NA;NA;NA;NA;NA;NA;NA
NA;NA;NA;NA;NA;NA;NA;NA;NA;NA
NA;NA;NA;NA;NA;NA;NA;NA;NA;NA
NA;NA;NA;NA;NA;NA;NA;NA;NA;NA
NA;NA;NA;NA;NA;NA;NA;NA;NA;NA
NA;NA;NA;NA;NA;NA;NA;NA;NA;NA
NA;NA;NA;NA;NA;NA;NA;NA;NA;NA
NA;NA;NA;NA;NA;NA;NA;NA;NA;NA
NA;NA;NA;NA;NA;NA;NA;NA;NA;NA
NA;NA;NA;NA;NA;NA;NA;NA;NA;NA
NA;NA;NA;NA;NA;NA;NA;NA;NA;NA
NA;NA;NA;NA;NA;NA;NA;NA;NA;NA
NA;NA;NA;NA;NA;NA;NA;NA;NA;NA
NA;NA;NA;NA;NA;NA;NA;NA;NA;NA
NA;NA;NA;NA;NA;NA;NA;NA;NA;NA
NA;NA;NA;NA;NA;NA;NA;NA;NA;NA
NA;NA;NA;NA;NA;NA;NA;NA;NA;NA
NA;NA;NA;NA;NA;NA;NA;NA;NA;NA
NA;NA;NA;NA;NA;NA;NA;NA;NA;NA
NA;NA;NA;NA;NA;NA;NA;NA;NA;NA
NA;NA;NA;NA;NA;NA;NA;NA;NA;NA
NA;NA;NA;NA;NA;NA;NA;NA;NA;NA
NA;NA;NA;NA;NA;NA;NA;NA;NA;NA
NA;NA;NA;NA;NA;NA;NA;NA;NA;NA
NA;NA;NA;NA;NA;NA;NA;NA;NA;NA
NA;NA;NA;NA;NA;NA;NA;NA;NA;NA
NA;NA;NA;NA;NA;NA;NA;NA;NA;NA
NA;NA;NA;NA;NA;NA;NA;NA;NA;NA
NA;NA;NA;NA;NA;NA;NA;NA;NA;NA
NA;NA;NA;NA;NA;NA;NA;NA;NA;NA
NA;NA;NA;NA;NA;NA;NA;NA;NA;NA
NA;NA;NA;NA;NA;NA;NA;NA;NA;NA
NA;NA;NA;NA;NA;NA;NA;NA;NA;NA
NA;NA;NA;NA;NA;NA;NA;NA;NA;NA
NA;NA;NA;NA;NA;NA;NA;NA;NA;NA
NA;NA;NA;NA;NA;NA;NA;NA;NA;NA
NA;NA;NA;NA;NA;NA;NA;NA;NA;NA
NA;NA;NA;NA;NA;NA;NA;NA;NA;NA
NA;NA;NA;NA;NA;NA;NA;NA;NA;NA
NA;NA;NA;NA;NA;NA;NA;NA;NA;NA
NA;NA;NA;NA;NA;NA;NA;NA;NA;NA
NA;NA;NA;NA;NA;NA;NA;NA;NA;NA
NA;NA;NA;NA;NA;NA;NA;NA;NA;NA
NA;NA;NA;NA;NA;NA;NA;NA;NA;NA
NA;NA;NA;NA;NA;NA;NA;NA;NA;NA
NA;NA;NA;NA;NA;NA;NA;NA;NA;NA
NA;NA;NA;NA;NA;NA;NA;NA;NA;NA
NA;NA;NA;NA;NA;NA;NA;NA;NA;NA
NA;NA;NA;NA;NA;NA;NA;NA;NA;NA
NA;NA;NA;NA;NA;NA;NA;NA;NA;NA
NA;NA;NA;NA;NA;NA;NA;NA;NA;NA
NA;NA;NA;NA;NA;NA;NA;NA;NA;NA
NA;NA;NA;NA;NA;NA;NA;NA;NA;NA
NA;NA;NA;NA;NA;NA;NA;NA;NA;NA
NA;NA;NA;NA;NA;NA;NA;NA;NA;NA
NA;NA;NA;NA;NA;NA;NA;NA;NA;NA
NA;NA;NA;NA;NA;NA;NA;NA;NA;NA
NA;NA;NA;NA;NA;NA;NA;NA;NA;NA
NA;NA;NA;NA;NA;NA;NA;NA;NA;NA
NA;NA;NA;NA;NA;NA;NA;NA;NA;NA
NA;NA;NA;NA;NA;NA;NA;NA;NA;NA
NA;NA;NA;NA;NA;NA;NA;NA;NA;NA
NA;NA;NA;NA;NA;NA;NA;NA;NA;NA
NA;NA;NA;NA;NA;NA;NA;NA;NA;NA
NA;NA;NA;NA;NA;NA;NA;NA;NA;NA
NA;NA;NA;NA;NA;NA;NA;NA;NA;NA
NA;NA;NA;NA;NA;NA;NA;NA;NA;NA
NA;NA;NA;NA;NA;NA;NA;NA;NA;NA
NA;NA;NA;NA;NA;NA;NA;NA;NA;NA
NA;NA;NA;NA;NA;NA;NA;NA;NA;NA
NA;NA;NA;NA;NA;NA;NA;NA;NA;NA
NA;NA;NA;NA;NA;NA;NA;NA;NA;NA
NA;NA;NA;NA;NA;NA;NA;NA;NA;NA
NA;NA;NA;NA;NA;NA;NA;NA;NA;NA
NA;NA;NA;NA;NA;NA;NA;NA;NA;NA
NA;NA;NA;NA;NA;NA;NA;NA;NA;NA
NA;NA;NA;NA;NA;NA;NA;NA;NA;NA
NA;NA;NA;NA;NA;NA;NA;NA;NA;NA
NA;NA;NA;NA;NA;NA;NA;NA;NA;NA
NA;NA;NA;NA;NA;NA;NA;NA;NA;NA
NA;NA;NA;NA;NA;NA;NA;NA;NA;NA
NA;NA;NA;NA;NA;NA;NA;NA;NA;NA
NA;NA;NA;NA;NA;NA;NA;NA;NA;NA
NA;NA;NA;NA;NA;NA;NA;NA;NA;NA
NA;NA;NA;NA;NA;NA;NA;NA;NA;NA
NA;NA;NA;NA;NA;NA;NA;NA;NA;NA
NA;NA;NA;NA;NA;NA;NA;NA;NA;NA
NA;NA;NA;NA;NA;NA;NA;NA;NA;NA
NA;NA;NA;NA;NA;NA;NA;NA;NA;NA
NA;NA;NA;NA;NA;NA;NA;NA;NA;NA
NA;NA;NA;NA;NA;NA;NA;NA;NA;NA
NA;NA;NA;NA;NA;NA;NA;NA;NA;NA
NA;NA;NA;NA;NA;NA;NA;NA;NA;NA
NA;NA;NA;NA;NA;NA;NA;NA;NA;NA
NA;NA;NA;NA;NA;NA;NA;NA;NA;NA
NA;NA;NA;NA;NA;NA;NA;NA;NA;NA
NA;NA;NA;NA;NA;NA;NA;NA;NA;NA
NA;NA;NA;NA;NA;NA;NA;NA;NA;NA
NA;NA;NA;NA;NA;NA;NA;NA;NA;NA
NA;NA;NA;NA;NA;NA;NA;NA;NA;NA
NA;NA;NA;NA;NA;NA;NA;NA;NA;NA
NA;NA;NA;NA;NA;NA;NA;NA;NA;NA
NA;NA;NA;NA;NA;NA;NA;NA;NA;NA
NA;NA;NA;NA;NA;NA;NA;NA;NA;NA
NA;NA;NA;NA;NA;NA;NA;NA;NA;NA
NA;NA;NA;NA;NA;NA;NA;NA;NA;NA
NA;NA;NA;NA;NA;NA;NA;NA;NA;NA
NA;NA;NA;NA;NA;NA;NA;NA;NA;NA
NA;NA;NA;NA;NA;NA;NA;NA;NA;NA
NA;NA;NA;NA;NA;NA;NA;NA;NA;NA
NA;NA;NA;NA;NA;NA;NA;NA;NA;NA
NA;NA;NA;NA;NA;NA;NA;NA;NA;NA
NA;NA;NA;NA;NA;NA;NA;NA;NA;NA
NA;NA;NA;NA;NA;NA;NA;NA;NA;NA
NA;NA;NA;NA;NA;NA;NA;NA;NA;NA
NA;NA;NA;NA;NA;NA;NA;NA;NA;NA
NA;NA;NA;NA;NA;NA;NA;NA;NA;NA
NA;NA;NA;NA;NA;NA;NA;NA;NA;NA
NA;NA;NA;NA;NA;NA;NA;NA;NA;NA
NA;NA;NA;NA;NA;NA;NA;NA;NA;NA
NA;NA;NA;NA;NA;NA;NA;NA;NA;NA
NA;NA;NA;NA;NA;NA;NA;NA;NA;NA
NA;NA;NA;NA;NA;NA;NA;NA;NA;NA
NA;NA;NA;NA;NA;NA;NA;NA;NA;NA
NA;NA;NA;NA;NA;NA;NA;NA;NA;NA
NA;NA;NA;NA;NA;NA;NA;NA;NA;NA
NA;NA;NA;NA;NA;NA;NA;NA;NA;NA
NA;NA;NA;NA;NA;NA;NA;NA;NA;NA
NA;NA;NA;NA;NA;NA;NA;NA;NA;NA
NA;NA;NA;NA;NA;NA;NA;NA;NA;NA
NA;NA;NA;NA;NA;NA;NA;NA;NA;NA
NA;NA;NA;NA;NA;NA;NA;NA;NA;NA
NA;NA;NA;NA;NA;NA;NA;NA;NA;NA
NA;NA;NA;NA;NA;NA;NA;NA;NA;NA
NA;NA;NA;NA;NA;NA;NA;NA;NA;NA
NA;NA;NA;NA;NA;NA;NA;NA;NA;NA
NA;NA;NA;NA;NA;NA;NA;NA;NA;NA
NA;NA;NA;NA;NA;NA;NA;NA;NA;NA
NA;NA;NA;NA;NA;NA;NA;NA;NA;NA
NA;NA;NA;NA;NA;NA;NA;NA;NA;NA
NA;NA;NA;NA;NA;NA;NA;NA;NA;NA
NA;NA;NA;NA;NA;NA;NA;NA;NA;NA
NA;NA;NA;NA;NA;NA;NA;NA;NA;NA
NA;NA;NA;NA;NA;NA;NA;NA;NA;NA
NA;NA;NA;NA;NA;NA;NA;NA;NA;NA
NA;NA;NA;NA;NA;NA;NA;NA;NA;NA
NA;NA;NA;NA;NA;NA;NA;NA;NA;NA
NA;NA;NA;NA;NA;NA;NA;NA;NA;NA
NA;NA;NA;NA;NA;NA;NA;NA;NA;NA
NA;NA;NA;NA;NA;NA;NA;NA;NA;NA
NA;NA;NA;NA;NA;NA;NA;NA;NA;NA
NA;NA;NA;NA;NA;NA;NA;NA;NA;NA
NA;NA;NA;NA;NA;NA;NA;NA;NA;NA
NA;NA;NA;NA;NA;NA;NA;NA;NA;NA
NA;NA;NA;NA;NA;NA;NA;NA;NA;NA
NA;NA;NA;NA;NA;NA;NA;NA;NA;NA
NA;NA;NA;NA;NA;NA;NA;NA;NA;NA
NA;NA;NA;NA;NA;NA;NA;NA;NA;NA
NA;NA;NA;NA;NA;NA;NA;NA;NA;NA
NA;NA;NA;NA;NA;NA;NA;NA;NA;NA
NA;NA;NA;NA;NA;NA;NA;NA;NA;NA
NA;NA;NA;NA;NA;NA;NA;NA;NA;NA
NA;NA;NA;NA;NA;NA;NA;NA;NA;NA
NA;NA;NA;NA;NA;NA;NA;NA;NA;NA
NA;NA;NA;NA;NA;NA;NA;NA;NA;NA
NA;NA;NA;NA;NA;NA;NA;NA;NA;NA
NA;NA;NA;NA;NA;NA;NA;NA;NA;NA
NA;NA;NA;NA;NA;NA;NA;NA;NA;NA
NA;NA;NA;NA;NA;NA;NA;NA;NA;NA
NA;NA;NA;NA;NA;NA;NA;NA;NA;NA
NA;NA;NA;NA;NA;NA;NA;NA;NA;NA
NA;NA;NA;NA;NA;NA;NA;NA;NA;NA
NA;NA;NA;NA;NA;NA;NA;NA;NA;NA
NA;NA;NA;NA;NA;NA;NA;NA;NA;NA
NA;NA;NA;NA;NA;NA;NA;NA;NA;NA
NA;NA;NA;NA;NA;NA;NA;NA;NA;NA
NA;NA;NA;NA;NA;NA;NA;NA;NA;NA
NA;NA;NA;NA;NA;NA;NA;NA;NA;NA
NA;NA;NA;NA;NA;NA;NA;NA;NA;NA
NA;NA;NA;NA;NA;NA;NA;NA;NA;NA
NA;NA;NA;NA;NA;NA;NA;NA;NA;NA
NA;NA;NA;NA;NA;NA;NA;NA;NA;NA
NA;NA;NA;NA;NA;NA;NA;NA;NA;NA
NA;NA;NA;NA;NA;NA;NA;NA;NA;NA
NA;NA;NA;NA;NA;NA;NA;NA;NA;NA
NA;NA;NA;NA;NA;NA;NA;NA;NA;NA
NA;NA;NA;NA;NA;NA;NA;NA;NA;NA
NA;NA;NA;NA;NA;NA;NA;NA;NA;NA
NA;NA;NA;NA;NA;NA;NA;NA;NA;NA
NA;NA;NA;NA;NA;NA;NA;NA;NA;NA
NA;NA;NA;NA;NA;NA;NA;NA;NA;NA
NA;NA;NA;NA;NA;NA;NA;NA;NA;NA
NA;NA;NA;NA;NA;NA;NA;NA;NA;NA
NA;NA;NA;NA;NA;NA;NA;NA;NA;NA
NA;NA;NA;NA;NA;NA;NA;NA;NA;NA
NA;NA;NA;NA;NA;NA;NA;NA;NA;NA
NA;NA;NA;NA;NA;NA;NA;NA;NA;NA
NA;NA;NA;NA;NA;NA;NA;NA;NA;NA
NA;NA;NA;NA;NA;NA;NA;NA;NA;NA
NA;NA;NA;NA;NA;NA;NA;NA;NA;NA
NA;NA;NA;NA;NA;NA;NA;NA;NA;NA
NA;NA;NA;NA;NA;NA;NA;NA;NA;NA
NA;NA;NA;NA;NA;NA;NA;NA;NA;NA
NA;NA;NA;NA;NA;NA;NA;NA;NA;NA
NA;NA;NA;NA;NA;NA;NA;NA;NA;NA
NA;NA;NA;NA;NA;NA;NA;NA;NA;NA
NA;NA;NA;NA;NA;NA;NA;NA;NA;NA
NA;NA;NA;NA;NA;NA;NA;NA;NA;NA
NA;NA;NA;NA;NA;NA;NA;NA;NA;NA
NA;NA;NA;NA;NA;NA;NA;NA;NA;NA
NA;NA;NA;NA;NA;NA;NA;NA;NA;NA
NA;NA;NA;NA;NA;NA;NA;NA;NA;NA
NA;NA;NA;NA;NA;NA;NA;NA;NA;NA
NA;NA;NA;NA;NA;NA;NA;NA;NA;NA
NA;NA;NA;NA;NA;NA;NA;NA;NA;NA
NA;NA;NA;NA;NA;NA;NA;NA;NA;NA
NA;NA;NA;NA;NA;NA;NA;NA;NA;NA
NA;NA;NA;NA;NA;NA;NA;NA;NA;NA
NA;NA;NA;NA;NA;NA;NA;NA;NA;NA
NA;NA;NA;NA;NA;NA;NA;NA;NA;NA
NA;NA;NA;NA;NA;NA;NA;NA;NA;NA
NA;NA;NA;NA;NA;NA;NA;NA;NA;NA
NA;NA;NA;NA;NA;NA;NA;NA;NA;NA
NA;NA;NA;NA;NA;NA;NA;NA;NA;NA
NA;NA;NA;NA;NA;NA;NA;NA;NA;NA
NA;NA;NA;NA;NA;NA;NA;NA;NA;NA
NA;NA;NA;NA;NA;NA;NA;NA;NA;NA
NA;NA;NA;NA;NA;NA;NA;NA;NA;NA
NA;NA;NA;NA;NA;NA;NA;NA;NA;NA
NA;NA;NA;NA;NA;NA;NA;NA;NA;NA
NA;NA;NA;NA;NA;NA;NA;NA;NA;NA
NA;NA;NA;NA;NA;NA;NA;NA;NA;NA
NA;NA;NA;NA;NA;NA;NA;NA;NA;NA
NA;NA;NA;NA;NA;NA;NA;NA;NA;NA
NA;NA;NA;NA;NA;NA;NA;NA;NA;NA
NA;NA;NA;NA;NA;NA;NA;NA;NA;NA
NA;NA;NA;NA;NA;NA;NA;NA;NA;NA
NA;NA;NA;NA;NA;NA;NA;NA;NA;NA
NA;NA;NA;NA;NA;NA;NA;NA;NA;NA
NA;NA;NA;NA;NA;NA;NA;NA;NA;NA
NA;NA;NA;NA;NA;NA;NA;NA;NA;NA
NA;NA;NA;NA;NA;NA;NA;NA;NA;NA
NA;NA;NA;NA;NA;NA;NA;NA;NA;NA
NA;NA;NA;NA;NA;NA;NA;NA;NA;NA
NA;NA;NA;NA;NA;NA;NA;NA;NA;NA
NA;NA;NA;NA;NA;NA;NA;NA;NA;NA
NA;NA;NA;NA;NA;NA;NA;NA;NA;NA
NA;NA;NA;NA;NA;NA;NA;NA;NA;NA
NA;NA;NA;NA;NA;NA;NA;NA;NA;NA
NA;NA;NA;NA;NA;NA;NA;NA;NA;NA
NA;NA;NA;NA;NA;NA;NA;NA;NA;NA
NA;NA;NA;NA;NA;NA;NA;NA;NA;NA
NA;NA;NA;NA;NA;NA;NA;NA;NA;NA
NA;NA;NA;NA;NA;NA;NA;NA;NA;NA
NA;NA;NA;NA;NA;NA;NA;NA;NA;NA
NA;NA;NA;NA;NA;NA;NA;NA;NA;NA
NA;NA;NA;NA;NA;NA;NA;NA;NA;NA
NA;NA;NA;NA;NA;NA;NA;NA;NA;NA
NA;NA;NA;NA;NA;NA;NA;NA;NA;NA
NA;NA;NA;NA;NA;NA;NA;NA;NA;NA
NA;NA;NA;NA;NA;NA;NA;NA;NA;NA
NA;NA;NA;NA;NA;NA;NA;NA;NA;NA
NA;NA;NA;NA;NA;NA;NA;NA;NA;NA
NA;NA;NA;NA;NA;NA;NA;NA;NA;NA
NA;NA;NA;NA;NA;NA;NA;NA;NA;NA
NA;NA;NA;NA;NA;NA;NA;NA;NA;NA
NA;NA;NA;NA;NA;NA;NA;NA;NA;NA
NA;NA;NA;NA;NA;NA;NA;NA;NA;NA
NA;NA;NA;NA;NA;NA;NA;NA;NA;NA
NA;NA;NA;NA;NA;NA;NA;NA;NA;NA
NA;NA;NA;NA;NA;NA;NA;NA;NA;NA
NA;NA;NA;NA;NA;NA;NA;NA;NA;NA
NA;NA;NA;NA;NA;NA;NA;NA;NA;NA
NA;NA;NA;NA;NA;NA;NA;NA;NA;NA
NA;NA;NA;NA;NA;NA;NA;NA;NA;NA
NA;NA;NA;NA;NA;NA;NA;NA;NA;NA
NA;NA;NA;NA;NA;NA;NA;NA;NA;NA
NA;NA;NA;NA;NA;NA;NA;NA;NA;NA
NA;NA;NA;NA;NA;NA;NA;NA;NA;NA
NA;NA;NA;NA;NA;NA;NA;NA;NA;NA
NA;NA;NA;NA;NA;NA;NA;NA;NA;NA
NA;NA;NA;NA;NA;NA;NA;NA;NA;NA
NA;NA;NA;NA;NA;NA;NA;NA;NA;NA
NA;NA;NA;NA;NA;NA;NA;NA;NA;NA
NA;NA;NA;NA;NA;NA;NA;NA;NA;NA
NA;NA;NA;NA;NA;NA;NA;NA;NA;NA
NA;NA;NA;NA;NA;NA;NA;NA;NA;NA
NA;NA;NA;NA;NA;NA;NA;NA;NA;NA
NA;NA;NA;NA;NA;NA;NA;NA;NA;NA
NA;NA;NA;NA;NA;NA;NA;NA;NA;NA
NA;NA;NA;NA;NA;NA;NA;NA;NA;NA
NA;NA;NA;NA;NA;NA;NA;NA;NA;NA
NA;NA;NA;NA;NA;NA;NA;NA;NA;NA
NA;NA;NA;NA;NA;NA;NA;NA;NA;NA
NA;NA;NA;NA;NA;NA;NA;NA;NA;NA
NA;NA;NA;NA;NA;NA;NA;NA;NA;NA
NA;NA;NA;NA;NA;NA;NA;NA;NA;NA
NA;NA;NA;NA;NA;NA;NA;NA;NA;NA
NA;NA;NA;NA;NA;NA;NA;NA;NA;NA
NA;NA;NA;NA;NA;NA;NA;NA;NA;NA
NA;NA;NA;NA;NA;NA;NA;NA;NA;NA
NA;NA;NA;NA;NA;NA;NA;NA;NA;NA
NA;NA;NA;NA;NA;NA;NA;NA;NA;NA
NA;NA;NA;NA;NA;NA;NA;NA;NA;NA
NA;NA;NA;NA;NA;NA;NA;NA;NA;NA
NA;NA;NA;NA;NA;NA;NA;NA;NA;NA
NA;NA;NA;NA;NA;NA;NA;NA;NA;NA
NA;NA;NA;NA;NA;NA;NA;NA;NA;NA
NA;NA;NA;NA;NA;NA;NA;NA;NA;NA
NA;NA;NA;NA;NA;NA;NA;NA;NA;NA
NA;NA;NA;NA;NA;NA;NA;NA;NA;NA
NA;NA;NA;NA;NA;NA;NA;NA;NA;NA
NA;NA;NA;NA;NA;NA;NA;NA;NA;NA
NA;NA;NA;NA;NA;NA;NA;NA;NA;NA
NA;NA;NA;NA;NA;NA;NA;NA;NA;NA
NA;NA;NA;NA;NA;NA;NA;NA;NA;NA
NA;NA;NA;NA;NA;NA;NA;NA;NA;NA
NA;NA;NA;NA;NA;NA;NA;NA;NA;NA
NA;NA;NA;NA;NA;NA;NA;NA;NA;NA
NA;NA;NA;NA;NA;NA;NA;NA;NA;NA
NA;NA;NA;NA;NA;NA;NA;NA;NA;NA
NA;NA;NA;NA;NA;NA;NA;NA;NA;NA
NA;NA;NA;NA;NA;NA;NA;NA;NA;NA
NA;NA;NA;NA;NA;NA;NA;NA;NA;NA
NA;NA;NA;NA;NA;NA;NA;NA;NA;NA
NA;NA;NA;NA;NA;NA;NA;NA;NA;NA
NA;NA;NA;NA;NA;NA;NA;NA;NA;NA
NA;NA;NA;NA;NA;NA;NA;NA;NA;NA
NA;NA;NA;NA;NA;NA;NA;NA;NA;NA
NA;NA;NA;NA;NA;NA;NA;NA;NA;NA
NA;NA;NA;NA;NA;NA;NA;NA;NA;NA
NA;NA;NA;NA;NA;NA;NA;NA;NA;NA
NA;NA;NA;NA;NA;NA;NA;NA;NA;NA
NA;NA;NA;NA;NA;NA;NA;NA;NA;NA
NA;NA;NA;NA;NA;NA;NA;NA;NA;NA
NA;NA;NA;NA;NA;NA;NA;NA;NA;NA
NA;NA;NA;NA;NA;NA;NA;NA;NA;NA
NA;NA;NA;NA;NA;NA;NA;NA;NA;NA
NA;NA;NA;NA;NA;NA;NA;NA;NA;NA
NA;NA;NA;NA;NA;NA;NA;NA;NA;NA
NA;NA;NA;NA;NA;NA;NA;NA;NA;NA
NA;NA;NA;NA;NA;NA;NA;NA;NA;NA
NA;NA;NA;NA;NA;NA;NA;NA;NA;NA
NA;NA;NA;NA;NA;NA;NA;NA;NA;NA
NA;NA;NA;NA;NA;NA;NA;NA;NA;NA
NA;NA;NA;NA;NA;NA;NA;NA;NA;NA
NA;NA;NA;NA;NA;NA;NA;NA;NA;NA
NA;NA;NA;NA;NA;NA;NA;NA;NA;NA
NA;NA;NA;NA;NA;NA;NA;NA;NA;NA
NA;NA;NA;NA;NA;NA;NA;NA;NA;NA
NA;NA;NA;NA;NA;NA;NA;NA;NA;NA
NA;NA;NA;NA;NA;NA;NA;NA;NA;NA
NA;NA;NA;NA;NA;NA;NA;NA;NA;NA
NA;NA;NA;NA;NA;NA;NA;NA;NA;NA
NA;NA;NA;NA;NA;NA;NA;NA;NA;NA
NA;NA;NA;NA;NA;NA;NA;NA;NA;NA
NA;NA;NA;NA;NA;NA;NA;NA;NA;NA
NA;NA;NA;NA;NA;NA;NA;NA;NA;NA
NA;NA;NA;NA;NA;NA;NA;NA;NA;NA
NA;NA;NA;NA;NA;NA;NA;NA;NA;NA
NA;NA;NA;NA;NA;NA;NA;NA;NA;NA
NA;NA;NA;NA;NA;NA;NA;NA;NA;NA
NA;NA;NA;NA;NA;NA;NA;NA;NA;NA
NA;NA;NA;NA;NA;NA;NA;NA;NA;NA
NA;NA;NA;NA;NA;NA;NA;NA;NA;NA
NA;NA;NA;NA;NA;NA;NA;NA;NA;NA
NA;NA;NA;NA;NA;NA;NA;NA;NA;NA
NA;NA;NA;NA;NA;NA;NA;NA;NA;NA
NA;NA;NA;NA;NA;NA;NA;NA;NA;NA
NA;NA;NA;NA;NA;NA;NA;NA;NA;NA
NA;NA;NA;NA;NA;NA;NA;NA;NA;NA
NA;NA;NA;NA;NA;NA;NA;NA;NA;NA
NA;NA;NA;NA;NA;NA;NA;NA;NA;NA
NA;NA;NA;NA;NA;NA;NA;NA;NA;NA
NA;NA;NA;NA;NA;NA;NA;NA;NA;NA
NA;NA;NA;NA;NA;NA;NA;NA;NA;NA
NA;NA;NA;NA;NA;NA;NA;NA;NA;NA
NA;NA;NA;NA;NA;NA;NA;NA;NA;NA
NA;NA;NA;NA;NA;NA;NA;NA;NA;NA
NA;NA;NA;NA;NA;NA;NA;NA;NA;NA
NA;NA;NA;NA;NA;NA;NA;NA;NA;NA
NA;NA;NA;NA;NA;NA;NA;NA;NA;NA
NA;NA;NA;NA;NA;NA;NA;NA;NA;NA
NA;NA;NA;NA;NA;NA;NA;NA;NA;NA
NA;NA;NA;NA;NA;NA;NA;NA;NA;NA
NA;NA;NA;NA;NA;NA;NA;NA;NA;NA
NA;NA;NA;NA;NA;NA;NA;NA;NA;NA
NA;NA;NA;NA;NA;NA;NA;NA;NA;NA
NA;NA;NA;NA;NA;NA;NA;NA;NA;NA
NA;NA;NA;NA;NA;NA;NA;NA;NA;NA
NA;NA;NA;NA;NA;NA;NA;NA;NA;NA
NA;NA;NA;NA;NA;NA;NA;NA;NA;NA
NA;NA;NA;NA;NA;NA;NA;NA;NA;NA
NA;NA;NA;NA;NA;NA;NA;NA;NA;NA
NA;NA;NA;NA;NA;NA;NA;NA;NA;NA
NA;NA;NA;NA;NA;NA;NA;NA;NA;NA
NA;NA;NA;NA;NA;NA;NA;NA;NA;NA
NA;NA;NA;NA;NA;NA;NA;NA;NA;NA
NA;NA;NA;NA;NA;NA;NA;NA;NA;NA
NA;NA;NA;NA;NA;NA;NA;NA;NA;NA
NA;NA;NA;NA;NA;NA;NA;NA;NA;NA
NA;NA;NA;NA;NA;NA;NA;NA;NA;NA
NA;NA;NA;NA;NA;NA;NA;NA;NA;NA
NA;NA;NA;NA;NA;NA;NA;NA;NA;NA
NA;NA;NA;NA;NA;NA;NA;NA;NA;NA
NA;NA;NA;NA;NA;NA;NA;NA;NA;NA
NA;NA;NA;NA;NA;NA;NA;NA;NA;NA
NA;NA;NA;NA;NA;NA;NA;NA;NA;NA
NA;NA;NA;NA;NA;NA;NA;NA;NA;NA
NA;NA;NA;NA;NA;NA;NA;NA;NA;NA
NA;NA;NA;NA;NA;NA;NA;NA;NA;NA
NA;NA;NA;NA;NA;NA;NA;NA;NA;NA
NA;NA;NA;NA;NA;NA;NA;NA;NA;NA
NA;NA;NA;NA;NA;NA;NA;NA;NA;NA
NA;NA;NA;NA;NA;NA;NA;NA;NA;NA
NA;NA;NA;NA;NA;NA;NA;NA;NA;NA
NA;NA;NA;NA;NA;NA;NA;NA;NA;NA
NA;NA;NA;NA;NA;NA;NA;NA;NA;NA
NA;NA;NA;NA;NA;NA;NA;NA;NA;NA
NA;NA;NA;NA;NA;NA;NA;NA;NA;NA
NA;NA;NA;NA;NA;NA;NA;NA;NA;NA
NA;NA;NA;NA;NA;NA;NA;NA;NA;NA
NA;NA;NA;NA;NA;NA;NA;NA;NA;NA
NA;NA;NA;NA;NA;NA;NA;NA;NA;NA
NA;NA;NA;NA;NA;NA;NA;NA;NA;NA
NA;NA;NA;NA;NA;NA;NA;NA;NA;NA
NA;NA;NA;NA;NA;NA;NA;NA;NA;NA
NA;NA;NA;NA;NA;NA;NA;NA;NA;NA
NA;NA;NA;NA;NA;NA;NA;NA;NA;NA
NA;NA;NA;NA;NA;NA;NA;NA;NA;NA
NA;NA;NA;NA;NA;NA;NA;NA;NA;NA
NA;NA;NA;NA;NA;NA;NA;NA;NA;NA
NA;NA;NA;NA;NA;NA;NA;NA;NA;NA
NA;NA;NA;NA;NA;NA;NA;NA;NA;NA
NA;NA;NA;NA;NA;NA;NA;NA;NA;NA
NA;NA;NA;NA;NA;NA;NA;NA;NA;NA
NA;NA;NA;NA;NA;NA;NA;NA;NA;NA
NA;NA;NA;NA;NA;NA;NA;NA;NA;NA
NA;NA;NA;NA;NA;NA;NA;NA;NA;NA
NA;NA;NA;NA;NA;NA;NA;NA;NA;NA
NA;NA;NA;NA;NA;NA;NA;NA;NA;NA
NA;NA;NA;NA;NA;NA;NA;NA;NA;NA
NA;NA;NA;NA;NA;NA;NA;NA;NA;NA
NA;NA;NA;NA;NA;NA;NA;NA;NA;NA
NA;NA;NA;NA;NA;NA;NA;NA;NA;NA
NA;NA;NA;NA;NA;NA;NA;NA;NA;NA
NA;NA;NA;NA;NA;NA;NA;NA;NA;NA
NA;NA;NA;NA;NA;NA;NA;NA;NA;NA
NA;NA;NA;NA;NA;NA;NA;NA;NA;NA
NA;NA;NA;NA;NA;NA;NA;NA;NA;NA
NA;NA;NA;NA;NA;NA;NA;NA;NA;NA
NA;NA;NA;NA;NA;NA;NA;NA;NA;NA
NA;NA;NA;NA;NA;NA;NA;NA;NA;NA
NA;NA;NA;NA;NA;NA;NA;NA;NA;NA
NA;NA;NA;NA;NA;NA;NA;NA;NA;NA
NA;NA;NA;NA;NA;NA;NA;NA;NA;NA
NA;NA;NA;NA;NA;NA;NA;NA;NA;NA
NA;NA;NA;NA;NA;NA;NA;NA;NA;NA
NA;NA;NA;NA;NA;NA;NA;NA;NA;NA
NA;NA;NA;NA;NA;NA;NA;NA;NA;NA
NA;NA;NA;NA;NA;NA;NA;NA;NA;NA
NA;NA;NA;NA;NA;NA;NA;NA;NA;NA
NA;NA;NA;NA;NA;NA;NA;NA;NA;NA
NA;NA;NA;NA;NA;NA;NA;NA;NA;NA
NA;NA;NA;NA;NA;NA;NA;NA;NA;NA
NA;NA;NA;NA;NA;NA;NA;NA;NA;NA
NA;NA;NA;NA;NA;NA;NA;NA;NA;NA
NA;NA;NA;NA;NA;NA;NA;NA;NA;NA
NA;NA;NA;NA;NA;NA;NA;NA;NA;NA
NA;NA;NA;NA;NA;NA;NA;NA;NA;NA
NA;NA;NA;NA;NA;NA;NA;NA;NA;NA
NA;NA;NA;NA;NA;NA;NA;NA;NA;NA
NA;NA;NA;NA;NA;NA;NA;NA;NA;NA
NA;NA;NA;NA;NA;NA;NA;NA;NA;NA
NA;NA;NA;NA;NA;NA;NA;NA;NA;NA
NA;NA;NA;NA;NA;NA;NA;NA;NA;NA
NA;NA;NA;NA;NA;NA;NA;NA;NA;NA
NA;NA;NA;NA;NA;NA;NA;NA;NA;NA
NA;NA;NA;NA;NA;NA;NA;NA;NA;NA
NA;NA;NA;NA;NA;NA;NA;NA;NA;NA
NA;NA;NA;NA;NA;NA;NA;NA;NA;NA
NA;NA;NA;NA;NA;NA;NA;NA;NA;NA
NA;NA;NA;NA;NA;NA;NA;NA;NA;NA
NA;NA;NA;NA;NA;NA;NA;NA;NA;NA
NA;NA;NA;NA;NA;NA;NA;NA;NA;NA
NA;NA;NA;NA;NA;NA;NA;NA;NA;NA
NA;NA;NA;NA;NA;NA;NA;NA;NA;NA
NA;NA;NA;NA;NA;NA;NA;NA;NA;NA
NA;NA;NA;NA;NA;NA;NA;NA;NA;NA
NA;NA;NA;NA;NA;NA;NA;NA;NA;NA
NA;NA;NA;NA;NA;NA;NA;NA;NA;NA
NA;NA;NA;NA;NA;NA;NA;NA;NA;NA
NA;NA;NA;NA;NA;NA;NA;NA;NA;NA
NA;NA;NA;NA;NA;NA;NA;NA;NA;NA
NA;NA;NA;NA;NA;NA;NA;NA;NA;NA
NA;NA;NA;NA;NA;NA;NA;NA;NA;NA
NA;NA;NA;NA;NA;NA;NA;NA;NA;NA
NA;NA;NA;NA;NA;NA;NA;NA;NA;NA
NA;NA;NA;NA;NA;NA;NA;NA;NA;NA
NA;NA;NA;NA;NA;NA;NA;NA;NA;NA
NA;NA;NA;NA;NA;NA;NA;NA;NA;NA
NA;NA;NA;NA;NA;NA;NA;NA;NA;NA
NA;NA;NA;NA;NA;NA;NA;NA;NA;NA
NA;NA;NA;NA;NA;NA;NA;NA;NA;NA
NA;NA;NA;NA;NA;NA;NA;NA;NA;NA
NA;NA;NA;NA;NA;NA;NA;NA;NA;NA
NA;NA;NA;NA;NA;NA;NA;NA;NA;NA
NA;NA;NA;NA;NA;NA;NA;NA;NA;NA
NA;NA;NA;NA;NA;NA;NA;NA;NA;NA
NA;NA;NA;NA;NA;NA;NA;NA;NA;NA
NA;NA;NA;NA;NA;NA;NA;NA;NA;NA
NA;NA;NA;NA;NA;NA;NA;NA;NA;NA
NA;NA;NA;NA;NA;NA;NA;NA;NA;NA
NA;NA;NA;NA;NA;NA;NA;NA;NA;NA
NA;NA;NA;NA;NA;NA;NA;NA;NA;NA
NA;NA;NA;NA;NA;NA;NA;NA;NA;NA
NA;NA;NA;NA;NA;NA;NA;NA;NA;NA
NA;NA;NA;NA;NA;NA;NA;NA;NA;NA
NA;NA;NA;NA;NA;NA;NA;NA;NA;NA
NA;NA;NA;NA;NA;NA;NA;NA;NA;NA
NA;NA;NA;NA;NA;NA;NA;NA;NA;NA
NA;NA;NA;NA;NA;NA;NA;NA;NA;NA
NA;NA;NA;NA;NA;NA;NA;NA;NA;NA
NA;NA;NA;NA;NA;NA;NA;NA;NA;NA
NA;NA;NA;NA;NA;NA;NA;NA;NA;NA
NA;NA;NA;NA;NA;NA;NA;NA;NA;NA
NA;NA;NA;NA;NA;NA;NA;NA;NA;NA
NA;NA;NA;NA;NA;NA;NA;NA;NA;NA
NA;NA;NA;NA;NA;NA;NA;NA;NA;NA
NA;NA;NA;NA;NA;NA;NA;NA;NA;NA
NA;NA;NA;NA;NA;NA;NA;NA;NA;NA
NA;NA;NA;NA;NA;NA;NA;NA;NA;NA
NA;NA;NA;NA;NA;NA;NA;NA;NA;NA
NA;NA;NA;NA;NA;NA;NA;NA;NA;NA
NA;NA;NA;NA;NA;NA;NA;NA;NA;NA
NA;NA;NA;NA;NA;NA;NA;NA;NA;NA
NA;NA;NA;NA;NA;NA;NA;NA;NA;NA
NA;NA;NA;NA;NA;NA;NA;NA;NA;NA
NA;NA;NA;NA;NA;NA;NA;NA;NA;NA
NA;NA;NA;NA;NA;NA;NA;NA;NA;NA
NA;NA;NA;NA;NA;NA;NA;NA;NA;NA
NA;NA;NA;NA;NA;NA;NA;NA;NA;NA
NA;NA;NA;NA;NA;NA;NA;NA;NA;NA
NA;NA;NA;NA;NA;NA;NA;NA;NA;NA
NA;NA;NA;NA;NA;NA;NA;NA;NA;NA
NA;NA;NA;NA;NA;NA;NA;NA;NA;NA
NA;NA;NA;NA;NA;NA;NA;NA;NA;NA
NA;NA;NA;NA;NA;NA;NA;NA;NA;NA
NA;NA;NA;NA;NA;NA;NA;NA;NA;NA
NA;NA;NA;NA;NA;NA;NA;NA;NA;NA
NA;NA;NA;NA;NA;NA;NA;NA;NA;NA
NA;NA;NA;NA;NA;NA;NA;NA;NA;NA
NA;NA;NA;NA;NA;NA;NA;NA;NA;NA
NA;NA;NA;NA;NA;NA;NA;NA;NA;NA
NA;NA;NA;NA;NA;NA;NA;NA;NA;NA
NA;NA;NA;NA;NA;NA;NA;NA;NA;NA
NA;NA;NA;NA;NA;NA;NA;NA;NA;NA
NA;NA;NA;NA;NA;NA;NA;NA;NA;NA
NA;NA;NA;NA;NA;NA;NA;NA;NA;NA
NA;NA;NA;NA;NA;NA;NA;NA;NA;NA
NA;NA;NA;NA;NA;NA;NA;NA;NA;NA
NA;NA;NA;NA;NA;NA;NA;NA;NA;NA
NA;NA;NA;NA;NA;NA;NA;NA;NA;NA
NA;NA;NA;NA;NA;NA;NA;NA;NA;NA
NA;NA;NA;NA;NA;NA;NA;NA;NA;NA
NA;NA;NA;NA;NA;NA;NA;NA;NA;NA
NA;NA;NA;NA;NA;NA;NA;NA;NA;NA
NA;NA;NA;NA;NA;NA;NA;NA;NA;NA
NA;NA;NA;NA;NA;NA;NA;NA;NA;NA
NA;NA;NA;NA;NA;NA;NA;NA;NA;NA
NA;NA;NA;NA;NA;NA;NA;NA;NA;NA
NA;NA;NA;NA;NA;NA;NA;NA;NA;NA
NA;NA;NA;NA;NA;NA;NA;NA;NA;NA
NA;NA;NA;NA;NA;NA;NA;NA;NA;NA
NA;NA;NA;NA;NA;NA;NA;NA;NA;NA
NA;NA;NA;NA;NA;NA;NA;NA;NA;NA
NA;NA;NA;NA;NA;NA;NA;NA;NA;NA
NA;NA;NA;NA;NA;NA;NA;NA;NA;NA
NA;NA;NA;NA;NA;NA;NA;NA;NA;NA
NA;NA;NA;NA;NA;NA;NA;NA;NA;NA
NA;NA;NA;NA;NA;NA;NA;NA;NA;NA
NA;NA;NA;NA;NA;NA;NA;NA;NA;NA
NA;NA;NA;NA;NA;NA;NA;NA;NA;NA
NA;NA;NA;NA;NA;NA;NA;NA;NA;NA
NA;NA;NA;NA;NA;NA;NA;NA;NA;NA
NA;NA;NA;NA;NA;NA;NA;NA;NA;NA
NA;NA;NA;NA;NA;NA;NA;NA;NA;NA
NA;NA;NA;NA;NA;NA;NA;NA;NA;NA
NA;NA;NA;NA;NA;NA;NA;NA;NA;NA
NA;NA;NA;NA;NA;NA;NA;NA;NA;NA
NA;NA;NA;NA;NA;NA;NA;NA;NA;NA
NA;NA;NA;NA;NA;NA;NA;NA;NA;NA
NA;NA;NA;NA;NA;NA;NA;NA;NA;NA
NA;NA;NA;NA;NA;NA;NA;NA;NA;NA
NA;NA;NA;NA;NA;NA;NA;NA;NA;NA
NA;NA;NA;NA;NA;NA;NA;NA;NA;NA
NA;NA;NA;NA;NA;NA;NA;NA;NA;NA
NA;NA;NA;NA;NA;NA;NA;NA;NA;NA
NA;NA;NA;NA;NA;NA;NA;NA;NA;NA
NA;NA;NA;NA;NA;NA;NA;NA;NA;NA
NA;NA;NA;NA;NA;NA;NA;NA;NA;NA
NA;NA;NA;NA;NA;NA;NA;NA;NA;NA
NA;NA;NA;NA;NA;NA;NA;NA;NA;NA
NA;NA;NA;NA;NA;NA;NA;NA;NA;NA
NA;NA;NA;NA;NA;NA;NA;NA;NA;NA
NA;NA;NA;NA;NA;NA;NA;NA;NA;NA
NA;NA;NA;NA;NA;NA;NA;NA;NA;NA
NA;NA;NA;NA;NA;NA;NA;NA;NA;NA
NA;NA;NA;NA;NA;NA;NA;NA;NA;NA
NA;NA;NA;NA;NA;NA;NA;NA;NA;NA
NA;NA;NA;NA;NA;NA;NA;NA;NA;NA
NA;NA;NA;NA;NA;NA;NA;NA;NA;NA
NA;NA;NA;NA;NA;NA;NA;NA;NA;NA
NA;NA;NA;NA;NA;NA;NA;NA;NA;NA
NA;NA;NA;NA;NA;NA;NA;NA;NA;NA
NA;NA;NA;NA;NA;NA;NA;NA;NA;NA
NA;NA;NA;NA;NA;NA;NA;NA;NA;NA
NA;NA;NA;NA;NA;NA;NA;NA;NA;NA
NA;NA;NA;NA;NA;NA;NA;NA;NA;NA
NA;NA;NA;NA;NA;NA;NA;NA;NA;NA
NA;NA;NA;NA;NA;NA;NA;NA;NA;NA
NA;NA;NA;NA;NA;NA;NA;NA;NA;NA
NA;NA;NA;NA;NA;NA;NA;NA;NA;NA
NA;NA;NA;NA;NA;NA;NA;NA;NA;NA
NA;NA;NA;NA;NA;NA;NA;NA;NA;NA
NA;NA;NA;NA;NA;NA;NA;NA;NA;NA
NA;NA;NA;NA;NA;NA;NA;NA;NA;NA
NA;NA;NA;NA;NA;NA;NA;NA;NA;NA
NA;NA;NA;NA;NA;NA;NA;NA;NA;NA
NA;NA;NA;NA;NA;NA;NA;NA;NA;NA
NA;NA;NA;NA;NA;NA;NA;NA;NA;NA
NA;NA;NA;NA;NA;NA;NA;NA;NA;NA
NA;NA;NA;NA;NA;NA;NA;NA;NA;NA
NA;NA;NA;NA;NA;NA;NA;NA;NA;NA
NA;NA;NA;NA;NA;NA;NA;NA;NA;NA
NA;NA;NA;NA;NA;NA;NA;NA;NA;NA
NA;NA;NA;NA;NA;NA;NA;NA;NA;NA
NA;NA;NA;NA;NA;NA;NA;NA;NA;NA
NA;NA;NA;NA;NA;NA;NA;NA;NA;NA
NA;NA;NA;NA;NA;NA;NA;NA;NA;NA
NA;NA;NA;NA;NA;NA;NA;NA;NA;NA
NA;NA;NA;NA;NA;NA;NA;NA;NA;NA
NA;NA;NA;NA;NA;NA;NA;NA;NA;NA
NA;NA;NA;NA;NA;NA;NA;NA;NA;NA
NA;NA;NA;NA;NA;NA;NA;NA;NA;NA
NA;NA;NA;NA;NA;NA;NA;NA;NA;NA
NA;NA;NA;NA;NA;NA;NA;NA;NA;NA
NA;NA;NA;NA;NA;NA;NA;NA;NA;NA
NA;NA;NA;NA;NA;NA;NA;NA;NA;NA
NA;NA;NA;NA;NA;NA;NA;NA;NA;NA
NA;NA;NA;NA;NA;NA;NA;NA;NA;NA
NA;NA;NA;NA;NA;NA;NA;NA;NA;NA
NA;NA;NA;NA;NA;NA;NA;NA;NA;NA
NA;NA;NA;NA;NA;NA;NA;NA;NA;NA
NA;NA;NA;NA;NA;NA;NA;NA;NA;NA
NA;NA;NA;NA;NA;NA;NA;NA;NA;NA
NA;NA;NA;NA;NA;NA;NA;NA;NA;NA
NA;NA;NA;NA;NA;NA;NA;NA;NA;NA
NA;NA;NA;NA;NA;NA;NA;NA;NA;NA
NA;NA;NA;NA;NA;NA;NA;NA;NA;NA
NA;NA;NA;NA;NA;NA;NA;NA;NA;NA
NA;NA;NA;NA;NA;NA;NA;NA;NA;NA
NA;NA;NA;NA;NA;NA;NA;NA;NA;NA
NA;NA;NA;NA;NA;NA;NA;NA;NA;NA
NA;NA;NA;NA;NA;NA;NA;NA;NA;NA
NA;NA;NA;NA;NA;NA;NA;NA;NA;NA
NA;NA;NA;NA;NA;NA;NA;NA;NA;NA
NA;NA;NA;NA;NA;NA;NA;NA;NA;NA
NA;NA;NA;NA;NA;NA;NA;NA;NA;NA
NA;NA;NA;NA;NA;NA;NA;NA;NA;NA
NA;NA;NA;NA;NA;NA;NA;NA;NA;NA
NA;NA;NA;NA;NA;NA;NA;NA;NA;NA
NA;NA;NA;NA;NA;NA;NA;NA;NA;NA
NA;NA;NA;NA;NA;NA;NA;NA;NA;NA
NA;NA;NA;NA;NA;NA;NA;NA;NA;NA
NA;NA;NA;NA;NA;NA;NA;NA;NA;NA
NA;NA;NA;NA;NA;NA;NA;NA;NA;NA
NA;NA;NA;NA;NA;NA;NA;NA;NA;NA
NA;NA;NA;NA;NA;NA;NA;NA;NA;NA
NA;NA;NA;NA;NA;NA;NA;NA;NA;NA
NA;NA;NA;NA;NA;NA;NA;NA;NA;NA
NA;NA;NA;NA;NA;NA;NA;NA;NA;NA
NA;NA;NA;NA;NA;NA;NA;NA;NA;NA
NA;NA;NA;NA;NA;NA;NA;NA;NA;NA
NA;NA;NA;NA;NA;NA;NA;NA;NA;NA
NA;NA;NA;NA;NA;NA;NA;NA;NA;NA
NA;NA;NA;NA;NA;NA;NA;NA;NA;NA
NA;NA;NA;NA;NA;NA;NA;NA;NA;NA
NA;NA;NA;NA;NA;NA;NA;NA;NA;NA
NA;NA;NA;NA;NA;NA;NA;NA;NA;NA
NA;NA;NA;NA;NA;NA;NA;NA;NA;NA
NA;NA;NA;NA;NA;NA;NA;NA;NA;NA
NA;NA;NA;NA;NA;NA;NA;NA;NA;NA
NA;NA;NA;NA;NA;NA;NA;NA;NA;NA
NA;NA;NA;NA;NA;NA;NA;NA;NA;NA
NA;NA;NA;NA;NA;NA;NA;NA;NA;NA
NA;NA;NA;NA;NA;NA;NA;NA;NA;NA
NA;NA;NA;NA;NA;NA;NA;NA;NA;NA
NA;NA;NA;NA;NA;NA;NA;NA;NA;NA
NA;NA;NA;NA;NA;NA;NA;NA;NA;NA
NA;NA;NA;NA;NA;NA;NA;NA;NA;NA
NA;NA;NA;NA;NA;NA;NA;NA;NA;NA
NA;NA;NA;NA;NA;NA;NA;NA;NA;NA
NA;NA;NA;NA;NA;NA;NA;NA;NA;NA
NA;NA;NA;NA;NA;NA;NA;NA;NA;NA
NA;NA;NA;NA;NA;NA;NA;NA;NA;NA
NA;NA;NA;NA;NA;NA;NA;NA;NA;NA
NA;NA;NA;NA;NA;NA;NA;NA;NA;NA
NA;NA;NA;NA;NA;NA;NA;NA;NA;NA
NA;NA;NA;NA;NA;NA;NA;NA;NA;NA
NA;NA;NA;NA;NA;NA;NA;NA;NA;NA
NA;NA;NA;NA;NA;NA;NA;NA;NA;NA
NA;NA;NA;NA;NA;NA;NA;NA;NA;NA
NA;NA;NA;NA;NA;NA;NA;NA;NA;NA
NA;NA;NA;NA;NA;NA;NA;NA;NA;NA
NA;NA;NA;NA;NA;NA;NA;NA;NA;NA
NA;NA;NA;NA;NA;NA;NA;NA;NA;NA
NA;NA;NA;NA;NA;NA;NA;NA;NA;NA
NA;NA;NA;NA;NA;NA;NA;NA;NA;NA
NA;NA;NA;NA;NA;NA;NA;NA;NA;NA
NA;NA;NA;NA;NA;NA;NA;NA;NA;NA
NA;NA;NA;NA;NA;NA;NA;NA;NA;NA
NA;NA;NA;NA;NA;NA;NA;NA;NA;NA
NA;NA;NA;NA;NA;NA;NA;NA;NA;NA
NA;NA;NA;NA;NA;NA;NA;NA;NA;NA
NA;NA;NA;NA;NA;NA;NA;NA;NA;NA
NA;NA;NA;NA;NA;NA;NA;NA;NA;NA
NA;NA;NA;NA;NA;NA;NA;NA;NA;NA
NA;NA;NA;NA;NA;NA;NA;NA;NA;NA
NA;NA;NA;NA;NA;NA;NA;NA;NA;NA
NA;NA;NA;NA;NA;NA;NA;NA;NA;NA
NA;NA;NA;NA;NA;NA;NA;NA;NA;NA
NA;NA;NA;NA;NA;NA;NA;NA;NA;NA
NA;NA;NA;NA;NA;NA;NA;NA;NA;NA
NA;NA;NA;NA;NA;NA;NA;NA;NA;NA
NA;NA;NA;NA;NA;NA;NA;NA;NA;NA
NA;NA;NA;NA;NA;NA;NA;NA;NA;NA
NA;NA;NA;NA;NA;NA;NA;NA;NA;NA
NA;NA;NA;NA;NA;NA;NA;NA;NA;NA
NA;NA;NA;NA;NA;NA;NA;NA;NA;NA
NA;NA;NA;NA;NA;NA;NA;NA;NA;NA
NA;NA;NA;NA;NA;NA;NA;NA;NA;NA
NA;NA;NA;NA;NA;NA;NA;NA;NA;NA
NA;NA;NA;NA;NA;NA;NA;NA;NA;NA
NA;NA;NA;NA;NA;NA;NA;NA;NA;NA
NA;NA;NA;NA;NA;NA;NA;NA;NA;NA
NA;NA;NA;NA;NA;NA;NA;NA;NA;NA
NA;NA;NA;NA;NA;NA;NA;NA;NA;NA
NA;NA;NA;NA;NA;NA;NA;NA;NA;NA
NA;NA;NA;NA;NA;NA;NA;NA;NA;NA
NA;NA;NA;NA;NA;NA;NA;NA;NA;NA
NA;NA;NA;NA;NA;NA;NA;NA;NA;NA
NA;NA;NA;NA;NA;NA;NA;NA;NA;NA
NA;NA;NA;NA;NA;NA;NA;NA;NA;NA
NA;NA;NA;NA;NA;NA;NA;NA;NA;NA
NA;NA;NA;NA;NA;NA;NA;NA;NA;NA
NA;NA;NA;NA;NA;NA;NA;NA;NA;NA
NA;NA;NA;NA;NA;NA;NA;NA;NA;NA
NA;NA;NA;NA;NA;NA;NA;NA;NA;NA
NA;NA;NA;NA;NA;NA;NA;NA;NA;NA
NA;NA;NA;NA;NA;NA;NA;NA;NA;NA
NA;NA;NA;NA;NA;NA;NA;NA;NA;NA
NA;NA;NA;NA;NA;NA;NA;NA;NA;NA
NA;NA;NA;NA;NA;NA;NA;NA;NA;NA
NA;NA;NA;NA;NA;NA;NA;NA;NA;NA
NA;NA;NA;NA;NA;NA;NA;NA;NA;NA
NA;NA;NA;NA;NA;NA;NA;NA;NA;NA
NA;NA;NA;NA;NA;NA;NA;NA;NA;NA
NA;NA;NA;NA;NA;NA;NA;NA;NA;NA
NA;NA;NA;NA;NA;NA;NA;NA;NA;NA
NA;NA;NA;NA;NA;NA;NA;NA;NA;NA
NA;NA;NA;NA;NA;NA;NA;NA;NA;NA
NA;NA;NA;NA;NA;NA;NA;NA;NA;NA
NA;NA;NA;NA;NA;NA;NA;NA;NA;NA
NA;NA;NA;NA;NA;NA;NA;NA;NA;NA
NA;NA;NA;NA;NA;NA;NA;NA;NA;NA
NA;NA;NA;NA;NA;NA;NA;NA;NA;NA
NA;NA;NA;NA;NA;NA;NA;NA;NA;NA
NA;NA;NA;NA;NA;NA;NA;NA;NA;NA
NA;NA;NA;NA;NA;NA;NA;NA;NA;NA
NA;NA;NA;NA;NA;NA;NA;NA;NA;NA
NA;NA;NA;NA;NA;NA;NA;NA;NA;NA
NA;NA;NA;NA;NA;NA;NA;NA;NA;NA
NA;NA;NA;NA;NA;NA;NA;NA;NA;NA
NA;NA;NA;NA;NA;NA;NA;NA;NA;NA
NA;NA;NA;NA;NA;NA;NA;NA;NA;NA
NA;NA;NA;NA;NA;NA;NA;NA;NA;NA
NA;NA;NA;NA;NA;NA;NA;NA;NA;NA
NA;NA;NA;NA;NA;NA;NA;NA;NA;NA
NA;NA;NA;NA;NA;NA;NA;NA;NA;NA
NA;NA;NA;NA;NA;NA;NA;NA;NA;NA
NA;NA;NA;NA;NA;NA;NA;NA;NA;NA
NA;NA;NA;NA;NA;NA;NA;NA;NA;NA
NA;NA;NA;NA;NA;NA;NA;NA;NA;NA
NA;NA;NA;NA;NA;NA;NA;NA;NA;NA
NA;NA;NA;NA;NA;NA;NA;NA;NA;NA
NA;NA;NA;NA;NA;NA;NA;NA;NA;NA
NA;NA;NA;NA;NA;NA;NA;NA;NA;NA
NA;NA;NA;NA;NA;NA;NA;NA;NA;NA
NA;NA;NA;NA;NA;NA;NA;NA;NA;NA
NA;NA;NA;NA;NA;NA;NA;NA;NA;NA
NA;NA;NA;NA;NA;NA;NA;NA;NA;NA
NA;NA;NA;NA;NA;NA;NA;NA;NA;NA
NA;NA;NA;NA;NA;NA;NA;NA;NA;NA
NA;NA;NA;NA;NA;NA;NA;NA;NA;NA
NA;NA;NA;NA;NA;NA;NA;NA;NA;NA
NA;NA;NA;NA;NA;NA;NA;NA;NA;NA
NA;NA;NA;NA;NA;NA;NA;NA;NA;NA
NA;NA;NA;NA;NA;NA;NA;NA;NA;NA
NA;NA;NA;NA;NA;NA;NA;NA;NA;NA
NA;NA;NA;NA;NA;NA;NA;NA;NA;NA
NA;NA;NA;NA;NA;NA;NA;NA;NA;NA
NA;NA;NA;NA;NA;NA;NA;NA;NA;NA
NA;NA;NA;NA;NA;NA;NA;NA;NA;NA
NA;NA;NA;NA;NA;NA;NA;NA;NA;NA
NA;NA;NA;NA;NA;NA;NA;NA;NA;NA
NA;NA;NA;NA;NA;NA;NA;NA;NA;NA
NA;NA;NA;NA;NA;NA;NA;NA;NA;NA
NA;NA;NA;NA;NA;NA;NA;NA;NA;NA
NA;NA;NA;NA;NA;NA;NA;NA;NA;NA
NA;NA;NA;NA;NA;NA;NA;NA;NA;NA
NA;NA;NA;NA;NA;NA;NA;NA;NA;NA
NA;NA;NA;NA;NA;NA;NA;NA;NA;NA
NA;NA;NA;NA;NA;NA;NA;NA;NA;NA
NA;NA;NA;NA;NA;NA;NA;NA;NA;NA
NA;NA;NA;NA;NA;NA;NA;NA;NA;NA
NA;NA;NA;NA;NA;NA;NA;NA;NA;NA
NA;NA;NA;NA;NA;NA;NA;NA;NA;NA
NA;NA;NA;NA;NA;NA;NA;NA;NA;NA
NA;NA;NA;NA;NA;NA;NA;NA;NA;NA
NA;NA;NA;NA;NA;NA;NA;NA;NA;NA
NA;NA;NA;NA;NA;NA;NA;NA;NA;NA
NA;NA;NA;NA;NA;NA;NA;NA;NA;NA
NA;NA;NA;NA;NA;NA;NA;NA;NA;NA
NA;NA;NA;NA;NA;NA;NA;NA;NA;NA
NA;NA;NA;NA;NA;NA;NA;NA;NA;NA
NA;NA;NA;NA;NA;NA;NA;NA;NA;NA
NA;NA;NA;NA;NA;NA;NA;NA;NA;NA
NA;NA;NA;NA;NA;NA;NA;NA;NA;NA
NA;NA;NA;NA;NA;NA;NA;NA;NA;NA
NA;NA;NA;NA;NA;NA;NA;NA;NA;NA
NA;NA;NA;NA;NA;NA;NA;NA;NA;NA
NA;NA;NA;NA;NA;NA;NA;NA;NA;NA
NA;NA;NA;NA;NA;NA;NA;NA;NA;NA
NA;NA;NA;NA;NA;NA;NA;NA;NA;NA
NA;NA;NA;NA;NA;NA;NA;NA;NA;NA
NA;NA;NA;NA;NA;NA;NA;NA;NA;NA
NA;NA;NA;NA;NA;NA;NA;NA;NA;NA
NA;NA;NA;NA;NA;NA;NA;NA;NA;NA
NA;NA;NA;NA;NA;NA;NA;NA;NA;NA
NA;NA;NA;NA;NA;NA;NA;NA;NA;NA
NA;NA;NA;NA;NA;NA;NA;NA;NA;NA
NA;NA;NA;NA;NA;NA;NA;NA;NA;NA
NA;NA;NA;NA;NA;NA;NA;NA;NA;NA
NA;NA;NA;NA;NA;NA;NA;NA;NA;NA
NA;NA;NA;NA;NA;NA;NA;NA;NA;NA
NA;NA;NA;NA;NA;NA;NA;NA;NA;NA
NA;NA;NA;NA;NA;NA;NA;NA;NA;NA
NA;NA;NA;NA;NA;NA;NA;NA;NA;NA
NA;NA;NA;NA;NA;NA;NA;NA;NA;NA
NA;NA;NA;NA;NA;NA;NA;NA;NA;NA
NA;NA;NA;NA;NA;NA;NA;NA;NA;NA
NA;NA;NA;NA;NA;NA;NA;NA;NA;NA
NA;NA;NA;NA;NA;NA;NA;NA;NA;NA
NA;NA;NA;NA;NA;NA;NA;NA;NA;NA
NA;NA;NA;NA;NA;NA;NA;NA;NA;NA
NA;NA;NA;NA;NA;NA;NA;NA;NA;NA
NA;NA;NA;NA;NA;NA;NA;NA;NA;NA
NA;NA;NA;NA;NA;NA;NA;NA;NA;NA
NA;NA;NA;NA;NA;NA;NA;NA;NA;NA
NA;NA;NA;NA;NA;NA;NA;NA;NA;NA
NA;NA;NA;NA;NA;NA;NA;NA;NA;NA
NA;NA;NA;NA;NA;NA;NA;NA;NA;NA
NA;NA;NA;NA;NA;NA;NA;NA;NA;NA
NA;NA;NA;NA;NA;NA;NA;NA;NA;NA
NA;NA;NA;NA;NA;NA;NA;NA;NA;NA
NA;NA;NA;NA;NA;NA;NA;NA;NA;NA
NA;NA;NA;NA;NA;NA;NA;NA;NA;NA
NA;NA;NA;NA;NA;NA;NA;NA;NA;NA
NA;NA;NA;NA;NA;NA;NA;NA;NA;NA
NA;NA;NA;NA;NA;NA;NA;NA;NA;NA
NA;NA;NA;NA;NA;NA;NA;NA;NA;NA
NA;NA;NA;NA;NA;NA;NA;NA;NA;NA
NA;NA;NA;NA;NA;NA;NA;NA;NA;NA
NA;NA;NA;NA;NA;NA;NA;NA;NA;NA
NA;NA;NA;NA;NA;NA;NA;NA;NA;NA
NA;NA;NA;NA;NA;NA;NA;NA;NA;NA
NA;NA;NA;NA;NA;NA;NA;NA;NA;NA
NA;NA;NA;NA;NA;NA;NA;NA;NA;NA
NA;NA;NA;NA;NA;NA;NA;NA;NA;NA
NA;NA;NA;NA;NA;NA;NA;NA;NA;NA
NA;NA;NA;NA;NA;NA;NA;NA;NA;NA
NA;NA;NA;NA;NA;NA;NA;NA;NA;NA
NA;NA;NA;NA;NA;NA;NA;NA;NA;NA
NA;NA;NA;NA;NA;NA;NA;NA;NA;NA
NA;NA;NA;NA;NA;NA;NA;NA;NA;NA
NA;NA;NA;NA;NA;NA;NA;NA;NA;NA
NA;NA;NA;NA;NA;NA;NA;NA;NA;NA
NA;NA;NA;NA;NA;NA;NA;NA;NA;NA
NA;NA;NA;NA;NA;NA;NA;NA;NA;NA
NA;NA;NA;NA;NA;NA;NA;NA;NA;NA
NA;NA;NA;NA;NA;NA;NA;NA;NA;NA
NA;NA;NA;NA;NA;NA;NA;NA;NA;NA
NA;NA;NA;NA;NA;NA;NA;NA;NA;NA
NA;NA;NA;NA;NA;NA;NA;NA;NA;NA
NA;NA;NA;NA;NA;NA;NA;NA;NA;NA
NA;NA;NA;NA;NA;NA;NA;NA;NA;NA
NA;NA;NA;NA;NA;NA;NA;NA;NA;NA
NA;NA;NA;NA;NA;NA;NA;NA;NA;NA
NA;NA;NA;NA;NA;NA;NA;NA;NA;NA
NA;NA;NA;NA;NA;NA;NA;NA;NA;NA
NA;NA;NA;NA;NA;NA;NA;NA;NA;NA
NA;NA;NA;NA;NA;NA;NA;NA;NA;NA
NA;NA;NA;NA;NA;NA;NA;NA;NA;NA
NA;NA;NA;NA;NA;NA;NA;NA;NA;NA
NA;NA;NA;NA;NA;NA;NA;NA;NA;NA
NA;NA;NA;NA;NA;NA;NA;NA;NA;NA
NA;NA;NA;NA;NA;NA;NA;NA;NA;NA
NA;NA;NA;NA;NA;NA;NA;NA;NA;NA
NA;NA;NA;NA;NA;NA;NA;NA;NA;NA
NA;NA;NA;NA;NA;NA;NA;NA;NA;NA
NA;NA;NA;NA;NA;NA;NA;NA;NA;NA
NA;NA;NA;NA;NA;NA;NA;NA;NA;NA
NA;NA;NA;NA;NA;NA;NA;NA;NA;NA
NA;NA;NA;NA;NA;NA;NA;NA;NA;NA
NA;NA;NA;NA;NA;NA;NA;NA;NA;NA
NA;NA;NA;NA;NA;NA;NA;NA;NA;NA
NA;NA;NA;NA;NA;NA;NA;NA;NA;NA
NA;NA;NA;NA;NA;NA;NA;NA;NA;NA
NA;NA;NA;NA;NA;NA;NA;NA;NA;NA
NA;NA;NA;NA;NA;NA;NA;NA;NA;NA
NA;NA;NA;NA;NA;NA;NA;NA;NA;NA
NA;NA;NA;NA;NA;NA;NA;NA;NA;NA
NA;NA;NA;NA;NA;NA;NA;NA;NA;NA
NA;NA;NA;NA;NA;NA;NA;NA;NA;NA
NA;NA;NA;NA;NA;NA;NA;NA;NA;NA
NA;NA;NA;NA;NA;NA;NA;NA;NA;NA
NA;NA;NA;NA;NA;NA;NA;NA;NA;NA
NA;NA;NA;NA;NA;NA;NA;NA;NA;NA
NA;NA;NA;NA;NA;NA;NA;NA;NA;NA
NA;NA;NA;NA;NA;NA;NA;NA;NA;NA
NA;NA;NA;NA;NA;NA;NA;NA;NA;NA
NA;NA;NA;NA;NA;NA;NA;NA;NA;NA
NA;NA;NA;NA;NA;NA;NA;NA;NA;NA
NA;NA;NA;NA;NA;NA;NA;NA;NA;NA
NA;NA;NA;NA;NA;NA;NA;NA;NA;NA
NA;NA;NA;NA;NA;NA;NA;NA;NA;NA
NA;NA;NA;NA;NA;NA;NA;NA;NA;NA
NA;NA;NA;NA;NA;NA;NA;NA;NA;NA
NA;NA;NA;NA;NA;NA;NA;NA;NA;NA
NA;NA;NA;NA;NA;NA;NA;NA;NA;NA
NA;NA;NA;NA;NA;NA;NA;NA;NA;NA
NA;NA;NA;NA;NA;NA;NA;NA;NA;NA
NA;NA;NA;NA;NA;NA;NA;NA;NA;NA
NA;NA;NA;NA;NA;NA;NA;NA;NA;NA
NA;NA;NA;NA;NA;NA;NA;NA;NA;NA
NA;NA;NA;NA;NA;NA;NA;NA;NA;NA
NA;NA;NA;NA;NA;NA;NA;NA;NA;NA
NA;NA;NA;NA;NA;NA;NA;NA;NA;NA
NA;NA;NA;NA;NA;NA;NA;NA;NA;NA
NA;NA;NA;NA;NA;NA;NA;NA;NA;NA
NA;NA;NA;NA;NA;NA;NA;NA;NA;NA
NA;NA;NA;NA;NA;NA;NA;NA;NA;NA
NA;NA;NA;NA;NA;NA;NA;NA;NA;NA
NA;NA;NA;NA;NA;NA;NA;NA;NA;NA
NA;NA;NA;NA;NA;NA;NA;NA;NA;NA
NA;NA;NA;NA;NA;NA;NA;NA;NA;NA
NA;NA;NA;NA;NA;NA;NA;NA;NA;NA
NA;NA;NA;NA;NA;NA;NA;NA;NA;NA
NA;NA;NA;NA;NA;NA;NA;NA;NA;NA
NA;NA;NA;NA;NA;NA;NA;NA;NA;NA
NA;NA;NA;NA;NA;NA;NA;NA;NA;NA
NA;NA;NA;NA;NA;NA;NA;NA;NA;NA
NA;NA;NA;NA;NA;NA;NA;NA;NA;NA
NA;NA;NA;NA;NA;NA;NA;NA;NA;NA
NA;NA;NA;NA;NA;NA;NA;NA;NA;NA
NA;NA;NA;NA;NA;NA;NA;NA;NA;NA
NA;NA;NA;NA;NA;NA;NA;NA;NA;NA
NA;NA;NA;NA;NA;NA;NA;NA;NA;NA
NA;NA;NA;NA;NA;NA;NA;NA;NA;NA
NA;NA;NA;NA;NA;NA;NA;NA;NA;NA
NA;NA;NA;NA;NA;NA;NA;NA;NA;NA
NA;NA;NA;NA;NA;NA;NA;NA;NA;NA
NA;NA;NA;NA;NA;NA;NA;NA;NA;NA
NA;NA;NA;NA;NA;NA;NA;NA;NA;NA
NA;NA;NA;NA;NA;NA;NA;NA;NA;NA
NA;NA;NA;NA;NA;NA;NA;NA;NA;NA
NA;NA;NA;NA;NA;NA;NA;NA;NA;NA
NA;NA;NA;NA;NA;NA;NA;NA;NA;NA
NA;NA;NA;NA;NA;NA;NA;NA;NA;NA
NA;NA;NA;NA;NA;NA;NA;NA;NA;NA
NA;NA;NA;NA;NA;NA;NA;NA;NA;NA
NA;NA;NA;NA;NA;NA;NA;NA;NA;NA
NA;NA;NA;NA;NA;NA;NA;NA;NA;NA
NA;NA;NA;NA;NA;NA;NA;NA;NA;NA
NA;NA;NA;NA;NA;NA;NA;NA;NA;NA
NA;NA;NA;NA;NA;NA;NA;NA;NA;NA
NA;NA;NA;NA;NA;NA;NA;NA;NA;NA
NA;NA;NA;NA;NA;NA;NA;NA;NA;NA
NA;NA;NA;NA;NA;NA;NA;NA;NA;NA
NA;NA;NA;NA;NA;NA;NA;NA;NA;NA
NA;NA;NA;NA;NA;NA;NA;NA;NA;NA
NA;NA;NA;NA;NA;NA;NA;NA;NA;NA
NA;NA;NA;NA;NA;NA;NA;NA;NA;NA
NA;NA;NA;NA;NA;NA;NA;NA;NA;NA
NA;NA;NA;NA;NA;NA;NA;NA;NA;NA
NA;NA;NA;NA;NA;NA;NA;NA;NA;NA
NA;NA;NA;NA;NA;NA;NA;NA;NA;NA
NA;NA;NA;NA;NA;NA;NA;NA;NA;NA
NA;NA;NA;NA;NA;NA;NA;NA;NA;NA
NA;NA;NA;NA;NA;NA;NA;NA;NA;NA
NA;NA;NA;NA;NA;NA;NA;NA;NA;NA
NA;NA;NA;NA;NA;NA;NA;NA;NA;NA
NA;NA;NA;NA;NA;NA;NA;NA;NA;NA
NA;NA;NA;NA;NA;NA;NA;NA;NA;NA
NA;NA;NA;NA;NA;NA;NA;NA;NA;NA
NA;NA;NA;NA;NA;NA;NA;NA;NA;NA
NA;NA;NA;NA;NA;NA;NA;NA;NA;NA
NA;NA;NA;NA;NA;NA;NA;NA;NA;NA
NA;NA;NA;NA;NA;NA;NA;NA;NA;NA
NA;NA;NA;NA;NA;NA;NA;NA;NA;NA
NA;NA;NA;NA;NA;NA;NA;NA;NA;NA
NA;NA;NA;NA;NA;NA;NA;NA;NA;NA
NA;NA;NA;NA;NA;NA;NA;NA;NA;NA
NA;NA;NA;NA;NA;NA;NA;NA;NA;NA
NA;NA;NA;NA;NA;NA;NA;NA;NA;NA
NA;NA;NA;NA;NA;NA;NA;NA;NA;NA
NA;NA;NA;NA;NA;NA;NA;NA;NA;NA
NA;NA;NA;NA;NA;NA;NA;NA;NA;NA
NA;NA;NA;NA;NA;NA;NA;NA;NA;NA
NA;NA;NA;NA;NA;NA;NA;NA;NA;NA
NA;NA;NA;NA;NA;NA;NA;NA;NA;NA
NA;NA;NA;NA;NA;NA;NA;NA;NA;NA
NA;NA;NA;NA;NA;NA;NA;NA;NA;NA
NA;NA;NA;NA;NA;NA;NA;NA;NA;NA
NA;NA;NA;NA;NA;NA;NA;NA;NA;NA
NA;NA;NA;NA;NA;NA;NA;NA;NA;NA
NA;NA;NA;NA;NA;NA;NA;NA;NA;NA
NA;NA;NA;NA;NA;NA;NA;NA;NA;NA
NA;NA;NA;NA;NA;NA;NA;NA;NA;NA
NA;NA;NA;NA;NA;NA;NA;NA;NA;NA
NA;NA;NA;NA;NA;NA;NA;NA;NA;NA
NA;NA;NA;NA;NA;NA;NA;NA;NA;NA
NA;NA;NA;NA;NA;NA;NA;NA;NA;NA
NA;NA;NA;NA;NA;NA;NA;NA;NA;NA
NA;NA;NA;NA;NA;NA;NA;NA;NA;NA
NA;NA;NA;NA;NA;NA;NA;NA;NA;NA
NA;NA;NA;NA;NA;NA;NA;NA;NA;NA
NA;NA;NA;NA;NA;NA;NA;NA;NA;NA
NA;NA;NA;NA;NA;NA;NA;NA;NA;NA
NA;NA;NA;NA;NA;NA;NA;NA;NA;NA
NA;NA;NA;NA;NA;NA;NA;NA;NA;NA
NA;NA;NA;NA;NA;NA;NA;NA;NA;NA
NA;NA;NA;NA;NA;NA;NA;NA;NA;NA
NA;NA;NA;NA;NA;NA;NA;NA;NA;NA
NA;NA;NA;NA;NA;NA;NA;NA;NA;NA
NA;NA;NA;NA;NA;NA;NA;NA;NA;NA
NA;NA;NA;NA;NA;NA;NA;NA;NA;NA
NA;NA;NA;NA;NA;NA;NA;NA;NA;NA
NA;NA;NA;NA;NA;NA;NA;NA;NA;NA
NA;NA;NA;NA;NA;NA;NA;NA;NA;NA
NA;NA;NA;NA;NA;NA;NA;NA;NA;NA
NA;NA;NA;NA;NA;NA;NA;NA;NA;NA
NA;NA;NA;NA;NA;NA;NA;NA;NA;NA
NA;NA;NA;NA;NA;NA;NA;NA;NA;NA
NA;NA;NA;NA;NA;NA;NA;NA;NA;NA
NA;NA;NA;NA;NA;NA;NA;NA;NA;NA
NA;NA;NA;NA;NA;NA;NA;NA;NA;NA
NA;NA;NA;NA;NA;NA;NA;NA;NA;NA
NA;NA;NA;NA;NA;NA;NA;NA;NA;NA
NA;NA;NA;NA;NA;NA;NA;NA;NA;NA
NA;NA;NA;NA;NA;NA;NA;NA;NA;NA
NA;NA;NA;NA;NA;NA;NA;NA;NA;NA
NA;NA;NA;NA;NA;NA;NA;NA;NA;NA
NA;NA;NA;NA;NA;NA;NA;NA;NA;NA
NA;NA;NA;NA;NA;NA;NA;NA;NA;NA
NA;NA;NA;NA;NA;NA;NA;NA;NA;NA
NA;NA;NA;NA;NA;NA;NA;NA;NA;NA
NA;NA;NA;NA;NA;NA;NA;NA;NA;NA
NA;NA;NA;NA;NA;NA;NA;NA;NA;NA
NA;NA;NA;NA;NA;NA;NA;NA;NA;NA
NA;NA;NA;NA;NA;NA;NA;NA;NA;NA
NA;NA;NA;NA;NA;NA;NA;NA;NA;NA
NA;NA;NA;NA;NA;NA;NA;NA;NA;NA
NA;NA;NA;NA;NA;NA;NA;NA;NA;NA
NA;NA;NA;NA;NA;NA;NA;NA;NA;NA
NA;NA;NA;NA;NA;NA;NA;NA;NA;NA
NA;NA;NA;NA;NA;NA;NA;NA;NA;NA
NA;NA;NA;NA;NA;NA;NA;NA;NA;NA
NA;NA;NA;NA;NA;NA;NA;NA;NA;NA
NA;NA;NA;NA;NA;NA;NA;NA;NA;NA
NA;NA;NA;NA;NA;NA;NA;NA;NA;NA
NA;NA;NA;NA;NA;NA;NA;NA;NA;NA
NA;NA;NA;NA;NA;NA;NA;NA;NA;NA
NA;NA;NA;NA;NA;NA;NA;NA;NA;NA
NA;NA;NA;NA;NA;NA;NA;NA;NA;NA
NA;NA;NA;NA;NA;NA;NA;NA;NA;NA
NA;NA;NA;NA;NA;NA;NA;NA;NA;NA
NA;NA;NA;NA;NA;NA;NA;NA;NA;NA
NA;NA;NA;NA;NA;NA;NA;NA;NA;NA
NA;NA;NA;NA;NA;NA;NA;NA;NA;NA
NA;NA;NA;NA;NA;NA;NA;NA;NA;NA
NA;NA;NA;NA;NA;NA;NA;NA;NA;NA
NA;NA;NA;NA;NA;NA;NA;NA;NA;NA
NA;NA;NA;NA;NA;NA;NA;NA;NA;NA
NA;NA;NA;NA;NA;NA;NA;NA;NA;NA
NA;NA;NA;NA;NA;NA;NA;NA;NA;NA
NA;NA;NA;NA;NA;NA;NA;NA;NA;NA
NA;NA;NA;NA;NA;NA;NA;NA;NA;NA
NA;NA;NA;NA;NA;NA;NA;NA;NA;NA
NA;NA;NA;NA;NA;NA;NA;NA;NA;NA
NA;NA;NA;NA;NA;NA;NA;NA;NA;NA
NA;NA;NA;NA;NA;NA;NA;NA;NA;NA
NA;NA;NA;NA;NA;NA;NA;NA;NA;NA
NA;NA;NA;NA;NA;NA;NA;NA;NA;NA
NA;NA;NA;NA;NA;NA;NA;NA;NA;NA
NA;NA;NA;NA;NA;NA;NA;NA;NA;NA
NA;NA;NA;NA;NA;NA;NA;NA;NA;NA
NA;NA;NA;NA;NA;NA;NA;NA;NA;NA
NA;NA;NA;NA;NA;NA;NA;NA;NA;NA
NA;NA;NA;NA;NA;NA;NA;NA;NA;NA
NA;NA;NA;NA;NA;NA;NA;NA;NA;NA
NA;NA;NA;NA;NA;NA;NA;NA;NA;NA
NA;NA;NA;NA;NA;NA;NA;NA;NA;NA
NA;NA;NA;NA;NA;NA;NA;NA;NA;NA
NA;NA;NA;NA;NA;NA;NA;NA;NA;NA
NA;NA;NA;NA;NA;NA;NA;NA;NA;NA
NA;NA;NA;NA;NA;NA;NA;NA;NA;NA
NA;NA;NA;NA;NA;NA;NA;NA;NA;NA
NA;NA;NA;NA;NA;NA;NA;NA;NA;NA
NA;NA;NA;NA;NA;NA;NA;NA;NA;NA
NA;NA;NA;NA;NA;NA;NA;NA;NA;NA
NA;NA;NA;NA;NA;NA;NA;NA;NA;NA
NA;NA;NA;NA;NA;NA;NA;NA;NA;NA
NA;NA;NA;NA;NA;NA;NA;NA;NA;NA
NA;NA;NA;NA;NA;NA;NA;NA;NA;NA
NA;NA;NA;NA;NA;NA;NA;NA;NA;NA
NA;NA;NA;NA;NA;NA;NA;NA;NA;NA
NA;NA;NA;NA;NA;NA;NA;NA;NA;NA
NA;NA;NA;NA;NA;NA;NA;NA;NA;NA
NA;NA;NA;NA;NA;NA;NA;NA;NA;NA
NA;NA;NA;NA;NA;NA;NA;NA;NA;NA
NA;NA;NA;NA;NA;NA;NA;NA;NA;NA
NA;NA;NA;NA;NA;NA;NA;NA;NA;NA
NA;NA;NA;NA;NA;NA;NA;NA;NA;NA
NA;NA;NA;NA;NA;NA;NA;NA;NA;NA
NA;NA;NA;NA;NA;NA;NA;NA;NA;NA
NA;NA;NA;NA;NA;NA;NA;NA;NA;NA
NA;NA;NA;NA;NA;NA;NA;NA;NA;NA
NA;NA;NA;NA;NA;NA;NA;NA;NA;NA
NA;NA;NA;NA;NA;NA;NA;NA;NA;NA
NA;NA;NA;NA;NA;NA;NA;NA;NA;NA
NA;NA;NA;NA;NA;NA;NA;NA;NA;NA
NA;NA;NA;NA;NA;NA;NA;NA;NA;NA
NA;NA;NA;NA;NA;NA;NA;NA;NA;NA
NA;NA;NA;NA;NA;NA;NA;NA;NA;NA
NA;NA;NA;NA;NA;NA;NA;NA;NA;NA
NA;NA;NA;NA;NA;NA;NA;NA;NA;NA
NA;NA;NA;NA;NA;NA;NA;NA;NA;NA
NA;NA;NA;NA;NA;NA;NA;NA;NA;NA
NA;NA;NA;NA;NA;NA;NA;NA;NA;NA
NA;NA;NA;NA;NA;NA;NA;NA;NA;NA
NA;NA;NA;NA;NA;NA;NA;NA;NA;NA
NA;NA;NA;NA;NA;NA;NA;NA;NA;NA
NA;NA;NA;NA;NA;NA;NA;NA;NA;NA
NA;NA;NA;NA;NA;NA;NA;NA;NA;NA
NA;NA;NA;NA;NA;NA;NA;NA;NA;NA
NA;NA;NA;NA;NA;NA;NA;NA;NA;NA
NA;NA;NA;NA;NA;NA;NA;NA;NA;NA
NA;NA;NA;NA;NA;NA;NA;NA;NA;NA
NA;NA;NA;NA;NA;NA;NA;NA;NA;NA
NA;NA;NA;NA;NA;NA;NA;NA;NA;NA
NA;NA;NA;NA;NA;NA;NA;NA;NA;NA
NA;NA;NA;NA;NA;NA;NA;NA;NA;NA
NA;NA;NA;NA;NA;NA;NA;NA;NA;NA
NA;NA;NA;NA;NA;NA;NA;NA;NA;NA
NA;NA;NA;NA;NA;NA;NA;NA;NA;NA
NA;NA;NA;NA;NA;NA;NA;NA;NA;NA
NA;NA;NA;NA;NA;NA;NA;NA;NA;NA
NA;NA;NA;NA;NA;NA;NA;NA;NA;NA
NA;NA;NA;NA;NA;NA;NA;NA;NA;NA
NA;NA;NA;NA;NA;NA;NA;NA;NA;NA
NA;NA;NA;NA;NA;NA;NA;NA;NA;NA
NA;NA;NA;NA;NA;NA;NA;NA;NA;NA
NA;NA;NA;NA;NA;NA;NA;NA;NA;NA
NA;NA;NA;NA;NA;NA;NA;NA;NA;NA
NA;NA;NA;NA;NA;NA;NA;NA;NA;NA
NA;NA;NA;NA;NA;NA;NA;NA;NA;NA
NA;NA;NA;NA;NA;NA;NA;NA;NA;NA
NA;NA;NA;NA;NA;NA;NA;NA;NA;NA
NA;NA;NA;NA;NA;NA;NA;NA;NA;NA
NA;NA;NA;NA;NA;NA;NA;NA;NA;NA
NA;NA;NA;NA;NA;NA;NA;NA;NA;NA
NA;NA;NA;NA;NA;NA;NA;NA;NA;NA
NA;NA;NA;NA;NA;NA;NA;NA;NA;NA
NA;NA;NA;NA;NA;NA;NA;NA;NA;NA
NA;NA;NA;NA;NA;NA;NA;NA;NA;NA
NA;NA;NA;NA;NA;NA;NA;NA;NA;NA
NA;NA;NA;NA;NA;NA;NA;NA;NA;NA
NA;NA;NA;NA;NA;NA;NA;NA;NA;NA
NA;NA;NA;NA;NA;NA;NA;NA;NA;NA
NA;NA;NA;NA;NA;NA;NA;NA;NA;NA
NA;NA;NA;NA;NA;NA;NA;NA;NA;NA
NA;NA;NA;NA;NA;NA;NA;NA;NA;NA
NA;NA;NA;NA;NA;NA;NA;NA;NA;NA
NA;NA;NA;NA;NA;NA;NA;NA;NA;NA
NA;NA;NA;NA;NA;NA;NA;NA;NA;NA
NA;NA;NA;NA;NA;NA;NA;NA;NA;NA
NA;NA;NA;NA;NA;NA;NA;NA;NA;NA
NA;NA;NA;NA;NA;NA;NA;NA;NA;NA
NA;NA;NA;NA;NA;NA;NA;NA;NA;NA
NA;NA;NA;NA;NA;NA;NA;NA;NA;NA
NA;NA;NA;NA;NA;NA;NA;NA;NA;NA
NA;NA;NA;NA;NA;NA;NA;NA;NA;NA
NA;NA;NA;NA;NA;NA;NA;NA;NA;NA
NA;NA;NA;NA;NA;NA;NA;NA;NA;NA
NA;NA;NA;NA;NA;NA;NA;NA;NA;NA
NA;NA;NA;NA;NA;NA;NA;NA;NA;NA
NA;NA;NA;NA;NA;NA;NA;NA;NA;NA
NA;NA;NA;NA;NA;NA;NA;NA;NA;NA
NA;NA;NA;NA;NA;NA;NA;NA;NA;NA
NA;NA;NA;NA;NA;NA;NA;NA;NA;NA
NA;NA;NA;NA;NA;NA;NA;NA;NA;NA
NA;NA;NA;NA;NA;NA;NA;NA;NA;NA
NA;NA;NA;NA;NA;NA;NA;NA;NA;NA
NA;NA;NA;NA;NA;NA;NA;NA;NA;NA
NA;NA;NA;NA;NA;NA;NA;NA;NA;NA
NA;NA;NA;NA;NA;NA;NA;NA;NA;NA
NA;NA;NA;NA;NA;NA;NA;NA;NA;NA
NA;NA;NA;NA;NA;NA;NA;NA;NA;NA
NA;NA;NA;NA;NA;NA;NA;NA;NA;NA
NA;NA;NA;NA;NA;NA;NA;NA;NA;NA
NA;NA;NA;NA;NA;NA;NA;NA;NA;NA
NA;NA;NA;NA;NA;NA;NA;NA;NA;NA
NA;NA;NA;NA;NA;NA;NA;NA;NA;NA
NA;NA;NA;NA;NA;NA;NA;NA;NA;NA
NA;NA;NA;NA;NA;NA;NA;NA;NA;NA
NA;NA;NA;NA;NA;NA;NA;NA;NA;NA
NA;NA;NA;NA;NA;NA;NA;NA;NA;NA
NA;NA;NA;NA;NA;NA;NA;NA;NA;NA
NA;NA;NA;NA;NA;NA;NA;NA;NA;NA
NA;NA;NA;NA;NA;NA;NA;NA;NA;NA
NA;NA;NA;NA;NA;NA;NA;NA;NA;NA
NA;NA;NA;NA;NA;NA;NA;NA;NA;NA
NA;NA;NA;NA;NA;NA;NA;NA;NA;NA
NA;NA;NA;NA;NA;NA;NA;NA;NA;NA
NA;NA;NA;NA;NA;NA;NA;NA;NA;NA
NA;NA;NA;NA;NA;NA;NA;NA;NA;NA
NA;NA;NA;NA;NA;NA;NA;NA;NA;NA
NA;NA;NA;NA;NA;NA;NA;NA;NA;NA
NA;NA;NA;NA;NA;NA;NA;NA;NA;NA
NA;NA;NA;NA;NA;NA;NA;NA;NA;NA
NA;NA;NA;NA;NA;NA;NA;NA;NA;NA
NA;NA;NA;NA;NA;NA;NA;NA;NA;NA
NA;NA;NA;NA;NA;NA;NA;NA;NA;NA
NA;NA;NA;NA;NA;NA;NA;NA;NA;NA
NA;NA;NA;NA;NA;NA;NA;NA;NA;NA
NA;NA;NA;NA;NA;NA;NA;NA;NA;NA
NA;NA;NA;NA;NA;NA;NA;NA;NA;NA
NA;NA;NA;NA;NA;NA;NA;NA;NA;NA
NA;NA;NA;NA;NA;NA;NA;NA;NA;NA
NA;NA;NA;NA;NA;NA;NA;NA;NA;NA
NA;NA;NA;NA;NA;NA;NA;NA;NA;NA
NA;NA;NA;NA;NA;NA;NA;NA;NA;NA
NA;NA;NA;NA;NA;NA;NA;NA;NA;NA
NA;NA;NA;NA;NA;NA;NA;NA;NA;NA
NA;NA;NA;NA;NA;NA;NA;NA;NA;NA
NA;NA;NA;NA;NA;NA;NA;NA;NA;NA
NA;NA;NA;NA;NA;NA;NA;NA;NA;NA
NA;NA;NA;NA;NA;NA;NA;NA;NA;NA
NA;NA;NA;NA;NA;NA;NA;NA;NA;NA
NA;NA;NA;NA;NA;NA;NA;NA;NA;NA
NA;NA;NA;NA;NA;NA;NA;NA;NA;NA
NA;NA;NA;NA;NA;NA;NA;NA;NA;NA
NA;NA;NA;NA;NA;NA;NA;NA;NA;NA
NA;NA;NA;NA;NA;NA;NA;NA;NA;NA
NA;NA;NA;NA;NA;NA;NA;NA;NA;NA
NA;NA;NA;NA;NA;NA;NA;NA;NA;NA
NA;NA;NA;NA;NA;NA;NA;NA;NA;NA
NA;NA;NA;NA;NA;NA;NA;NA;NA;NA
NA;NA;NA;NA;NA;NA;NA;NA;NA;NA
NA;NA;NA;NA;NA;NA;NA;NA;NA;NA
NA;NA;NA;NA;NA;NA;NA;NA;NA;NA
NA;NA;NA;NA;NA;NA;NA;NA;NA;NA
NA;NA;NA;NA;NA;NA;NA;NA;NA;NA
NA;NA;NA;NA;NA;NA;NA;NA;NA;NA
NA;NA;NA;NA;NA;NA;NA;NA;NA;NA
NA;NA;NA;NA;NA;NA;NA;NA;NA;NA
NA;NA;NA;NA;NA;NA;NA;NA;NA;NA
NA;NA;NA;NA;NA;NA;NA;NA;NA;NA
NA;NA;NA;NA;NA;NA;NA;NA;NA;NA
NA;NA;NA;NA;NA;NA;NA;NA;NA;NA
NA;NA;NA;NA;NA;NA;NA;NA;NA;NA
NA;NA;NA;NA;NA;NA;NA;NA;NA;NA
NA;NA;NA;NA;NA;NA;NA;NA;NA;NA
NA;NA;NA;NA;NA;NA;NA;NA;NA;NA
NA;NA;NA;NA;NA;NA;NA;NA;NA;NA
NA;NA;NA;NA;NA;NA;NA;NA;NA;NA
NA;NA;NA;NA;NA;NA;NA;NA;NA;NA
NA;NA;NA;NA;NA;NA;NA;NA;NA;NA
NA;NA;NA;NA;NA;NA;NA;NA;NA;NA
NA;NA;NA;NA;NA;NA;NA;NA;NA;NA
NA;NA;NA;NA;NA;NA;NA;NA;NA;NA
NA;NA;NA;NA;NA;NA;NA;NA;NA;NA
NA;NA;NA;NA;NA;NA;NA;NA;NA;NA
NA;NA;NA;NA;NA;NA;NA;NA;NA;NA
NA;NA;NA;NA;NA;NA;NA;NA;NA;NA
NA;NA;NA;NA;NA;NA;NA;NA;NA;NA
NA;NA;NA;NA;NA;NA;NA;NA;NA;NA
NA;NA;NA;NA;NA;NA;NA;NA;NA;NA
NA;NA;NA;NA;NA;NA;NA;NA;NA;NA
NA;NA;NA;NA;NA;NA;NA;NA;NA;NA
NA;NA;NA;NA;NA;NA;NA;NA;NA;NA
NA;NA;NA;NA;NA;NA;NA;NA;NA;NA
NA;NA;NA;NA;NA;NA;NA;NA;NA;NA
NA;NA;NA;NA;NA;NA;NA;NA;NA;NA
NA;NA;NA;NA;NA;NA;NA;NA;NA;NA
NA;NA;NA;NA;NA;NA;NA;NA;NA;NA
NA;NA;NA;NA;NA;NA;NA;NA;NA;NA
NA;NA;NA;NA;NA;NA;NA;NA;NA;NA
NA;NA;NA;NA;NA;NA;NA;NA;NA;NA
NA;NA;NA;NA;NA;NA;NA;NA;NA;NA
NA;NA;NA;NA;NA;NA;NA;NA;NA;NA
NA;NA;NA;NA;NA;NA;NA;NA;NA;NA
NA;NA;NA;NA;NA;NA;NA;NA;NA;NA
NA;NA;NA;NA;NA;NA;NA;NA;NA;NA
NA;NA;NA;NA;NA;NA;NA;NA;NA;NA
NA;NA;NA;NA;NA;NA;NA;NA;NA;NA
NA;NA;NA;NA;NA;NA;NA;NA;NA;NA
NA;NA;NA;NA;NA;NA;NA;NA;NA;NA
NA;NA;NA;NA;NA;NA;NA;NA;NA;NA
NA;NA;NA;NA;NA;NA;NA;NA;NA;NA
NA;NA;NA;NA;NA;NA;NA;NA;NA;NA
NA;NA;NA;NA;NA;NA;NA;NA;NA;NA
NA;NA;NA;NA;NA;NA;NA;NA;NA;NA
NA;NA;NA;NA;NA;NA;NA;NA;NA;NA
NA;NA;NA;NA;NA;NA;NA;NA;NA;NA
NA;NA;NA;NA;NA;NA;NA;NA;NA;NA
NA;NA;NA;NA;NA;NA;NA;NA;NA;NA
NA;NA;NA;NA;NA;NA;NA;NA;NA;NA
NA;NA;NA;NA;NA;NA;NA;NA;NA;NA
NA;NA;NA;NA;NA;NA;NA;NA;NA;NA
NA;NA;NA;NA;NA;NA;NA;NA;NA;NA
NA;NA;NA;NA;NA;NA;NA;NA;NA;NA
NA;NA;NA;NA;NA;NA;NA;NA;NA;NA
NA;NA;NA;NA;NA;NA;NA;NA;NA;NA
NA;NA;NA;NA;NA;NA;NA;NA;NA;NA
NA;NA;NA;NA;NA;NA;NA;NA;NA;NA
NA;NA;NA;NA;NA;NA;NA;NA;NA;NA
NA;NA;NA;NA;NA;NA;NA;NA;NA;NA
NA;NA;NA;NA;NA;NA;NA;NA;NA;NA
NA;NA;NA;NA;NA;NA;NA;NA;NA;NA
NA;NA;NA;NA;NA;NA;NA;NA;NA;NA
NA;NA;NA;NA;NA;NA;NA;NA;NA;NA
NA;NA;NA;NA;NA;NA;NA;NA;NA;NA
NA;NA;NA;NA;NA;NA;NA;NA;NA;NA
NA;NA;NA;NA;NA;NA;NA;NA;NA;NA
NA;NA;NA;NA;NA;NA;NA;NA;NA;NA
NA;NA;NA;NA;NA;NA;NA;NA;NA;NA
NA;NA;NA;NA;NA;NA;NA;NA;NA;NA
NA;NA;NA;NA;NA;NA;NA;NA;NA;NA
NA;NA;NA;NA;NA;NA;NA;NA;NA;NA
NA;NA;NA;NA;NA;NA;NA;NA;NA;NA
NA;NA;NA;NA;NA;NA;NA;NA;NA;NA
NA;NA;NA;NA;NA;NA;NA;NA;NA;NA
NA;NA;NA;NA;NA;NA;NA;NA;NA;NA
NA;NA;NA;NA;NA;NA;NA;NA;NA;NA
NA;NA;NA;NA;NA;NA;NA;NA;NA;NA
NA;NA;NA;NA;NA;NA;NA;NA;NA;NA
NA;NA;NA;NA;NA;NA;NA;NA;NA;NA
NA;NA;NA;NA;NA;NA;NA;NA;NA;NA
NA;NA;NA;NA;NA;NA;NA;NA;NA;NA
NA;NA;NA;NA;NA;NA;NA;NA;NA;NA
NA;NA;NA;NA;NA;NA;NA;NA;NA;NA
NA;NA;NA;NA;NA;NA;NA;NA;NA;NA
NA;NA;NA;NA;NA;NA;NA;NA;NA;NA
NA;NA;NA;NA;NA;NA;NA;NA;NA;NA
NA;NA;NA;NA;NA;NA;NA;NA;NA;NA
NA;NA;NA;NA;NA;NA;NA;NA;NA;NA
NA;NA;NA;NA;NA;NA;NA;NA;NA;NA
NA;NA;NA;NA;NA;NA;NA;NA;NA;NA
NA;NA;NA;NA;NA;NA;NA;NA;NA;NA
NA;NA;NA;NA;NA;NA;NA;NA;NA;NA
NA;NA;NA;NA;NA;NA;NA;NA;NA;NA
NA;NA;NA;NA;NA;NA;NA;NA;NA;NA
NA;NA;NA;NA;NA;NA;NA;NA;NA;NA
NA;NA;NA;NA;NA;NA;NA;NA;NA;NA
NA;NA;NA;NA;NA;NA;NA;NA;NA;NA
NA;NA;NA;NA;NA;NA;NA;NA;NA;NA
NA;NA;NA;NA;NA;NA;NA;NA;NA;NA
NA;NA;NA;NA;NA;NA;NA;NA;NA;NA
NA;NA;NA;NA;NA;NA;NA;NA;NA;NA
NA;NA;NA;NA;NA;NA;NA;NA;NA;NA
NA;NA;NA;NA;NA;NA;NA;NA;NA;NA
NA;NA;NA;NA;NA;NA;NA;NA;NA;NA
NA;NA;NA;NA;NA;NA;NA;NA;NA;NA
NA;NA;NA;NA;NA;NA;NA;NA;NA;NA
NA;NA;NA;NA;NA;NA;NA;NA;NA;NA
NA;NA;NA;NA;NA;NA;NA;NA;NA;NA
NA;NA;NA;NA;NA;NA;NA;NA;NA;NA
NA;NA;NA;NA;NA;NA;NA;NA;NA;NA
NA;NA;NA;NA;NA;NA;NA;NA;NA;NA
NA;NA;NA;NA;NA;NA;NA;NA;NA;NA
NA;NA;NA;NA;NA;NA;NA;NA;NA;NA
NA;NA;NA;NA;NA;NA;NA;NA;NA;NA
NA;NA;NA;NA;NA;NA;NA;NA;NA;NA
NA;NA;NA;NA;NA;NA;NA;NA;NA;NA
NA;NA;NA;NA;NA;NA;NA;NA;NA;NA
NA;NA;NA;NA;NA;NA;NA;NA;NA;NA
NA;NA;NA;NA;NA;NA;NA;NA;NA;NA
NA;NA;NA;NA;NA;NA;NA;NA;NA;NA
NA;NA;NA;NA;NA;NA;NA;NA;NA;NA
NA;NA;NA;NA;NA;NA;NA;NA;NA;NA
NA;NA;NA;NA;NA;NA;NA;NA;NA;NA
NA;NA;NA;NA;NA;NA;NA;NA;NA;NA
NA;NA;NA;NA;NA;NA;NA;NA;NA;NA
NA;NA;NA;NA;NA;NA;NA;NA;NA;NA
NA;NA;NA;NA;NA;NA;NA;NA;NA;NA
NA;NA;NA;NA;NA;NA;NA;NA;NA;NA
NA;NA;NA;NA;NA;NA;NA;NA;NA;NA
NA;NA;NA;NA;NA;NA;NA;NA;NA;NA
NA;NA;NA;NA;NA;NA;NA;NA;NA;NA
NA;NA;NA;NA;NA;NA;NA;NA;NA;NA
NA;NA;NA;NA;NA;NA;NA;NA;NA;NA
NA;NA;NA;NA;NA;NA;NA;NA;NA;NA
NA;NA;NA;NA;NA;NA;NA;NA;NA;NA
NA;NA;NA;NA;NA;NA;NA;NA;NA;NA
NA;NA;NA;NA;NA;NA;NA;NA;NA;NA
NA;NA;NA;NA;NA;NA;NA;NA;NA;NA
NA;NA;NA;NA;NA;NA;NA;NA;NA;NA
NA;NA;NA;NA;NA;NA;NA;NA;NA;NA
NA;NA;NA;NA;NA;NA;NA;NA;NA;NA
NA;NA;NA;NA;NA;NA;NA;NA;NA;NA
NA;NA;NA;NA;NA;NA;NA;NA;NA;NA
NA;NA;NA;NA;NA;NA;NA;NA;NA;NA
NA;NA;NA;NA;NA;NA;NA;NA;NA;NA
NA;NA;NA;NA;NA;NA;NA;NA;NA;NA
NA;NA;NA;NA;NA;NA;NA;NA;NA;NA
NA;NA;NA;NA;NA;NA;NA;NA;NA;NA
NA;NA;NA;NA;NA;NA;NA;NA;NA;NA
NA;NA;NA;NA;NA;NA;NA;NA;NA;NA
NA;NA;NA;NA;NA;NA;NA;NA;NA;NA
NA;NA;NA;NA;NA;NA;NA;NA;NA;NA
NA;NA;NA;NA;NA;NA;NA;NA;NA;NA
NA;NA;NA;NA;NA;NA;NA;NA;NA;NA
NA;NA;NA;NA;NA;NA;NA;NA;NA;NA
NA;NA;NA;NA;NA;NA;NA;NA;NA;NA
NA;NA;NA;NA;NA;NA;NA;NA;NA;NA
NA;NA;NA;NA;NA;NA;NA;NA;NA;NA
NA;NA;NA;NA;NA;NA;NA;NA;NA;NA
NA;NA;NA;NA;NA;NA;NA;NA;NA;NA
NA;NA;NA;NA;NA;NA;NA;NA;NA;NA
NA;NA;NA;NA;NA;NA;NA;NA;NA;NA
NA;NA;NA;NA;NA;NA;NA;NA;NA;NA
NA;NA;NA;NA;NA;NA;NA;NA;NA;NA
NA;NA;NA;NA;NA;NA;NA;NA;NA;NA
NA;NA;NA;NA;NA;NA;NA;NA;NA;NA
NA;NA;NA;NA;NA;NA;NA;NA;NA;NA
NA;NA;NA;NA;NA;NA;NA;NA;NA;NA
NA;NA;NA;NA;NA;NA;NA;NA;NA;NA
NA;NA;NA;NA;NA;NA;NA;NA;NA;NA
NA;NA;NA;NA;NA;NA;NA;NA;NA;NA
NA;NA;NA;NA;NA;NA;NA;NA;NA;NA
NA;NA;NA;NA;NA;NA;NA;NA;NA;NA
NA;NA;NA;NA;NA;NA;NA;NA;NA;NA
NA;NA;NA;NA;NA;NA;NA;NA;NA;NA
NA;NA;NA;NA;NA;NA;NA;NA;NA;NA
NA;NA;NA;NA;NA;NA;NA;NA;NA;NA
NA;NA;NA;NA;NA;NA;NA;NA;NA;NA
NA;NA;NA;NA;NA;NA;NA;NA;NA;NA
NA;NA;NA;NA;NA;NA;NA;NA;NA;NA
NA;NA;NA;NA;NA;NA;NA;NA;NA;NA
NA;NA;NA;NA;NA;NA;NA;NA;NA;NA
NA;NA;NA;NA;NA;NA;NA;NA;NA;NA
NA;NA;NA;NA;NA;NA;NA;NA;NA;NA
NA;NA;NA;NA;NA;NA;NA;NA;NA;NA
NA;NA;NA;NA;NA;NA;NA;NA;NA;NA
NA;NA;NA;NA;NA;NA;NA;NA;NA;NA
NA;NA;NA;NA;NA;NA;NA;NA;NA;NA
NA;NA;NA;NA;NA;NA;NA;NA;NA;NA
NA;NA;NA;NA;NA;NA;NA;NA;NA;NA
NA;NA;NA;NA;NA;NA;NA;NA;NA;NA
NA;NA;NA;NA;NA;NA;NA;NA;NA;NA
NA;NA;NA;NA;NA;NA;NA;NA;NA;NA
NA;NA;NA;NA;NA;NA;NA;NA;NA;NA
NA;NA;NA;NA;NA;NA;NA;NA;NA;NA
NA;NA;NA;NA;NA;NA;NA;NA;NA;NA
NA;NA;NA;NA;NA;NA;NA;NA;NA;NA
NA;NA;NA;NA;NA;NA;NA;NA;NA;NA
NA;NA;NA;NA;NA;NA;NA;NA;NA;NA
NA;NA;NA;NA;NA;NA;NA;NA;NA;NA
NA;NA;NA;NA;NA;NA;NA;NA;NA;NA
NA;NA;NA;NA;NA;NA;NA;NA;NA;NA
NA;NA;NA;NA;NA;NA;NA;NA;NA;NA
NA;NA;NA;NA;NA;NA;NA;NA;NA;NA
NA;NA;NA;NA;NA;NA;NA;NA;NA;NA
NA;NA;NA;NA;NA;NA;NA;NA;NA;NA
NA;NA;NA;NA;NA;NA;NA;NA;NA;NA
NA;NA;NA;NA;NA;NA;NA;NA;NA;NA
NA;NA;NA;NA;NA;NA;NA;NA;NA;NA
NA;NA;NA;NA;NA;NA;NA;NA;NA;NA
NA;NA;NA;NA;NA;NA;NA;NA;NA;NA
NA;NA;NA;NA;NA;NA;NA;NA;NA;NA
NA;NA;NA;NA;NA;NA;NA;NA;NA;NA
NA;NA;NA;NA;NA;NA;NA;NA;NA;NA
NA;NA;NA;NA;NA;NA;NA;NA;NA;NA
NA;NA;NA;NA;NA;NA;NA;NA;NA;NA
NA;NA;NA;NA;NA;NA;NA;NA;NA;NA
NA;NA;NA;NA;NA;NA;NA;NA;NA;NA
NA;NA;NA;NA;NA;NA;NA;NA;NA;NA
NA;NA;NA;NA;NA;NA;NA;NA;NA;NA
NA;NA;NA;NA;NA;NA;NA;NA;NA;NA
NA;NA;NA;NA;NA;NA;NA;NA;NA;NA
NA;NA;NA;NA;NA;NA;NA;NA;NA;NA
NA;NA;NA;NA;NA;NA;NA;NA;NA;NA
NA;NA;NA;NA;NA;NA;NA;NA;NA;NA
NA;NA;NA;NA;NA;NA;NA;NA;NA;NA
NA;NA;NA;NA;NA;NA;NA;NA;NA;NA
NA;NA;NA;NA;NA;NA;NA;NA;NA;NA
NA;NA;NA;NA;NA;NA;NA;NA;NA;NA
NA;NA;NA;NA;NA;NA;NA;NA;NA;NA
NA;NA;NA;NA;NA;NA;NA;NA;NA;NA
NA;NA;NA;NA;NA;NA;NA;NA;NA;NA
NA;NA;NA;NA;NA;NA;NA;NA;NA;NA
NA;NA;NA;NA;NA;NA;NA;NA;NA;NA
NA;NA;NA;NA;NA;NA;NA;NA;NA;NA
NA;NA;NA;NA;NA;NA;NA;NA;NA;NA
NA;NA;NA;NA;NA;NA;NA;NA;NA;NA
NA;NA;NA;NA;NA;NA;NA;NA;NA;NA
NA;NA;NA;NA;NA;NA;NA;NA;NA;NA
NA;NA;NA;NA;NA;NA;NA;NA;NA;NA
NA;NA;NA;NA;NA;NA;NA;NA;NA;NA
NA;NA;NA;NA;NA;NA;NA;NA;NA;NA
NA;NA;NA;NA;NA;NA;NA;NA;NA;NA
NA;NA;NA;NA;NA;NA;NA;NA;NA;NA
NA;NA;NA;NA;NA;NA;NA;NA;NA;NA
NA;NA;NA;NA;NA;NA;NA;NA;NA;NA
NA;NA;NA;NA;NA;NA;NA;NA;NA;NA
NA;NA;NA;NA;NA;NA;NA;NA;NA;NA
NA;NA;NA;NA;NA;NA;NA;NA;NA;NA
NA;NA;NA;NA;NA;NA;NA;NA;NA;NA
NA;NA;NA;NA;NA;NA;NA;NA;NA;NA
NA;NA;NA;NA;NA;NA;NA;NA;NA;NA
NA;NA;NA;NA;NA;NA;NA;NA;NA;NA
NA;NA;NA;NA;NA;NA;NA;NA;NA;NA
NA;NA;NA;NA;NA;NA;NA;NA;NA;NA
NA;NA;NA;NA;NA;NA;NA;NA;NA;NA
NA;NA;NA;NA;NA;NA;NA;NA;NA;NA
NA;NA;NA;NA;NA;NA;NA;NA;NA;NA
NA;NA;NA;NA;NA;NA;NA;NA;NA;NA
NA;NA;NA;NA;NA;NA;NA;NA;NA;NA
NA;NA;NA;NA;NA;NA;NA;NA;NA;NA
NA;NA;NA;NA;NA;NA;NA;NA;NA;NA
NA;NA;NA;NA;NA;NA;NA;NA;NA;NA
NA;NA;NA;NA;NA;NA;NA;NA;NA;NA
NA;NA;NA;NA;NA;NA;NA;NA;NA;NA
NA;NA;NA;NA;NA;NA;NA;NA;NA;NA
NA;NA;NA;NA;NA;NA;NA;NA;NA;NA
NA;NA;NA;NA;NA;NA;NA;NA;NA;NA
NA;NA;NA;NA;NA;NA;NA;NA;NA;NA
NA;NA;NA;NA;NA;NA;NA;NA;NA;NA
NA;NA;NA;NA;NA;NA;NA;NA;NA;NA
NA;NA;NA;NA;NA;NA;NA;NA;NA;NA
NA;NA;NA;NA;NA;NA;NA;NA;NA;NA
NA;NA;NA;NA;NA;NA;NA;NA;NA;NA
NA;NA;NA;NA;NA;NA;NA;NA;NA;NA
NA;NA;NA;NA;NA;NA;NA;NA;NA;NA
NA;NA;NA;NA;NA;NA;NA;NA;NA;NA
NA;NA;NA;NA;NA;NA;NA;NA;NA;NA
NA;NA;NA;NA;NA;NA;NA;NA;NA;NA
NA;NA;NA;NA;NA;NA;NA;NA;NA;NA
NA;NA;NA;NA;NA;NA;NA;NA;NA;NA
NA;NA;NA;NA;NA;NA;NA;NA;NA;NA
NA;NA;NA;NA;NA;NA;NA;NA;NA;NA
NA;NA;NA;NA;NA;NA;NA;NA;NA;NA
NA;NA;NA;NA;NA;NA;NA;NA;NA;NA
NA;NA;NA;NA;NA;NA;NA;NA;NA;NA
NA;NA;NA;NA;NA;NA;NA;NA;NA;NA
NA;NA;NA;NA;NA;NA;NA;NA;NA;NA
NA;NA;NA;NA;NA;NA;NA;NA;NA;NA
NA;NA;NA;NA;NA;NA;NA;NA;NA;NA
NA;NA;NA;NA;NA;NA;NA;NA;NA;NA
NA;NA;NA;NA;NA;NA;NA;NA;NA;NA
NA;NA;NA;NA;NA;NA;NA;NA;NA;NA
NA;NA;NA;NA;NA;NA;NA;NA;NA;NA
NA;NA;NA;NA;NA;NA;NA;NA;NA;NA
NA;NA;NA;NA;NA;NA;NA;NA;NA;NA
NA;NA;NA;NA;NA;NA;NA;NA;NA;NA
NA;NA;NA;NA;NA;NA;NA;NA;NA;NA
NA;NA;NA;NA;NA;NA;NA;NA;NA;NA
NA;NA;NA;NA;NA;NA;NA;NA;NA;NA
NA;NA;NA;NA;NA;NA;NA;NA;NA;NA
NA;NA;NA;NA;NA;NA;NA;NA;NA;NA
NA;NA;NA;NA;NA;NA;NA;NA;NA;NA
NA;NA;NA;NA;NA;NA;NA;NA;NA;NA
NA;NA;NA;NA;NA;NA;NA;NA;NA;NA
NA;NA;NA;NA;NA;NA;NA;NA;NA;NA
NA;NA;NA;NA;NA;NA;NA;NA;NA;NA
NA;NA;NA;NA;NA;NA;NA;NA;NA;NA
NA;NA;NA;NA;NA;NA;NA;NA;NA;NA
NA;NA;NA;NA;NA;NA;NA;NA;NA;NA
NA;NA;NA;NA;NA;NA;NA;NA;NA;NA
NA;NA;NA;NA;NA;NA;NA;NA;NA;NA
NA;NA;NA;NA;NA;NA;NA;NA;NA;NA
NA;NA;NA;NA;NA;NA;NA;NA;NA;NA
NA;NA;NA;NA;NA;NA;NA;NA;NA;NA
NA;NA;NA;NA;NA;NA;NA;NA;NA;NA
NA;NA;NA;NA;NA;NA;NA;NA;NA;NA
NA;NA;NA;NA;NA;NA;NA;NA;NA;NA
NA;NA;NA;NA;NA;NA;NA;NA;NA;NA
NA;NA;NA;NA;NA;NA;NA;NA;NA;NA
NA;NA;NA;NA;NA;NA;NA;NA;NA;NA
NA;NA;NA;NA;NA;NA;NA;NA;NA;NA
NA;NA;NA;NA;NA;NA;NA;NA;NA;NA
NA;NA;NA;NA;NA;NA;NA;NA;NA;NA
NA;NA;NA;NA;NA;NA;NA;NA;NA;NA
NA;NA;NA;NA;NA;NA;NA;NA;NA;NA
NA;NA;NA;NA;NA;NA;NA;NA;NA;NA
NA;NA;NA;NA;NA;NA;NA;NA;NA;NA
NA;NA;NA;NA;NA;NA;NA;NA;NA;NA
NA;NA;NA;NA;NA;NA;NA;NA;NA;NA
NA;NA;NA;NA;NA;NA;NA;NA;NA;NA
NA;NA;NA;NA;NA;NA;NA;NA;NA;NA
NA;NA;NA;NA;NA;NA;NA;NA;NA;NA
NA;NA;NA;NA;NA;NA;NA;NA;NA;NA
NA;NA;NA;NA;NA;NA;NA;NA;NA;NA
NA;NA;NA;NA;NA;NA;NA;NA;NA;NA
NA;NA;NA;NA;NA;NA;NA;NA;NA;NA
NA;NA;NA;NA;NA;NA;NA;NA;NA;NA
NA;NA;NA;NA;NA;NA;NA;NA;NA;NA
NA;NA;NA;NA;NA;NA;NA;NA;NA;NA
NA;NA;NA;NA;NA;NA;NA;NA;NA;NA
NA;NA;NA;NA;NA;NA;NA;NA;NA;NA
NA;NA;NA;NA;NA;NA;NA;NA;NA;NA
NA;NA;NA;NA;NA;NA;NA;NA;NA;NA
NA;NA;NA;NA;NA;NA;NA;NA;NA;NA
NA;NA;NA;NA;NA;NA;NA;NA;NA;NA
NA;NA;NA;NA;NA;NA;NA;NA;NA;NA
NA;NA;NA;NA;NA;NA;NA;NA;NA;NA
NA;NA;NA;NA;NA;NA;NA;NA;NA;NA
NA;NA;NA;NA;NA;NA;NA;NA;NA;NA
NA;NA;NA;NA;NA;NA;NA;NA;NA;NA
NA;NA;NA;NA;NA;NA;NA;NA;NA;NA
NA;NA;NA;NA;NA;NA;NA;NA;NA;NA
NA;NA;NA;NA;NA;NA;NA;NA;NA;NA
NA;NA;NA;NA;NA;NA;NA;NA;NA;NA
NA;NA;NA;NA;NA;NA;NA;NA;NA;NA
NA;NA;NA;NA;NA;NA;NA;NA;NA;NA
NA;NA;NA;NA;NA;NA;NA;NA;NA;NA
NA;NA;NA;NA;NA;NA;NA;NA;NA;NA
NA;NA;NA;NA;NA;NA;NA;NA;NA;NA
NA;NA;NA;NA;NA;NA;NA;NA;NA;NA
NA;NA;NA;NA;NA;NA;NA;NA;NA;NA
NA;NA;NA;NA;NA;NA;NA;NA;NA;NA
NA;NA;NA;NA;NA;NA;NA;NA;NA;NA
NA;NA;NA;NA;NA;NA;NA;NA;NA;NA
NA;NA;NA;NA;NA;NA;NA;NA;NA;NA
NA;NA;NA;NA;NA;NA;NA;NA;NA;NA
NA;NA;NA;NA;NA;NA;NA;NA;NA;NA
NA;NA;NA;NA;NA;NA;NA;NA;NA;NA
NA;NA;NA;NA;NA;NA;NA;NA;NA;NA
NA;NA;NA;NA;NA;NA;NA;NA;NA;NA
NA;NA;NA;NA;NA;NA;NA;NA;NA;NA
NA;NA;NA;NA;NA;NA;NA;NA;NA;NA
NA;NA;NA;NA;NA;NA;NA;NA;NA;NA
NA;NA;NA;NA;NA;NA;NA;NA;NA;NA
NA;NA;NA;NA;NA;NA;NA;NA;NA;NA
NA;NA;NA;NA;NA;NA;NA;NA;NA;NA
NA;NA;NA;NA;NA;NA;NA;NA;NA;NA
NA;NA;NA;NA;NA;NA;NA;NA;NA;NA
NA;NA;NA;NA;NA;NA;NA;NA;NA;NA
NA;NA;NA;NA;NA;NA;NA;NA;NA;NA
NA;NA;NA;NA;NA;NA;NA;NA;NA;NA
NA;NA;NA;NA;NA;NA;NA;NA;NA;NA
NA;NA;NA;NA;NA;NA;NA;NA;NA;NA
NA;NA;NA;NA;NA;NA;NA;NA;NA;NA
NA;NA;NA;NA;NA;NA;NA;NA;NA;NA
NA;NA;NA;NA;NA;NA;NA;NA;NA;NA
NA;NA;NA;NA;NA;NA;NA;NA;NA;NA
NA;NA;NA;NA;NA;NA;NA;NA;NA;NA
NA;NA;NA;NA;NA;NA;NA;NA;NA;NA
NA;NA;NA;NA;NA;NA;NA;NA;NA;NA
NA;NA;NA;NA;NA;NA;NA;NA;NA;NA
NA;NA;NA;NA;NA;NA;NA;NA;NA;NA
NA;NA;NA;NA;NA;NA;NA;NA;NA;NA
NA;NA;NA;NA;NA;NA;NA;NA;NA;NA
NA;NA;NA;NA;NA;NA;NA;NA;NA;NA
NA;NA;NA;NA;NA;NA;NA;NA;NA;NA
NA;NA;NA;NA;NA;NA;NA;NA;NA;NA
NA;NA;NA;NA;NA;NA;NA;NA;NA;NA
NA;NA;NA;NA;NA;NA;NA;NA;NA;NA
NA;NA;NA;NA;NA;NA;NA;NA;NA;NA
NA;NA;NA;NA;NA;NA;NA;NA;NA;NA
NA;NA;NA;NA;NA;NA;NA;NA;NA;NA
NA;NA;NA;NA;NA;NA;NA;NA;NA;NA
NA;NA;NA;NA;NA;NA;NA;NA;NA;NA
NA;NA;NA;NA;NA;NA;NA;NA;NA;NA
NA;NA;NA;NA;NA;NA;NA;NA;NA;NA
NA;NA;NA;NA;NA;NA;NA;NA;NA;NA
NA;NA;NA;NA;NA;NA;NA;NA;NA;NA
NA;NA;NA;NA;NA;NA;NA;NA;NA;NA
NA;NA;NA;NA;NA;NA;NA;NA;NA;NA
NA;NA;NA;NA;NA;NA;NA;NA;NA;NA
NA;NA;NA;NA;NA;NA;NA;NA;NA;NA
NA;NA;NA;NA;NA;NA;NA;NA;NA;NA
NA;NA;NA;NA;NA;NA;NA;NA;NA;NA
NA;NA;NA;NA;NA;NA;NA;NA;NA;NA
NA;NA;NA;NA;NA;NA;NA;NA;NA;NA
NA;NA;NA;NA;NA;NA;NA;NA;NA;NA
NA;NA;NA;NA;NA;NA;NA;NA;NA;NA
NA;NA;NA;NA;NA;NA;NA;NA;NA;NA
NA;NA;NA;NA;NA;NA;NA;NA;NA;NA
NA;NA;NA;NA;NA;NA;NA;NA;NA;NA
NA;NA;NA;NA;NA;NA;NA;NA;NA;NA
NA;NA;NA;NA;NA;NA;NA;NA;NA;NA
NA;NA;NA;NA;NA;NA;NA;NA;NA;NA
NA;NA;NA;NA;NA;NA;NA;NA;NA;NA
NA;NA;NA;NA;NA;NA;NA;NA;NA;NA
NA;NA;NA;NA;NA;NA;NA;NA;NA;NA
NA;NA;NA;NA;NA;NA;NA;NA;NA;NA
NA;NA;NA;NA;NA;NA;NA;NA;NA;NA
NA;NA;NA;NA;NA;NA;NA;NA;NA;NA
NA;NA;NA;NA;NA;NA;NA;NA;NA;NA
NA;NA;NA;NA;NA;NA;NA;NA;NA;NA
NA;NA;NA;NA;NA;NA;NA;NA;NA;NA
NA;NA;NA;NA;NA;NA;NA;NA;NA;NA
NA;NA;NA;NA;NA;NA;NA;NA;NA;NA
NA;NA;NA;NA;NA;NA;NA;NA;NA;NA
NA;NA;NA;NA;NA;NA;NA;NA;NA;NA
NA;NA;NA;NA;NA;NA;NA;NA;NA;NA
NA;NA;NA;NA;NA;NA;NA;NA;NA;NA
NA;NA;NA;NA;NA;NA;NA;NA;NA;NA
NA;NA;NA;NA;NA;NA;NA;NA;NA;NA
NA;NA;NA;NA;NA;NA;NA;NA;NA;NA
NA;NA;NA;NA;NA;NA;NA;NA;NA;NA
NA;NA;NA;NA;NA;NA;NA;NA;NA;NA
NA;NA;NA;NA;NA;NA;NA;NA;NA;NA
NA;NA;NA;NA;NA;NA;NA;NA;NA;NA
NA;NA;NA;NA;NA;NA;NA;NA;NA;NA
NA;NA;NA;NA;NA;NA;NA;NA;NA;NA
NA;NA;NA;NA;NA;NA;NA;NA;NA;NA
NA;NA;NA;NA;NA;NA;NA;NA;NA;NA
NA;NA;NA;NA;NA;NA;NA;NA;NA;NA
NA;NA;NA;NA;NA;NA;NA;NA;NA;NA
NA;NA;NA;NA;NA;NA;NA;NA;NA;NA
NA;NA;NA;NA;NA;NA;NA;NA;NA;NA
NA;NA;NA;NA;NA;NA;NA;NA;NA;NA
NA;NA;NA;NA;NA;NA;NA;NA;NA;NA
NA;NA;NA;NA;NA;NA;NA;NA;NA;NA
NA;NA;NA;NA;NA;NA;NA;NA;NA;NA
NA;NA;NA;NA;NA;NA;NA;NA;NA;NA
NA;NA;NA;NA;NA;NA;NA;NA;NA;NA
NA;NA;NA;NA;NA;NA;NA;NA;NA;NA
NA;NA;NA;NA;NA;NA;NA;NA;NA;NA
NA;NA;NA;NA;NA;NA;NA;NA;NA;NA
NA;NA;NA;NA;NA;NA;NA;NA;NA;NA
NA;NA;NA;NA;NA;NA;NA;NA;NA;NA
NA;NA;NA;NA;NA;NA;NA;NA;NA;NA
NA;NA;NA;NA;NA;NA;NA;NA;NA;NA
NA;NA;NA;NA;NA;NA;NA;NA;NA;NA
NA;NA;NA;NA;NA;NA;NA;NA;NA;NA
NA;NA;NA;NA;NA;NA;NA;NA;NA;NA
NA;NA;NA;NA;NA;NA;NA;NA;NA;NA
NA;NA;NA;NA;NA;NA;NA;NA;NA;NA
NA;NA;NA;NA;NA;NA;NA;NA;NA;NA
NA;NA;NA;NA;NA;NA;NA;NA;NA;NA
NA;NA;NA;NA;NA;NA;NA;NA;NA;NA
NA;NA;NA;NA;NA;NA;NA;NA;NA;NA
NA;NA;NA;NA;NA;NA;NA;NA;NA;NA
NA;NA;NA;NA;NA;NA;NA;NA;NA;NA
NA;NA;NA;NA;NA;NA;NA;NA;NA;NA
NA;NA;NA;NA;NA;NA;NA;NA;NA;NA
NA;NA;NA;NA;NA;NA;NA;NA;NA;NA
NA;NA;NA;NA;NA;NA;NA;NA;NA;NA
NA;NA;NA;NA;NA;NA;NA;NA;NA;NA
NA;NA;NA;NA;NA;NA;NA;NA;NA;NA
NA;NA;NA;NA;NA;NA;NA;NA;NA;NA
NA;NA;NA;NA;NA;NA;NA;NA;NA;NA
NA;NA;NA;NA;NA;NA;NA;NA;NA;NA
NA;NA;NA;NA;NA;NA;NA;NA;NA;NA
NA;NA;NA;NA;NA;NA;NA;NA;NA;NA
NA;NA;NA;NA;NA;NA;NA;NA;NA;NA
NA;NA;NA;NA;NA;NA;NA;NA;NA;NA
NA;NA;NA;NA;NA;NA;NA;NA;NA;NA
NA;NA;NA;NA;NA;NA;NA;NA;NA;NA
NA;NA;NA;NA;NA;NA;NA;NA;NA;NA
NA;NA;NA;NA;NA;NA;NA;NA;NA;NA
NA;NA;NA;NA;NA;NA;NA;NA;NA;NA
NA;NA;NA;NA;NA;NA;NA;NA;NA;NA
NA;NA;NA;NA;NA;NA;NA;NA;NA;NA
NA;NA;NA;NA;NA;NA;NA;NA;NA;NA
NA;NA;NA;NA;NA;NA;NA;NA;NA;NA
NA;NA;NA;NA;NA;NA;NA;NA;NA;NA
NA;NA;NA;NA;NA;NA;NA;NA;NA;NA
NA;NA;NA;NA;NA;NA;NA;NA;NA;NA
NA;NA;NA;NA;NA;NA;NA;NA;NA;NA
NA;NA;NA;NA;NA;NA;NA;NA;NA;NA
NA;NA;NA;NA;NA;NA;NA;NA;NA;NA
NA;NA;NA;NA;NA;NA;NA;NA;NA;NA
NA;NA;NA;NA;NA;NA;NA;NA;NA;NA
NA;NA;NA;NA;NA;NA;NA;NA;NA;NA
NA;NA;NA;NA;NA;NA;NA;NA;NA;NA
NA;NA;NA;NA;NA;NA;NA;NA;NA;NA
NA;NA;NA;NA;NA;NA;NA;NA;NA;NA
NA;NA;NA;NA;NA;NA;NA;NA;NA;NA
NA;NA;NA;NA;NA;NA;NA;NA;NA;NA
NA;NA;NA;NA;NA;NA;NA;NA;NA;NA
NA;NA;NA;NA;NA;NA;NA;NA;NA;NA
NA;NA;NA;NA;NA;NA;NA;NA;NA;NA
NA;NA;NA;NA;NA;NA;NA;NA;NA;NA
NA;NA;NA;NA;NA;NA;NA;NA;NA;NA
NA;NA;NA;NA;NA;NA;NA;NA;NA;NA
NA;NA;NA;NA;NA;NA;NA;NA;NA;NA
NA;NA;NA;NA;NA;NA;NA;NA;NA;NA
NA;NA;NA;NA;NA;NA;NA;NA;NA;NA
NA;NA;NA;NA;NA;NA;NA;NA;NA;NA
NA;NA;NA;NA;NA;NA;NA;NA;NA;NA
NA;NA;NA;NA;NA;NA;NA;NA;NA;NA
NA;NA;NA;NA;NA;NA;NA;NA;NA;NA
NA;NA;NA;NA;NA;NA;NA;NA;NA;NA
NA;NA;NA;NA;NA;NA;NA;NA;NA;NA
NA;NA;NA;NA;NA;NA;NA;NA;NA;NA
NA;NA;NA;NA;NA;NA;NA;NA;NA;NA
NA;NA;NA;NA;NA;NA;NA;NA;NA;NA
NA;NA;NA;NA;NA;NA;NA;NA;NA;NA
NA;NA;NA;NA;NA;NA;NA;NA;NA;NA
NA;NA;NA;NA;NA;NA;NA;NA;NA;NA
NA;NA;NA;NA;NA;NA;NA;NA;NA;NA
NA;NA;NA;NA;NA;NA;NA;NA;NA;NA
NA;NA;NA;NA;NA;NA;NA;NA;NA;NA
NA;NA;NA;NA;NA;NA;NA;NA;NA;NA
NA;NA;NA;NA;NA;NA;NA;NA;NA;NA
NA;NA;NA;NA;NA;NA;NA;NA;NA;NA
NA;NA;NA;NA;NA;NA;NA;NA;NA;NA
NA;NA;NA;NA;NA;NA;NA;NA;NA;NA
NA;NA;NA;NA;NA;NA;NA;NA;NA;NA
NA;NA;NA;NA;NA;NA;NA;NA;NA;NA
NA;NA;NA;NA;NA;NA;NA;NA;NA;NA
NA;NA;NA;NA;NA;NA;NA;NA;NA;NA
NA;NA;NA;NA;NA;NA;NA;NA;NA;NA
NA;NA;NA;NA;NA;NA;NA;NA;NA;NA
NA;NA;NA;NA;NA;NA;NA;NA;NA;NA
NA;NA;NA;NA;NA;NA;NA;NA;NA;NA
NA;NA;NA;NA;NA;NA;NA;NA;NA;NA
NA;NA;NA;NA;NA;NA;NA;NA;NA;NA
NA;NA;NA;NA;NA;NA;NA;NA;NA;NA
NA;NA;NA;NA;NA;NA;NA;NA;NA;NA
NA;NA;NA;NA;NA;NA;NA;NA;NA;NA
NA;NA;NA;NA;NA;NA;NA;NA;NA;NA
NA;NA;NA;NA;NA;NA;NA;NA;NA;NA
NA;NA;NA;NA;NA;NA;NA;NA;NA;NA
NA;NA;NA;NA;NA;NA;NA;NA;NA;NA
NA;NA;NA;NA;NA;NA;NA;NA;NA;NA
NA;NA;NA;NA;NA;NA;NA;NA;NA;NA
NA;NA;NA;NA;NA;NA;NA;NA;NA;NA
NA;NA;NA;NA;NA;NA;NA;NA;NA;NA
NA;NA;NA;NA;NA;NA;NA;NA;NA;NA
NA;NA;NA;NA;NA;NA;NA;NA;NA;NA
NA;NA;NA;NA;NA;NA;NA;NA;NA;NA
NA;NA;NA;NA;NA;NA;NA;NA;NA;NA
NA;NA;NA;NA;NA;NA;NA;NA;NA;NA
NA;NA;NA;NA;NA;NA;NA;NA;NA;NA
NA;NA;NA;NA;NA;NA;NA;NA;NA;NA
NA;NA;NA;NA;NA;NA;NA;NA;NA;NA
NA;NA;NA;NA;NA;NA;NA;NA;NA;NA
NA;NA;NA;NA;NA;NA;NA;NA;NA;NA
NA;NA;NA;NA;NA;NA;NA;NA;NA;NA
NA;NA;NA;NA;NA;NA;NA;NA;NA;NA
NA;NA;NA;NA;NA;NA;NA;NA;NA;NA
NA;NA;NA;NA;NA;NA;NA;NA;NA;NA
NA;NA;NA;NA;NA;NA;NA;NA;NA;NA
NA;NA;NA;NA;NA;NA;NA;NA;NA;NA
NA;NA;NA;NA;NA;NA;NA;NA;NA;NA
NA;NA;NA;NA;NA;NA;NA;NA;NA;NA
NA;NA;NA;NA;NA;NA;NA;NA;NA;NA
NA;NA;NA;NA;NA;NA;NA;NA;NA;NA
NA;NA;NA;NA;NA;NA;NA;NA;NA;NA
NA;NA;NA;NA;NA;NA;NA;NA;NA;NA
NA;NA;NA;NA;NA;NA;NA;NA;NA;NA
NA;NA;NA;NA;NA;NA;NA;NA;NA;NA
NA;NA;NA;NA;NA;NA;NA;NA;NA;NA
NA;NA;NA;NA;NA;NA;NA;NA;NA;NA
NA;NA;NA;NA;NA;NA;NA;NA;NA;NA
NA;NA;NA;NA;NA;NA;NA;NA;NA;NA
NA;NA;NA;NA;NA;NA;NA;NA;NA;NA
NA;NA;NA;NA;NA;NA;NA;NA;NA;NA
NA;NA;NA;NA;NA;NA;NA;NA;NA;NA
NA;NA;NA;NA;NA;NA;NA;NA;NA;NA
NA;NA;NA;NA;NA;NA;NA;NA;NA;NA
NA;NA;NA;NA;NA;NA;NA;NA;NA;NA
NA;NA;NA;NA;NA;NA;NA;NA;NA;NA
NA;NA;NA;NA;NA;NA;NA;NA;NA;NA
NA;NA;NA;NA;NA;NA;NA;NA;NA;NA
NA;NA;NA;NA;NA;NA;NA;NA;NA;NA
NA;NA;NA;NA;NA;NA;NA;NA;NA;NA
NA;NA;NA;NA;NA;NA;NA;NA;NA;NA
NA;NA;NA;NA;NA;NA;NA;NA;NA;NA
NA;NA;NA;NA;NA;NA;NA;NA;NA;NA
NA;NA;NA;NA;NA;NA;NA;NA;NA;NA
NA;NA;NA;NA;NA;NA;NA;NA;NA;NA
NA;NA;NA;NA;NA;NA;NA;NA;NA;NA
NA;NA;NA;NA;NA;NA;NA;NA;NA;NA
NA;NA;NA;NA;NA;NA;NA;NA;NA;NA
NA;NA;NA;NA;NA;NA;NA;NA;NA;NA
NA;NA;NA;NA;NA;NA;NA;NA;NA;NA
NA;NA;NA;NA;NA;NA;NA;NA;NA;NA
NA;NA;NA;NA;NA;NA;NA;NA;NA;NA
NA;NA;NA;NA;NA;NA;NA;NA;NA;NA
NA;NA;NA;NA;NA;NA;NA;NA;NA;NA
NA;NA;NA;NA;NA;NA;NA;NA;NA;NA
NA;NA;NA;NA;NA;NA;NA;NA;NA;NA
NA;NA;NA;NA;NA;NA;NA;NA;NA;NA
NA;NA;NA;NA;NA;NA;NA;NA;NA;NA
NA;NA;NA;NA;NA;NA;NA;NA;NA;NA
NA;NA;NA;NA;NA;NA;NA;NA;NA;NA
NA;NA;NA;NA;NA;NA;NA;NA;NA;NA
NA;NA;NA;NA;NA;NA;NA;NA;NA;NA
NA;NA;NA;NA;NA;NA;NA;NA;NA;NA
NA;NA;NA;NA;NA;NA;NA;NA;NA;NA
NA;NA;NA;NA;NA;NA;NA;NA;NA;NA
NA;NA;NA;NA;NA;NA;NA;NA;NA;NA
NA;NA;NA;NA;NA;NA;NA;NA;NA;NA
NA;NA;NA;NA;NA;NA;NA;NA;NA;NA
NA;NA;NA;NA;NA;NA;NA;NA;NA;NA
NA;NA;NA;NA;NA;NA;NA;NA;NA;NA
NA;NA;NA;NA;NA;NA;NA;NA;NA;NA
NA;NA;NA;NA;NA;NA;NA;NA;NA;NA
NA;NA;NA;NA;NA;NA;NA;NA;NA;NA
NA;NA;NA;NA;NA;NA;NA;NA;NA;NA
NA;NA;NA;NA;NA;NA;NA;NA;NA;NA
NA;NA;NA;NA;NA;NA;NA;NA;NA;NA
NA;NA;NA;NA;NA;NA;NA;NA;NA;NA
NA;NA;NA;NA;NA;NA;NA;NA;NA;NA
NA;NA;NA;NA;NA;NA;NA;NA;NA;NA
NA;NA;NA;NA;NA;NA;NA;NA;NA;NA
NA;NA;NA;NA;NA;NA;NA;NA;NA;NA
NA;NA;NA;NA;NA;NA;NA;NA;NA;NA
NA;NA;NA;NA;NA;NA;NA;NA;NA;NA
NA;NA;NA;NA;NA;NA;NA;NA;NA;NA
NA;NA;NA;NA;NA;NA;NA;NA;NA;NA
NA;NA;NA;NA;NA;NA;NA;NA;NA;NA
NA;NA;NA;NA;NA;NA;NA;NA;NA;NA
NA;NA;NA;NA;NA;NA;NA;NA;NA;NA
NA;NA;NA;NA;NA;NA;NA;NA;NA;NA
NA;NA;NA;NA;NA;NA;NA;NA;NA;NA
NA;NA;NA;NA;NA;NA;NA;NA;NA;NA
NA;NA;NA;NA;NA;NA;NA;NA;NA;NA
NA;NA;NA;NA;NA;NA;NA;NA;NA;NA
NA;NA;NA;NA;NA;NA;NA;NA;NA;NA
NA;NA;NA;NA;NA;NA;NA;NA;NA;NA
NA;NA;NA;NA;NA;NA;NA;NA;NA;NA
NA;NA;NA;NA;NA;NA;NA;NA;NA;NA
NA;NA;NA;NA;NA;NA;NA;NA;NA;NA
NA;NA;NA;NA;NA;NA;NA;NA;NA;NA
NA;NA;NA;NA;NA;NA;NA;NA;NA;NA
NA;NA;NA;NA;NA;NA;NA;NA;NA;NA
NA;NA;NA;NA;NA;NA;NA;NA;NA;NA
NA;NA;NA;NA;NA;NA;NA;NA;NA;NA
NA;NA;NA;NA;NA;NA;NA;NA;NA;NA
NA;NA;NA;NA;NA;NA;NA;NA;NA;NA
NA;NA;NA;NA;NA;NA;NA;NA;NA;NA
NA;NA;NA;NA;NA;NA;NA;NA;NA;NA
NA;NA;NA;NA;NA;NA;NA;NA;NA;NA
NA;NA;NA;NA;NA;NA;NA;NA;NA;NA
NA;NA;NA;NA;NA;NA;NA;NA;NA;NA
NA;NA;NA;NA;NA;NA;NA;NA;NA;NA
NA;NA;NA;NA;NA;NA;NA;NA;NA;NA
NA;NA;NA;NA;NA;NA;NA;NA;NA;NA
NA;NA;NA;NA;NA;NA;NA;NA;NA;NA
NA;NA;NA;NA;NA;NA;NA;NA;NA;NA
NA;NA;NA;NA;NA;NA;NA;NA;NA;NA
NA;NA;NA;NA;NA;NA;NA;NA;NA;NA
NA;NA;NA;NA;NA;NA;NA;NA;NA;NA
NA;NA;NA;NA;NA;NA;NA;NA;NA;NA
NA;NA;NA;NA;NA;NA;NA;NA;NA;NA
NA;NA;NA;NA;NA;NA;NA;NA;NA;NA
NA;NA;NA;NA;NA;NA;NA;NA;NA;NA
NA;NA;NA;NA;NA;NA;NA;NA;NA;NA
NA;NA;NA;NA;NA;NA;NA;NA;NA;NA
NA;NA;NA;NA;NA;NA;NA;NA;NA;NA
NA;NA;NA;NA;NA;NA;NA;NA;NA;NA
NA;NA;NA;NA;NA;NA;NA;NA;NA;NA
NA;NA;NA;NA;NA;NA;NA;NA;NA;NA
NA;NA;NA;NA;NA;NA;NA;NA;NA;NA
NA;NA;NA;NA;NA;NA;NA;NA;NA;NA
NA;NA;NA;NA;NA;NA;NA;NA;NA;NA
NA;NA;NA;NA;NA;NA;NA;NA;NA;NA
NA;NA;NA;NA;NA;NA;NA;NA;NA;NA
NA;NA;NA;NA;NA;NA;NA;NA;NA;NA
NA;NA;NA;NA;NA;NA;NA;NA;NA;NA
NA;NA;NA;NA;NA;NA;NA;NA;NA;NA
NA;NA;NA;NA;NA;NA;NA;NA;NA;NA
NA;NA;NA;NA;NA;NA;NA;NA;NA;NA
NA;NA;NA;NA;NA;NA;NA;NA;NA;NA
NA;NA;NA;NA;NA;NA;NA;NA;NA;NA
NA;NA;NA;NA;NA;NA;NA;NA;NA;NA
NA;NA;NA;NA;NA;NA;NA;NA;NA;NA
NA;NA;NA;NA;NA;NA;NA;NA;NA;NA
NA;NA;NA;NA;NA;NA;NA;NA;NA;NA
NA;NA;NA;NA;NA;NA;NA;NA;NA;NA
NA;NA;NA;NA;NA;NA;NA;NA;NA;NA
NA;NA;NA;NA;NA;NA;NA;NA;NA;NA
NA;NA;NA;NA;NA;NA;NA;NA;NA;NA
NA;NA;NA;NA;NA;NA;NA;NA;NA;NA
NA;NA;NA;NA;NA;NA;NA;NA;NA;NA
NA;NA;NA;NA;NA;NA;NA;NA;NA;NA
NA;NA;NA;NA;NA;NA;NA;NA;NA;NA
NA;NA;NA;NA;NA;NA;NA;NA;NA;NA
NA;NA;NA;NA;NA;NA;NA;NA;NA;NA
NA;NA;NA;NA;NA;NA;NA;NA;NA;NA
NA;NA;NA;NA;NA;NA;NA;NA;NA;NA
NA;NA;NA;NA;NA;NA;NA;NA;NA;NA
NA;NA;NA;NA;NA;NA;NA;NA;NA;NA
NA;NA;NA;NA;NA;NA;NA;NA;NA;NA
NA;NA;NA;NA;NA;NA;NA;NA;NA;NA
NA;NA;NA;NA;NA;NA;NA;NA;NA;NA
NA;NA;NA;NA;NA;NA;NA;NA;NA;NA
NA;NA;NA;NA;NA;NA;NA;NA;NA;NA
NA;NA;NA;NA;NA;NA;NA;NA;NA;NA
NA;NA;NA;NA;NA;NA;NA;NA;NA;NA
NA;NA;NA;NA;NA;NA;NA;NA;NA;NA
NA;NA;NA;NA;NA;NA;NA;NA;NA;NA
NA;NA;NA;NA;NA;NA;NA;NA;NA;NA
NA;NA;NA;NA;NA;NA;NA;NA;NA;NA
NA;NA;NA;NA;NA;NA;NA;NA;NA;NA
NA;NA;NA;NA;NA;NA;NA;NA;NA;NA
NA;NA;NA;NA;NA;NA;NA;NA;NA;NA
NA;NA;NA;NA;NA;NA;NA;NA;NA;NA
NA;NA;NA;NA;NA;NA;NA;NA;NA;NA
NA;NA;NA;NA;NA;NA;NA;NA;NA;NA
NA;NA;NA;NA;NA;NA;NA;NA;NA;NA
NA;NA;NA;NA;NA;NA;NA;NA;NA;NA
NA;NA;NA;NA;NA;NA;NA;NA;NA;NA
NA;NA;NA;NA;NA;NA;NA;NA;NA;NA
NA;NA;NA;NA;NA;NA;NA;NA;NA;NA
NA;NA;NA;NA;NA;NA;NA;NA;NA;NA
NA;NA;NA;NA;NA;NA;NA;NA;NA;NA
NA;NA;NA;NA;NA;NA;NA;NA;NA;NA
NA;NA;NA;NA;NA;NA;NA;NA;NA;NA
NA;NA;NA;NA;NA;NA;NA;NA;NA;NA
NA;NA;NA;NA;NA;NA;NA;NA;NA;NA
NA;NA;NA;NA;NA;NA;NA;NA;NA;NA
NA;NA;NA;NA;NA;NA;NA;NA;NA;NA
NA;NA;NA;NA;NA;NA;NA;NA;NA;NA
NA;NA;NA;NA;NA;NA;NA;NA;NA;NA
NA;NA;NA;NA;NA;NA;NA;NA;NA;NA
NA;NA;NA;NA;NA;NA;NA;NA;NA;NA
NA;NA;NA;NA;NA;NA;NA;NA;NA;NA
NA;NA;NA;NA;NA;NA;NA;NA;NA;NA
NA;NA;NA;NA;NA;NA;NA;NA;NA;NA
NA;NA;NA;NA;NA;NA;NA;NA;NA;NA
NA;NA;NA;NA;NA;NA;NA;NA;NA;NA
NA;NA;NA;NA;NA;NA;NA;NA;NA;NA
NA;NA;NA;NA;NA;NA;NA;NA;NA;NA
NA;NA;NA;NA;NA;NA;NA;NA;NA;NA
NA;NA;NA;NA;NA;NA;NA;NA;NA;NA
NA;NA;NA;NA;NA;NA;NA;NA;NA;NA
NA;NA;NA;NA;NA;NA;NA;NA;NA;NA
NA;NA;NA;NA;NA;NA;NA;NA;NA;NA
NA;NA;NA;NA;NA;NA;NA;NA;NA;NA
NA;NA;NA;NA;NA;NA;NA;NA;NA;NA
NA;NA;NA;NA;NA;NA;NA;NA;NA;NA
NA;NA;NA;NA;NA;NA;NA;NA;NA;NA
NA;NA;NA;NA;NA;NA;NA;NA;NA;NA
NA;NA;NA;NA;NA;NA;NA;NA;NA;NA
NA;NA;NA;NA;NA;NA;NA;NA;NA;NA
NA;NA;NA;NA;NA;NA;NA;NA;NA;NA
NA;NA;NA;NA;NA;NA;NA;NA;NA;NA
NA;NA;NA;NA;NA;NA;NA;NA;NA;NA
NA;NA;NA;NA;NA;NA;NA;NA;NA;NA
NA;NA;NA;NA;NA;NA;NA;NA;NA;NA
NA;NA;NA;NA;NA;NA;NA;NA;NA;NA
NA;NA;NA;NA;NA;NA;NA;NA;NA;NA
NA;NA;NA;NA;NA;NA;NA;NA;NA;NA
NA;NA;NA;NA;NA;NA;NA;NA;NA;NA
NA;NA;NA;NA;NA;NA;NA;NA;NA;NA
NA;NA;NA;NA;NA;NA;NA;NA;NA;NA
NA;NA;NA;NA;NA;NA;NA;NA;NA;NA
NA;NA;NA;NA;NA;NA;NA;NA;NA;NA
NA;NA;NA;NA;NA;NA;NA;NA;NA;NA
NA;NA;NA;NA;NA;NA;NA;NA;NA;NA
NA;NA;NA;NA;NA;NA;NA;NA;NA;NA
NA;NA;NA;NA;NA;NA;NA;NA;NA;NA
NA;NA;NA;NA;NA;NA;NA;NA;NA;NA
NA;NA;NA;NA;NA;NA;NA;NA;NA;NA
NA;NA;NA;NA;NA;NA;NA;NA;NA;NA
NA;NA;NA;NA;NA;NA;NA;NA;NA;NA
NA;NA;NA;NA;NA;NA;NA;NA;NA;NA
NA;NA;NA;NA;NA;NA;NA;NA;NA;NA
NA;NA;NA;NA;NA;NA;NA;NA;NA;NA
NA;NA;NA;NA;NA;NA;NA;NA;NA;NA
NA;NA;NA;NA;NA;NA;NA;NA;NA;NA
NA;NA;NA;NA;NA;NA;NA;NA;NA;NA
NA;NA;NA;NA;NA;NA;NA;NA;NA;NA
NA;NA;NA;NA;NA;NA;NA;NA;NA;NA
NA;NA;NA;NA;NA;NA;NA;NA;NA;NA
NA;NA;NA;NA;NA;NA;NA;NA;NA;NA
NA;NA;NA;NA;NA;NA;NA;NA;NA;NA
NA;NA;NA;NA;NA;NA;NA;NA;NA;NA
NA;NA;NA;NA;NA;NA;NA;NA;NA;NA
NA;NA;NA;NA;NA;NA;NA;NA;NA;NA
NA;NA;NA;NA;NA;NA;NA;NA;NA;NA
NA;NA;NA;NA;NA;NA;NA;NA;NA;NA
NA;NA;NA;NA;NA;NA;NA;NA;NA;NA
NA;NA;NA;NA;NA;NA;NA;NA;NA;NA
NA;NA;NA;NA;NA;NA;NA;NA;NA;NA
NA;NA;NA;NA;NA;NA;NA;NA;NA;NA
NA;NA;NA;NA;NA;NA;NA;NA;NA;NA
NA;NA;NA;NA;NA;NA;NA;NA;NA;NA
NA;NA;NA;NA;NA;NA;NA;NA;NA;NA
NA;NA;NA;NA;NA;NA;NA;NA;NA;NA
NA;NA;NA;NA;NA;NA;NA;NA;NA;NA
NA;NA;NA;NA;NA;NA;NA;NA;NA;NA
NA;NA;NA;NA;NA;NA;NA;NA;NA;NA
NA;NA;NA;NA;NA;NA;NA;NA;NA;NA
NA;NA;NA;NA;NA;NA;NA;NA;NA;NA
NA;NA;NA;NA;NA;NA;NA;NA;NA;NA
NA;NA;NA;NA;NA;NA;NA;NA;NA;NA
NA;NA;NA;NA;NA;NA;NA;NA;NA;NA
NA;NA;NA;NA;NA;NA;NA;NA;NA;NA
NA;NA;NA;NA;NA;NA;NA;NA;NA;NA
NA;NA;NA;NA;NA;NA;NA;NA;NA;NA
NA;NA;NA;NA;NA;NA;NA;NA;NA;NA
NA;NA;NA;NA;NA;NA;NA;NA;NA;NA
NA;NA;NA;NA;NA;NA;NA;NA;NA;NA
NA;NA;NA;NA;NA;NA;NA;NA;NA;NA
NA;NA;NA;NA;NA;NA;NA;NA;NA;NA
NA;NA;NA;NA;NA;NA;NA;NA;NA;NA
NA;NA;NA;NA;NA;NA;NA;NA;NA;NA
NA;NA;NA;NA;NA;NA;NA;NA;NA;NA
NA;NA;NA;NA;NA;NA;NA;NA;NA;NA
NA;NA;NA;NA;NA;NA;NA;NA;NA;NA
NA;NA;NA;NA;NA;NA;NA;NA;NA;NA
NA;NA;NA;NA;NA;NA;NA;NA;NA;NA
NA;NA;NA;NA;NA;NA;NA;NA;NA;NA
NA;NA;NA;NA;NA;NA;NA;NA;NA;NA
NA;NA;NA;NA;NA;NA;NA;NA;NA;NA
NA;NA;NA;NA;NA;NA;NA;NA;NA;NA
NA;NA;NA;NA;NA;NA;NA;NA;NA;NA
NA;NA;NA;NA;NA;NA;NA;NA;NA;NA
NA;NA;NA;NA;NA;NA;NA;NA;NA;NA
NA;NA;NA;NA;NA;NA;NA;NA;NA;NA
NA;NA;NA;NA;NA;NA;NA;NA;NA;NA
NA;NA;NA;NA;NA;NA;NA;NA;NA;NA
NA;NA;NA;NA;NA;NA;NA;NA;NA;NA
NA;NA;NA;NA;NA;NA;NA;NA;NA;NA
NA;NA;NA;NA;NA;NA;NA;NA;NA;NA
NA;NA;NA;NA;NA;NA;NA;NA;NA;NA
NA;NA;NA;NA;NA;NA;NA;NA;NA;NA
NA;NA;NA;NA;NA;NA;NA;NA;NA;NA
NA;NA;NA;NA;NA;NA;NA;NA;NA;NA
NA;NA;NA;NA;NA;NA;NA;NA;NA;NA
NA;NA;NA;NA;NA;NA;NA;NA;NA;NA
NA;NA;NA;NA;NA;NA;NA;NA;NA;NA
NA;NA;NA;NA;NA;NA;NA;NA;NA;NA
NA;NA;NA;NA;NA;NA;NA;NA;NA;NA
NA;NA;NA;NA;NA;NA;NA;NA;NA;NA
NA;NA;NA;NA;NA;NA;NA;NA;NA;NA
NA;NA;NA;NA;NA;NA;NA;NA;NA;NA
NA;NA;NA;NA;NA;NA;NA;NA;NA;NA
NA;NA;NA;NA;NA;NA;NA;NA;NA;NA
NA;NA;NA;NA;NA;NA;NA;NA;NA;NA
NA;NA;NA;NA;NA;NA;NA;NA;NA;NA
NA;NA;NA;NA;NA;NA;NA;NA;NA;NA
NA;NA;NA;NA;NA;NA;NA;NA;NA;NA
NA;NA;NA;NA;NA;NA;NA;NA;NA;NA
NA;NA;NA;NA;NA;NA;NA;NA;NA;NA
NA;NA;NA;NA;NA;NA;NA;NA;NA;NA
NA;NA;NA;NA;NA;NA;NA;NA;NA;NA
NA;NA;NA;NA;NA;NA;NA;NA;NA;NA
NA;NA;NA;NA;NA;NA;NA;NA;NA;NA
NA;NA;NA;NA;NA;NA;NA;NA;NA;NA
NA;NA;NA;NA;NA;NA;NA;NA;NA;NA
NA;NA;NA;NA;NA;NA;NA;NA;NA;NA
NA;NA;NA;NA;NA;NA;NA;NA;NA;NA
NA;NA;NA;NA;NA;NA;NA;NA;NA;NA
NA;NA;NA;NA;NA;NA;NA;NA;NA;NA
NA;NA;NA;NA;NA;NA;NA;NA;NA;NA
NA;NA;NA;NA;NA;NA;NA;NA;NA;NA
NA;NA;NA;NA;NA;NA;NA;NA;NA;NA
NA;NA;NA;NA;NA;NA;NA;NA;NA;NA
NA;NA;NA;NA;NA;NA;NA;NA;NA;NA
NA;NA;NA;NA;NA;NA;NA;NA;NA;NA
NA;NA;NA;NA;NA;NA;NA;NA;NA;NA
NA;NA;NA;NA;NA;NA;NA;NA;NA;NA
NA;NA;NA;NA;NA;NA;NA;NA;NA;NA
NA;NA;NA;NA;NA;NA;NA;NA;NA;NA
NA;NA;NA;NA;NA;NA;NA;NA;NA;NA
NA;NA;NA;NA;NA;NA;NA;NA;NA;NA
NA;NA;NA;NA;NA;NA;NA;NA;NA;NA
NA;NA;NA;NA;NA;NA;NA;NA;NA;NA
NA;NA;NA;NA;NA;NA;NA;NA;NA;NA
NA;NA;NA;NA;NA;NA;NA;NA;NA;NA
NA;NA;NA;NA;NA;NA;NA;NA;NA;NA
NA;NA;NA;NA;NA;NA;NA;NA;NA;NA
NA;NA;NA;NA;NA;NA;NA;NA;NA;NA
NA;NA;NA;NA;NA;NA;NA;NA;NA;NA
NA;NA;NA;NA;NA;NA;NA;NA;NA;NA
NA;NA;NA;NA;NA;NA;NA;NA;NA;NA
NA;NA;NA;NA;NA;NA;NA;NA;NA;NA
NA;NA;NA;NA;NA;NA;NA;NA;NA;NA
NA;NA;NA;NA;NA;NA;NA;NA;NA;NA
NA;NA;NA;NA;NA;NA;NA;NA;NA;NA
NA;NA;NA;NA;NA;NA;NA;NA;NA;NA
NA;NA;NA;NA;NA;NA;NA;NA;NA;NA
NA;NA;NA;NA;NA;NA;NA;NA;NA;NA
NA;NA;NA;NA;NA;NA;NA;NA;NA;NA
NA;NA;NA;NA;NA;NA;NA;NA;NA;NA
NA;NA;NA;NA;NA;NA;NA;NA;NA;NA
NA;NA;NA;NA;NA;NA;NA;NA;NA;NA
NA;NA;NA;NA;NA;NA;NA;NA;NA;NA
NA;NA;NA;NA;NA;NA;NA;NA;NA;NA
NA;NA;NA;NA;NA;NA;NA;NA;NA;NA
NA;NA;NA;NA;NA;NA;NA;NA;NA;NA
NA;NA;NA;NA;NA;NA;NA;NA;NA;NA
NA;NA;NA;NA;NA;NA;NA;NA;NA;NA
NA;NA;NA;NA;NA;NA;NA;NA;NA;NA
NA;NA;NA;NA;NA;NA;NA;NA;NA;NA
NA;NA;NA;NA;NA;NA;NA;NA;NA;NA
NA;NA;NA;NA;NA;NA;NA;NA;NA;NA
NA;NA;NA;NA;NA;NA;NA;NA;NA;NA
NA;NA;NA;NA;NA;NA;NA;NA;NA;NA
NA;NA;NA;NA;NA;NA;NA;NA;NA;NA
NA;NA;NA;NA;NA;NA;NA;NA;NA;NA
NA;NA;NA;NA;NA;NA;NA;NA;NA;NA
NA;NA;NA;NA;NA;NA;NA;NA;NA;NA
NA;NA;NA;NA;NA;NA;NA;NA;NA;NA
NA;NA;NA;NA;NA;NA;NA;NA;NA;NA
NA;NA;NA;NA;NA;NA;NA;NA;NA;NA
NA;NA;NA;NA;NA;NA;NA;NA;NA;NA
NA;NA;NA;NA;NA;NA;NA;NA;NA;NA
NA;NA;NA;NA;NA;NA;NA;NA;NA;NA
NA;NA;NA;NA;NA;NA;NA;NA;NA;NA
NA;NA;NA;NA;NA;NA;NA;NA;NA;NA
NA;NA;NA;NA;NA;NA;NA;NA;NA;NA
NA;NA;NA;NA;NA;NA;NA;NA;NA;NA
NA;NA;NA;NA;NA;NA;NA;NA;NA;NA
NA;NA;NA;NA;NA;NA;NA;NA;NA;NA
NA;NA;NA;NA;NA;NA;NA;NA;NA;NA
NA;NA;NA;NA;NA;NA;NA;NA;NA;NA
NA;NA;NA;NA;NA;NA;NA;NA;NA;NA
NA;NA;NA;NA;NA;NA;NA;NA;NA;NA
NA;NA;NA;NA;NA;NA;NA;NA;NA;NA
NA;NA;NA;NA;NA;NA;NA;NA;NA;NA
NA;NA;NA;NA;NA;NA;NA;NA;NA;NA
NA;NA;NA;NA;NA;NA;NA;NA;NA;NA
NA;NA;NA;NA;NA;NA;NA;NA;NA;NA
NA;NA;NA;NA;NA;NA;NA;NA;NA;NA
NA;NA;NA;NA;NA;NA;NA;NA;NA;NA
NA;NA;NA;NA;NA;NA;NA;NA;NA;NA
NA;NA;NA;NA;NA;NA;NA;NA;NA;NA
NA;NA;NA;NA;NA;NA;NA;NA;NA;NA
NA;NA;NA;NA;NA;NA;NA;NA;NA;NA
NA;NA;NA;NA;NA;NA;NA;NA;NA;NA
NA;NA;NA;NA;NA;NA;NA;NA;NA;NA
NA;NA;NA;NA;NA;NA;NA;NA;NA;NA
NA;NA;NA;NA;NA;NA;NA;NA;NA;NA
NA;NA;NA;NA;NA;NA;NA;NA;NA;NA
NA;NA;NA;NA;NA;NA;NA;NA;NA;NA
NA;NA;NA;NA;NA;NA;NA;NA;NA;NA
NA;NA;NA;NA;NA;NA;NA;NA;NA;NA
NA;NA;NA;NA;NA;NA;NA;NA;NA;NA
NA;NA;NA;NA;NA;NA;NA;NA;NA;NA
NA;NA;NA;NA;NA;NA;NA;NA;NA;NA
NA;NA;NA;NA;NA;NA;NA;NA;NA;NA
NA;NA;NA;NA;NA;NA;NA;NA;NA;NA
NA;NA;NA;NA;NA;NA;NA;NA;NA;NA
NA;NA;NA;NA;NA;NA;NA;NA;NA;NA
NA;NA;NA;NA;NA;NA;NA;NA;NA;NA
NA;NA;NA;NA;NA;NA;NA;NA;NA;NA
NA;NA;NA;NA;NA;NA;NA;NA;NA;NA
NA;NA;NA;NA;NA;NA;NA;NA;NA;NA
NA;NA;NA;NA;NA;NA;NA;NA;NA;NA
NA;NA;NA;NA;NA;NA;NA;NA;NA;NA
NA;NA;NA;NA;NA;NA;NA;NA;NA;NA
NA;NA;NA;NA;NA;NA;NA;NA;NA;NA
NA;NA;NA;NA;NA;NA;NA;NA;NA;NA
NA;NA;NA;NA;NA;NA;NA;NA;NA;NA
NA;NA;NA;NA;NA;NA;NA;NA;NA;NA
NA;NA;NA;NA;NA;NA;NA;NA;NA;NA
NA;NA;NA;NA;NA;NA;NA;NA;NA;NA
NA;NA;NA;NA;NA;NA;NA;NA;NA;NA
NA;NA;NA;NA;NA;NA;NA;NA;NA;NA
NA;NA;NA;NA;NA;NA;NA;NA;NA;NA
NA;NA;NA;NA;NA;NA;NA;NA;NA;NA
NA;NA;NA;NA;NA;NA;NA;NA;NA;NA
NA;NA;NA;NA;NA;NA;NA;NA;NA;NA
NA;NA;NA;NA;NA;NA;NA;NA;NA;NA
NA;NA;NA;NA;NA;NA;NA;NA;NA;NA
NA;NA;NA;NA;NA;NA;NA;NA;NA;NA
NA;NA;NA;NA;NA;NA;NA;NA;NA;NA
NA;NA;NA;NA;NA;NA;NA;NA;NA;NA
NA;NA;NA;NA;NA;NA;NA;NA;NA;NA
NA;NA;NA;NA;NA;NA;NA;NA;NA;NA
NA;NA;NA;NA;NA;NA;NA;NA;NA;NA
NA;NA;NA;NA;NA;NA;NA;NA;NA;NA
NA;NA;NA;NA;NA;NA;NA;NA;NA;NA
NA;NA;NA;NA;NA;NA;NA;NA;NA;NA
NA;NA;NA;NA;NA;NA;NA;NA;NA;NA
NA;NA;NA;NA;NA;NA;NA;NA;NA;NA
NA;NA;NA;NA;NA;NA;NA;NA;NA;NA
NA;NA;NA;NA;NA;NA;NA;NA;NA;NA
NA;NA;NA;NA;NA;NA;NA;NA;NA;NA
NA;NA;NA;NA;NA;NA;NA;NA;NA;NA
NA;NA;NA;NA;NA;NA;NA;NA;NA;NA
NA;NA;NA;NA;NA;NA;NA;NA;NA;NA
NA;NA;NA;NA;NA;NA;NA;NA;NA;NA
NA;NA;NA;NA;NA;NA;NA;NA;NA;NA
NA;NA;NA;NA;NA;NA;NA;NA;NA;NA
NA;NA;NA;NA;NA;NA;NA;NA;NA;NA
NA;NA;NA;NA;NA;NA;NA;NA;NA;NA
NA;NA;NA;NA;NA;NA;NA;NA;NA;NA
NA;NA;NA;NA;NA;NA;NA;NA;NA;NA
NA;NA;NA;NA;NA;NA;NA;NA;NA;NA
NA;NA;NA;NA;NA;NA;NA;NA;NA;NA
NA;NA;NA;NA;NA;NA;NA;NA;NA;NA
NA;NA;NA;NA;NA;NA;NA;NA;NA;NA
NA;NA;NA;NA;NA;NA;NA;NA;NA;NA
NA;NA;NA;NA;NA;NA;NA;NA;NA;NA
NA;NA;NA;NA;NA;NA;NA;NA;NA;NA
NA;NA;NA;NA;NA;NA;NA;NA;NA;NA
NA;NA;NA;NA;NA;NA;NA;NA;NA;NA
NA;NA;NA;NA;NA;NA;NA;NA;NA;NA
NA;NA;NA;NA;NA;NA;NA;NA;NA;NA
NA;NA;NA;NA;NA;NA;NA;NA;NA;NA
NA;NA;NA;NA;NA;NA;NA;NA;NA;NA
NA;NA;NA;NA;NA;NA;NA;NA;NA;NA
NA;NA;NA;NA;NA;NA;NA;NA;NA;NA
NA;NA;NA;NA;NA;NA;NA;NA;NA;NA
NA;NA;NA;NA;NA;NA;NA;NA;NA;NA
NA;NA;NA;NA;NA;NA;NA;NA;NA;NA
NA;NA;NA;NA;NA;NA;NA;NA;NA;NA
NA;NA;NA;NA;NA;NA;NA;NA;NA;NA
NA;NA;NA;NA;NA;NA;NA;NA;NA;NA
NA;NA;NA;NA;NA;NA;NA;NA;NA;NA
NA;NA;NA;NA;NA;NA;NA;NA;NA;NA
NA;NA;NA;NA;NA;NA;NA;NA;NA;NA
NA;NA;NA;NA;NA;NA;NA;NA;NA;NA
NA;NA;NA;NA;NA;NA;NA;NA;NA;NA
NA;NA;NA;NA;NA;NA;NA;NA;NA;NA
NA;NA;NA;NA;NA;NA;NA;NA;NA;NA
NA;NA;NA;NA;NA;NA;NA;NA;NA;NA
NA;NA;NA;NA;NA;NA;NA;NA;NA;NA
NA;NA;NA;NA;NA;NA;NA;NA;NA;NA
NA;NA;NA;NA;NA;NA;NA;NA;NA;NA
NA;NA;NA;NA;NA;NA;NA;NA;NA;NA
NA;NA;NA;NA;NA;NA;NA;NA;NA;NA
NA;NA;NA;NA;NA;NA;NA;NA;NA;NA
NA;NA;NA;NA;NA;NA;NA;NA;NA;NA
NA;NA;NA;NA;NA;NA;NA;NA;NA;NA
NA;NA;NA;NA;NA;NA;NA;NA;NA;NA
NA;NA;NA;NA;NA;NA;NA;NA;NA;NA
NA;NA;NA;NA;NA;NA;NA;NA;NA;NA
NA;NA;NA;NA;NA;NA;NA;NA;NA;NA
NA;NA;NA;NA;NA;NA;NA;NA;NA;NA
NA;NA;NA;NA;NA;NA;NA;NA;NA;NA
NA;NA;NA;NA;NA;NA;NA;NA;NA;NA
NA;NA;NA;NA;NA;NA;NA;NA;NA;NA
NA;NA;NA;NA;NA;NA;NA;NA;NA;NA
NA;NA;NA;NA;NA;NA;NA;NA;NA;NA
NA;NA;NA;NA;NA;NA;NA;NA;NA;NA
NA;NA;NA;NA;NA;NA;NA;NA;NA;NA
NA;NA;NA;NA;NA;NA;NA;NA;NA;NA
NA;NA;NA;NA;NA;NA;NA;NA;NA;NA
NA;NA;NA;NA;NA;NA;NA;NA;NA;NA
NA;NA;NA;NA;NA;NA;NA;NA;NA;NA
NA;NA;NA;NA;NA;NA;NA;NA;NA;NA
NA;NA;NA;NA;NA;NA;NA;NA;NA;NA
NA;NA;NA;NA;NA;NA;NA;NA;NA;NA
NA;NA;NA;NA;NA;NA;NA;NA;NA;NA
NA;NA;NA;NA;NA;NA;NA;NA;NA;NA
NA;NA;NA;NA;NA;NA;NA;NA;NA;NA
NA;NA;NA;NA;NA;NA;NA;NA;NA;NA
NA;NA;NA;NA;NA;NA;NA;NA;NA;NA
NA;NA;NA;NA;NA;NA;NA;NA;NA;NA
NA;NA;NA;NA;NA;NA;NA;NA;NA;NA
NA;NA;NA;NA;NA;NA;NA;NA;NA;NA
NA;NA;NA;NA;NA;NA;NA;NA;NA;NA
NA;NA;NA;NA;NA;NA;NA;NA;NA;NA
NA;NA;NA;NA;NA;NA;NA;NA;NA;NA
NA;NA;NA;NA;NA;NA;NA;NA;NA;NA
NA;NA;NA;NA;NA;NA;NA;NA;NA;NA
NA;NA;NA;NA;NA;NA;NA;NA;NA;NA
NA;NA;NA;NA;NA;NA;NA;NA;NA;NA
NA;NA;NA;NA;NA;NA;NA;NA;NA;NA
NA;NA;NA;NA;NA;NA;NA;NA;NA;NA
NA;NA;NA;NA;NA;NA;NA;NA;NA;NA
NA;NA;NA;NA;NA;NA;NA;NA;NA;NA
NA;NA;NA;NA;NA;NA;NA;NA;NA;NA
NA;NA;NA;NA;NA;NA;NA;NA;NA;NA
NA;NA;NA;NA;NA;NA;NA;NA;NA;NA
NA;NA;NA;NA;NA;NA;NA;NA;NA;NA
NA;NA;NA;NA;NA;NA;NA;NA;NA;NA
NA;NA;NA;NA;NA;NA;NA;NA;NA;NA
NA;NA;NA;NA;NA;NA;NA;NA;NA;NA
NA;NA;NA;NA;NA;NA;NA;NA;NA;NA
NA;NA;NA;NA;NA;NA;NA;NA;NA;NA
NA;NA;NA;NA;NA;NA;NA;NA;NA;NA
NA;NA;NA;NA;NA;NA;NA;NA;NA;NA
NA;NA;NA;NA;NA;NA;NA;NA;NA;NA
NA;NA;NA;NA;NA;NA;NA;NA;NA;NA
NA;NA;NA;NA;NA;NA;NA;NA;NA;NA
NA;NA;NA;NA;NA;NA;NA;NA;NA;NA
NA;NA;NA;NA;NA;NA;NA;NA;NA;NA
NA;NA;NA;NA;NA;NA;NA;NA;NA;NA
NA;NA;NA;NA;NA;NA;NA;NA;NA;NA
NA;NA;NA;NA;NA;NA;NA;NA;NA;NA
NA;NA;NA;NA;NA;NA;NA;NA;NA;NA
NA;NA;NA;NA;NA;NA;NA;NA;NA;NA
NA;NA;NA;NA;NA;NA;NA;NA;NA;NA
NA;NA;NA;NA;NA;NA;NA;NA;NA;NA
NA;NA;NA;NA;NA;NA;NA;NA;NA;NA
NA;NA;NA;NA;NA;NA;NA;NA;NA;NA
NA;NA;NA;NA;NA;NA;NA;NA;NA;NA
NA;NA;NA;NA;NA;NA;NA;NA;NA;NA
NA;NA;NA;NA;NA;NA;NA;NA;NA;NA
NA;NA;NA;NA;NA;NA;NA;NA;NA;NA
NA;NA;NA;NA;NA;NA;NA;NA;NA;NA
NA;NA;NA;NA;NA;NA;NA;NA;NA;NA
NA;NA;NA;NA;NA;NA;NA;NA;NA;NA
NA;NA;NA;NA;NA;NA;NA;NA;NA;NA
NA;NA;NA;NA;NA;NA;NA;NA;NA;NA
NA;NA;NA;NA;NA;NA;NA;NA;NA;NA
NA;NA;NA;NA;NA;NA;NA;NA;NA;NA
NA;NA;NA;NA;NA;NA;NA;NA;NA;NA
NA;NA;NA;NA;NA;NA;NA;NA;NA;NA
NA;NA;NA;NA;NA;NA;NA;NA;NA;NA
NA;NA;NA;NA;NA;NA;NA;NA;NA;NA
NA;NA;NA;NA;NA;NA;NA;NA;NA;NA
NA;NA;NA;NA;NA;NA;NA;NA;NA;NA
NA;NA;NA;NA;NA;NA;NA;NA;NA;NA
NA;NA;NA;NA;NA;NA;NA;NA;NA;NA
NA;NA;NA;NA;NA;NA;NA;NA;NA;NA
NA;NA;NA;NA;NA;NA;NA;NA;NA;NA
NA;NA;NA;NA;NA;NA;NA;NA;NA;NA
NA;NA;NA;NA;NA;NA;NA;NA;NA;NA
NA;NA;NA;NA;NA;NA;NA;NA;NA;NA
NA;NA;NA;NA;NA;NA;NA;NA;NA;NA
NA;NA;NA;NA;NA;NA;NA;NA;NA;NA
NA;NA;NA;NA;NA;NA;NA;NA;NA;NA
NA;NA;NA;NA;NA;NA;NA;NA;NA;NA
NA;NA;NA;NA;NA;NA;NA;NA;NA;NA
NA;NA;NA;NA;NA;NA;NA;NA;NA;NA
NA;NA;NA;NA;NA;NA;NA;NA;NA;NA
NA;NA;NA;NA;NA;NA;NA;NA;NA;NA
NA;NA;NA;NA;NA;NA;NA;NA;NA;NA
NA;NA;NA;NA;NA;NA;NA;NA;NA;NA
NA;NA;NA;NA;NA;NA;NA;NA;NA;NA
NA;NA;NA;NA;NA;NA;NA;NA;NA;NA
NA;NA;NA;NA;NA;NA;NA;NA;NA;NA
NA;NA;NA;NA;NA;NA;NA;NA;NA;NA
NA;NA;NA;NA;NA;NA;NA;NA;NA;NA
NA;NA;NA;NA;NA;NA;NA;NA;NA;NA
NA;NA;NA;NA;NA;NA;NA;NA;NA;NA
NA;NA;NA;NA;NA;NA;NA;NA;NA;NA
NA;NA;NA;NA;NA;NA;NA;NA;NA;NA
NA;NA;NA;NA;NA;NA;NA;NA;NA;NA
NA;NA;NA;NA;NA;NA;NA;NA;NA;NA
NA;NA;NA;NA;NA;NA;NA;NA;NA;NA
NA;NA;NA;NA;NA;NA;NA;NA;NA;NA
NA;NA;NA;NA;NA;NA;NA;NA;NA;NA
NA;NA;NA;NA;NA;NA;NA;NA;NA;NA
NA;NA;NA;NA;NA;NA;NA;NA;NA;NA
NA;NA;NA;NA;NA;NA;NA;NA;NA;NA
NA;NA;NA;NA;NA;NA;NA;NA;NA;NA
NA;NA;NA;NA;NA;NA;NA;NA;NA;NA
NA;NA;NA;NA;NA;NA;NA;NA;NA;NA
NA;NA;NA;NA;NA;NA;NA;NA;NA;NA
NA;NA;NA;NA;NA;NA;NA;NA;NA;NA
NA;NA;NA;NA;NA;NA;NA;NA;NA;NA
NA;NA;NA;NA;NA;NA;NA;NA;NA;NA
NA;NA;NA;NA;NA;NA;NA;NA;NA;NA
NA;NA;NA;NA;NA;NA;NA;NA;NA;NA
NA;NA;NA;NA;NA;NA;NA;NA;NA;NA
NA;NA;NA;NA;NA;NA;NA;NA;NA;NA
NA;NA;NA;NA;NA;NA;NA;NA;NA;NA
NA;NA;NA;NA;NA;NA;NA;NA;NA;NA
NA;NA;NA;NA;NA;NA;NA;NA;NA;NA
NA;NA;NA;NA;NA;NA;NA;NA;NA;NA
NA;NA;NA;NA;NA;NA;NA;NA;NA;NA
NA;NA;NA;NA;NA;NA;NA;NA;NA;NA
NA;NA;NA;NA;NA;NA;NA;NA;NA;NA
NA;NA;NA;NA;NA;NA;NA;NA;NA;NA
NA;NA;NA;NA;NA;NA;NA;NA;NA;NA
NA;NA;NA;NA;NA;NA;NA;NA;NA;NA
NA;NA;NA;NA;NA;NA;NA;NA;NA;NA
NA;NA;NA;NA;NA;NA;NA;NA;NA;NA
NA;NA;NA;NA;NA;NA;NA;NA;NA;NA
NA;NA;NA;NA;NA;NA;NA;NA;NA;NA
NA;NA;NA;NA;NA;NA;NA;NA;NA;NA
NA;NA;NA;NA;NA;NA;NA;NA;NA;NA
NA;NA;NA;NA;NA;NA;NA;NA;NA;NA
NA;NA;NA;NA;NA;NA;NA;NA;NA;NA
NA;NA;NA;NA;NA;NA;NA;NA;NA;NA
NA;NA;NA;NA;NA;NA;NA;NA;NA;NA
NA;NA;NA;NA;NA;NA;NA;NA;NA;NA
NA;NA;NA;NA;NA;NA;NA;NA;NA;NA
NA;NA;NA;NA;NA;NA;NA;NA;NA;NA
NA;NA;NA;NA;NA;NA;NA;NA;NA;NA
NA;NA;NA;NA;NA;NA;NA;NA;NA;NA
NA;NA;NA;NA;NA;NA;NA;NA;NA;NA
NA;NA;NA;NA;NA;NA;NA;NA;NA;NA
NA;NA;NA;NA;NA;NA;NA;NA;NA;NA
NA;NA;NA;NA;NA;NA;NA;NA;NA;NA
NA;NA;NA;NA;NA;NA;NA;NA;NA;NA
NA;NA;NA;NA;NA;NA;NA;NA;NA;NA
NA;NA;NA;NA;NA;NA;NA;NA;NA;NA
NA;NA;NA;NA;NA;NA;NA;NA;NA;NA
NA;NA;NA;NA;NA;NA;NA;NA;NA;NA
NA;NA;NA;NA;NA;NA;NA;NA;NA;NA
NA;NA;NA;NA;NA;NA;NA;NA;NA;NA
NA;NA;NA;NA;NA;NA;NA;NA;NA;NA
NA;NA;NA;NA;NA;NA;NA;NA;NA;NA
NA;NA;NA;NA;NA;NA;NA;NA;NA;NA
NA;NA;NA;NA;NA;NA;NA;NA;NA;NA
NA;NA;NA;NA;NA;NA;NA;NA;NA;NA
NA;NA;NA;NA;NA;NA;NA;NA;NA;NA
NA;NA;NA;NA;NA;NA;NA;NA;NA;NA
NA;NA;NA;NA;NA;NA;NA;NA;NA;NA
NA;NA;NA;NA;NA;NA;NA;NA;NA;NA
NA;NA;NA;NA;NA;NA;NA;NA;NA;NA
NA;NA;NA;NA;NA;NA;NA;NA;NA;NA
NA;NA;NA;NA;NA;NA;NA;NA;NA;NA
NA;NA;NA;NA;NA;NA;NA;NA;NA;NA
NA;NA;NA;NA;NA;NA;NA;NA;NA;NA
NA;NA;NA;NA;NA;NA;NA;NA;NA;NA
NA;NA;NA;NA;NA;NA;NA;NA;NA;NA
NA;NA;NA;NA;NA;NA;NA;NA;NA;NA
NA;NA;NA;NA;NA;NA;NA;NA;NA;NA
NA;NA;NA;NA;NA;NA;NA;NA;NA;NA
NA;NA;NA;NA;NA;NA;NA;NA;NA;NA
NA;NA;NA;NA;NA;NA;NA;NA;NA;NA
NA;NA;NA;NA;NA;NA;NA;NA;NA;NA
NA;NA;NA;NA;NA;NA;NA;NA;NA;NA
NA;NA;NA;NA;NA;NA;NA;NA;NA;NA
NA;NA;NA;NA;NA;NA;NA;NA;NA;NA
NA;NA;NA;NA;NA;NA;NA;NA;NA;NA
NA;NA;NA;NA;NA;NA;NA;NA;NA;NA
NA;NA;NA;NA;NA;NA;NA;NA;NA;NA
NA;NA;NA;NA;NA;NA;NA;NA;NA;NA
NA;NA;NA;NA;NA;NA;NA;NA;NA;NA
NA;NA;NA;NA;NA;NA;NA;NA;NA;NA
NA;NA;NA;NA;NA;NA;NA;NA;NA;NA
NA;NA;NA;NA;NA;NA;NA;NA;NA;NA
NA;NA;NA;NA;NA;NA;NA;NA;NA;NA
NA;NA;NA;NA;NA;NA;NA;NA;NA;NA
NA;NA;NA;NA;NA;NA;NA;NA;NA;NA
NA;NA;NA;NA;NA;NA;NA;NA;NA;NA
NA;NA;NA;NA;NA;NA;NA;NA;NA;NA
NA;NA;NA;NA;NA;NA;NA;NA;NA;NA
NA;NA;NA;NA;NA;NA;NA;NA;NA;NA
NA;NA;NA;NA;NA;NA;NA;NA;NA;NA
NA;NA;NA;NA;NA;NA;NA;NA;NA;NA
NA;NA;NA;NA;NA;NA;NA;NA;NA;NA
NA;NA;NA;NA;NA;NA;NA;NA;NA;NA
NA;NA;NA;NA;NA;NA;NA;NA;NA;NA
NA;NA;NA;NA;NA;NA;NA;NA;NA;NA
NA;NA;NA;NA;NA;NA;NA;NA;NA;NA
NA;NA;NA;NA;NA;NA;NA;NA;NA;NA
NA;NA;NA;NA;NA;NA;NA;NA;NA;NA
NA;NA;NA;NA;NA;NA;NA;NA;NA;NA
NA;NA;NA;NA;NA;NA;NA;NA;NA;NA
NA;NA;NA;NA;NA;NA;NA;NA;NA;NA
NA;NA;NA;NA;NA;NA;NA;NA;NA;NA
NA;NA;NA;NA;NA;NA;NA;NA;NA;NA
NA;NA;NA;NA;NA;NA;NA;NA;NA;NA
NA;NA;NA;NA;NA;NA;NA;NA;NA;NA
NA;NA;NA;NA;NA;NA;NA;NA;NA;NA
NA;NA;NA;NA;NA;NA;NA;NA;NA;NA
NA;NA;NA;NA;NA;NA;NA;NA;NA;NA
NA;NA;NA;NA;NA;NA;NA;NA;NA;NA
NA;NA;NA;NA;NA;NA;NA;NA;NA;NA
NA;NA;NA;NA;NA;NA;NA;NA;NA;NA
NA;NA;NA;NA;NA;NA;NA;NA;NA;NA
NA;NA;NA;NA;NA;NA;NA;NA;NA;NA
NA;NA;NA;NA;NA;NA;NA;NA;NA;NA
NA;NA;NA;NA;NA;NA;NA;NA;NA;NA
NA;NA;NA;NA;NA;NA;NA;NA;NA;NA
NA;NA;NA;NA;NA;NA;NA;NA;NA;NA
NA;NA;NA;NA;NA;NA;NA;NA;NA;NA
NA;NA;NA;NA;NA;NA;NA;NA;NA;NA
NA;NA;NA;NA;NA;NA;NA;NA;NA;NA
NA;NA;NA;NA;NA;NA;NA;NA;NA;NA
NA;NA;NA;NA;NA;NA;NA;NA;NA;NA
NA;NA;NA;NA;NA;NA;NA;NA;NA;NA
NA;NA;NA;NA;NA;NA;NA;NA;NA;NA
NA;NA;NA;NA;NA;NA;NA;NA;NA;NA
NA;NA;NA;NA;NA;NA;NA;NA;NA;NA
NA;NA;NA;NA;NA;NA;NA;NA;NA;NA
NA;NA;NA;NA;NA;NA;NA;NA;NA;NA
NA;NA;NA;NA;NA;NA;NA;NA;NA;NA
NA;NA;NA;NA;NA;NA;NA;NA;NA;NA
NA;NA;NA;NA;NA;NA;NA;NA;NA;NA
NA;NA;NA;NA;NA;NA;NA;NA;NA;NA
NA;NA;NA;NA;NA;NA;NA;NA;NA;NA
NA;NA;NA;NA;NA;NA;NA;NA;NA;NA
NA;NA;NA;NA;NA;NA;NA;NA;NA;NA
NA;NA;NA;NA;NA;NA;NA;NA;NA;NA
NA;NA;NA;NA;NA;NA;NA;NA;NA;NA
NA;NA;NA;NA;NA;NA;NA;NA;NA;NA
NA;NA;NA;NA;NA;NA;NA;NA;NA;NA
NA;NA;NA;NA;NA;NA;NA;NA;NA;NA
NA;NA;NA;NA;NA;NA;NA;NA;NA;NA
NA;NA;NA;NA;NA;NA;NA;NA;NA;NA
NA;NA;NA;NA;NA;NA;NA;NA;NA;NA
NA;NA;NA;NA;NA;NA;NA;NA;NA;NA
NA;NA;NA;NA;NA;NA;NA;NA;NA;NA
NA;NA;NA;NA;NA;NA;NA;NA;NA;NA
NA;NA;NA;NA;NA;NA;NA;NA;NA;NA
NA;NA;NA;NA;NA;NA;NA;NA;NA;NA
NA;NA;NA;NA;NA;NA;NA;NA;NA;NA
NA;NA;NA;NA;NA;NA;NA;NA;NA;NA
NA;NA;NA;NA;NA;NA;NA;NA;NA;NA
NA;NA;NA;NA;NA;NA;NA;NA;NA;NA
NA;NA;NA;NA;NA;NA;NA;NA;NA;NA
NA;NA;NA;NA;NA;NA;NA;NA;NA;NA
NA;NA;NA;NA;NA;NA;NA;NA;NA;NA
NA;NA;NA;NA;NA;NA;NA;NA;NA;NA
NA;NA;NA;NA;NA;NA;NA;NA;NA;NA
NA;NA;NA;NA;NA;NA;NA;NA;NA;NA
NA;NA;NA;NA;NA;NA;NA;NA;NA;NA
NA;NA;NA;NA;NA;NA;NA;NA;NA;NA
NA;NA;NA;NA;NA;NA;NA;NA;NA;NA
NA;NA;NA;NA;NA;NA;NA;NA;NA;NA
NA;NA;NA;NA;NA;NA;NA;NA;NA;NA
NA;NA;NA;NA;NA;NA;NA;NA;NA;NA
NA;NA;NA;NA;NA;NA;NA;NA;NA;NA
NA;NA;NA;NA;NA;NA;NA;NA;NA;NA
NA;NA;NA;NA;NA;NA;NA;NA;NA;NA
NA;NA;NA;NA;NA;NA;NA;NA;NA;NA
NA;NA;NA;NA;NA;NA;NA;NA;NA;NA
NA;NA;NA;NA;NA;NA;NA;NA;NA;NA
NA;NA;NA;NA;NA;NA;NA;NA;NA;NA
NA;NA;NA;NA;NA;NA;NA;NA;NA;NA
NA;NA;NA;NA;NA;NA;NA;NA;NA;NA
NA;NA;NA;NA;NA;NA;NA;NA;NA;NA
NA;NA;NA;NA;NA;NA;NA;NA;NA;NA
NA;NA;NA;NA;NA;NA;NA;NA;NA;NA
NA;NA;NA;NA;NA;NA;NA;NA;NA;NA
NA;NA;NA;NA;NA;NA;NA;NA;NA;NA
NA;NA;NA;NA;NA;NA;NA;NA;NA;NA
NA;NA;NA;NA;NA;NA;NA;NA;NA;NA
NA;NA;NA;NA;NA;NA;NA;NA;NA;NA
NA;NA;NA;NA;NA;NA;NA;NA;NA;NA
NA;NA;NA;NA;NA;NA;NA;NA;NA;NA
NA;NA;NA;NA;NA;NA;NA;NA;NA;NA
NA;NA;NA;NA;NA;NA;NA;NA;NA;NA
NA;NA;NA;NA;NA;NA;NA;NA;NA;NA
NA;NA;NA;NA;NA;NA;NA;NA;NA;NA
NA;NA;NA;NA;NA;NA;NA;NA;NA;NA
NA;NA;NA;NA;NA;NA;NA;NA;NA;NA
NA;NA;NA;NA;NA;NA;NA;NA;NA;NA
NA;NA;NA;NA;NA;NA;NA;NA;NA;NA
NA;NA;NA;NA;NA;NA;NA;NA;NA;NA
NA;NA;NA;NA;NA;NA;NA;NA;NA;NA
NA;NA;NA;NA;NA;NA;NA;NA;NA;NA
NA;NA;NA;NA;NA;NA;NA;NA;NA;NA
NA;NA;NA;NA;NA;NA;NA;NA;NA;NA
NA;NA;NA;NA;NA;NA;NA;NA;NA;NA
NA;NA;NA;NA;NA;NA;NA;NA;NA;NA
NA;NA;NA;NA;NA;NA;NA;NA;NA;NA
NA;NA;NA;NA;NA;NA;NA;NA;NA;NA
NA;NA;NA;NA;NA;NA;NA;NA;NA;NA
NA;NA;NA;NA;NA;NA;NA;NA;NA;NA
NA;NA;NA;NA;NA;NA;NA;NA;NA;NA
NA;NA;NA;NA;NA;NA;NA;NA;NA;NA
NA;NA;NA;NA;NA;NA;NA;NA;NA;NA
NA;NA;NA;NA;NA;NA;NA;NA;NA;NA
NA;NA;NA;NA;NA;NA;NA;NA;NA;NA
NA;NA;NA;NA;NA;NA;NA;NA;NA;NA
NA;NA;NA;NA;NA;NA;NA;NA;NA;NA
NA;NA;NA;NA;NA;NA;NA;NA;NA;NA
NA;NA;NA;NA;NA;NA;NA;NA;NA;NA
NA;NA;NA;NA;NA;NA;NA;NA;NA;NA
NA;NA;NA;NA;NA;NA;NA;NA;NA;NA
NA;NA;NA;NA;NA;NA;NA;NA;NA;NA
NA;NA;NA;NA;NA;NA;NA;NA;NA;NA
NA;NA;NA;NA;NA;NA;NA;NA;NA;NA
NA;NA;NA;NA;NA;NA;NA;NA;NA;NA
NA;NA;NA;NA;NA;NA;NA;NA;NA;NA
NA;NA;NA;NA;NA;NA;NA;NA;NA;NA
NA;NA;NA;NA;NA;NA;NA;NA;NA;NA
NA;NA;NA;NA;NA;NA;NA;NA;NA;NA
NA;NA;NA;NA;NA;NA;NA;NA;NA;NA
NA;NA;NA;NA;NA;NA;NA;NA;NA;NA
NA;NA;NA;NA;NA;NA;NA;NA;NA;NA
NA;NA;NA;NA;NA;NA;NA;NA;NA;NA
NA;NA;NA;NA;NA;NA;NA;NA;NA;NA
NA;NA;NA;NA;NA;NA;NA;NA;NA;NA
NA;NA;NA;NA;NA;NA;NA;NA;NA;NA
NA;NA;NA;NA;NA;NA;NA;NA;NA;NA
NA;NA;NA;NA;NA;NA;NA;NA;NA;NA
NA;NA;NA;NA;NA;NA;NA;NA;NA;NA
NA;NA;NA;NA;NA;NA;NA;NA;NA;NA
NA;NA;NA;NA;NA;NA;NA;NA;NA;NA
NA;NA;NA;NA;NA;NA;NA;NA;NA;NA
NA;NA;NA;NA;NA;NA;NA;NA;NA;NA
NA;NA;NA;NA;NA;NA;NA;NA;NA;NA
NA;NA;NA;NA;NA;NA;NA;NA;NA;NA
NA;NA;NA;NA;NA;NA;NA;NA;NA;NA
NA;NA;NA;NA;NA;NA;NA;NA;NA;NA
NA;NA;NA;NA;NA;NA;NA;NA;NA;NA
NA;NA;NA;NA;NA;NA;NA;NA;NA;NA
NA;NA;NA;NA;NA;NA;NA;NA;NA;NA
NA;NA;NA;NA;NA;NA;NA;NA;NA;NA
NA;NA;NA;NA;NA;NA;NA;NA;NA;NA
NA;NA;NA;NA;NA;NA;NA;NA;NA;NA
NA;NA;NA;NA;NA;NA;NA;NA;NA;NA
NA;NA;NA;NA;NA;NA;NA;NA;NA;NA
NA;NA;NA;NA;NA;NA;NA;NA;NA;NA
NA;NA;NA;NA;NA;NA;NA;NA;NA;NA
NA;NA;NA;NA;NA;NA;NA;NA;NA;NA
NA;NA;NA;NA;NA;NA;NA;NA;NA;NA
NA;NA;NA;NA;NA;NA;NA;NA;NA;NA
NA;NA;NA;NA;NA;NA;NA;NA;NA;NA
NA;NA;NA;NA;NA;NA;NA;NA;NA;NA
NA;NA;NA;NA;NA;NA;NA;NA;NA;NA
NA;NA;NA;NA;NA;NA;NA;NA;NA;NA
NA;NA;NA;NA;NA;NA;NA;NA;NA;NA
NA;NA;NA;NA;NA;NA;NA;NA;NA;NA
NA;NA;NA;NA;NA;NA;NA;NA;NA;NA
NA;NA;NA;NA;NA;NA;NA;NA;NA;NA
NA;NA;NA;NA;NA;NA;NA;NA;NA;NA
NA;NA;NA;NA;NA;NA;NA;NA;NA;NA
NA;NA;NA;NA;NA;NA;NA;NA;NA;NA
NA;NA;NA;NA;NA;NA;NA;NA;NA;NA
NA;NA;NA;NA;NA;NA;NA;NA;NA;NA
NA;NA;NA;NA;NA;NA;NA;NA;NA;NA
NA;NA;NA;NA;NA;NA;NA;NA;NA;NA
NA;NA;NA;NA;NA;NA;NA;NA;NA;NA
NA;NA;NA;NA;NA;NA;NA;NA;NA;NA
NA;NA;NA;NA;NA;NA;NA;NA;NA;NA
NA;NA;NA;NA;NA;NA;NA;NA;NA;NA
NA;NA;NA;NA;NA;NA;NA;NA;NA;NA
NA;NA;NA;NA;NA;NA;NA;NA;NA;NA
NA;NA;NA;NA;NA;NA;NA;NA;NA;NA
NA;NA;NA;NA;NA;NA;NA;NA;NA;NA
NA;NA;NA;NA;NA;NA;NA;NA;NA;NA
NA;NA;NA;NA;NA;NA;NA;NA;NA;NA
NA;NA;NA;NA;NA;NA;NA;NA;NA;NA
NA;NA;NA;NA;NA;NA;NA;NA;NA;NA
NA;NA;NA;NA;NA;NA;NA;NA;NA;NA
NA;NA;NA;NA;NA;NA;NA;NA;NA;NA
NA;NA;NA;NA;NA;NA;NA;NA;NA;NA
NA;NA;NA;NA;NA;NA;NA;NA;NA;NA
NA;NA;NA;NA;NA;NA;NA;NA;NA;NA
NA;NA;NA;NA;NA;NA;NA;NA;NA;NA
NA;NA;NA;NA;NA;NA;NA;NA;NA;NA
NA;NA;NA;NA;NA;NA;NA;NA;NA;NA
NA;NA;NA;NA;NA;NA;NA;NA;NA;NA
NA;NA;NA;NA;NA;NA;NA;NA;NA;NA
NA;NA;NA;NA;NA;NA;NA;NA;NA;NA
NA;NA;NA;NA;NA;NA;NA;NA;NA;NA
NA;NA;NA;NA;NA;NA;NA;NA;NA;NA
NA;NA;NA;NA;NA;NA;NA;NA;NA;NA
NA;NA;NA;NA;NA;NA;NA;NA;NA;NA
NA;NA;NA;NA;NA;NA;NA;NA;NA;NA
NA;NA;NA;NA;NA;NA;NA;NA;NA;NA
NA;NA;NA;NA;NA;NA;NA;NA;NA;NA
NA;NA;NA;NA;NA;NA;NA;NA;NA;NA
NA;NA;NA;NA;NA;NA;NA;NA;NA;NA
NA;NA;NA;NA;NA;NA;NA;NA;NA;NA
NA;NA;NA;NA;NA;NA;NA;NA;NA;NA
NA;NA;NA;NA;NA;NA;NA;NA;NA;NA
NA;NA;NA;NA;NA;NA;NA;NA;NA;NA
NA;NA;NA;NA;NA;NA;NA;NA;NA;NA
NA;NA;NA;NA;NA;NA;NA;NA;NA;NA
NA;NA;NA;NA;NA;NA;NA;NA;NA;NA
NA;NA;NA;NA;NA;NA;NA;NA;NA;NA
NA;NA;NA;NA;NA;NA;NA;NA;NA;NA
NA;NA;NA;NA;NA;NA;NA;NA;NA;NA
NA;NA;NA;NA;NA;NA;NA;NA;NA;NA
NA;NA;NA;NA;NA;NA;NA;NA;NA;NA
NA;NA;NA;NA;NA;NA;NA;NA;NA;NA
NA;NA;NA;NA;NA;NA;NA;NA;NA;NA
NA;NA;NA;NA;NA;NA;NA;NA;NA;NA
NA;NA;NA;NA;NA;NA;NA;NA;NA;NA
NA;NA;NA;NA;NA;NA;NA;NA;NA;NA
NA;NA;NA;NA;NA;NA;NA;NA;NA;NA
NA;NA;NA;NA;NA;NA;NA;NA;NA;NA
NA;NA;NA;NA;NA;NA;NA;NA;NA;NA
NA;NA;NA;NA;NA;NA;NA;NA;NA;NA
NA;NA;NA;NA;NA;NA;NA;NA;NA;NA
NA;NA;NA;NA;NA;NA;NA;NA;NA;NA
NA;NA;NA;NA;NA;NA;NA;NA;NA;NA
NA;NA;NA;NA;NA;NA;NA;NA;NA;NA
NA;NA;NA;NA;NA;NA;NA;NA;NA;NA
NA;NA;NA;NA;NA;NA;NA;NA;NA;NA
NA;NA;NA;NA;NA;NA;NA;NA;NA;NA
NA;NA;NA;NA;NA;NA;NA;NA;NA;NA
NA;NA;NA;NA;NA;NA;NA;NA;NA;NA
NA;NA;NA;NA;NA;NA;NA;NA;NA;NA
NA;NA;NA;NA;NA;NA;NA;NA;NA;NA
NA;NA;NA;NA;NA;NA;NA;NA;NA;NA
NA;NA;NA;NA;NA;NA;NA;NA;NA;NA
NA;NA;NA;NA;NA;NA;NA;NA;NA;NA
NA;NA;NA;NA;NA;NA;NA;NA;NA;NA
NA;NA;NA;NA;NA;NA;NA;NA;NA;NA
NA;NA;NA;NA;NA;NA;NA;NA;NA;NA
NA;NA;NA;NA;NA;NA;NA;NA;NA;NA
NA;NA;NA;NA;NA;NA;NA;NA;NA;NA
NA;NA;NA;NA;NA;NA;NA;NA;NA;NA
NA;NA;NA;NA;NA;NA;NA;NA;NA;NA
NA;NA;NA;NA;NA;NA;NA;NA;NA;NA
NA;NA;NA;NA;NA;NA;NA;NA;NA;NA
NA;NA;NA;NA;NA;NA;NA;NA;NA;NA
NA;NA;NA;NA;NA;NA;NA;NA;NA;NA
NA;NA;NA;NA;NA;NA;NA;NA;NA;NA
NA;NA;NA;NA;NA;NA;NA;NA;NA;NA
NA;NA;NA;NA;NA;NA;NA;NA;NA;NA
NA;NA;NA;NA;NA;NA;NA;NA;NA;NA
NA;NA;NA;NA;NA;NA;NA;NA;NA;NA
NA;NA;NA;NA;NA;NA;NA;NA;NA;NA
NA;NA;NA;NA;NA;NA;NA;NA;NA;NA
NA;NA;NA;NA;NA;NA;NA;NA;NA;NA
NA;NA;NA;NA;NA;NA;NA;NA;NA;NA
NA;NA;NA;NA;NA;NA;NA;NA;NA;NA
NA;NA;NA;NA;NA;NA;NA;NA;NA;NA
NA;NA;NA;NA;NA;NA;NA;NA;NA;NA
NA;NA;NA;NA;NA;NA;NA;NA;NA;NA
NA;NA;NA;NA;NA;NA;NA;NA;NA;NA
NA;NA;NA;NA;NA;NA;NA;NA;NA;NA
NA;NA;NA;NA;NA;NA;NA;NA;NA;NA
NA;NA;NA;NA;NA;NA;NA;NA;NA;NA
NA;NA;NA;NA;NA;NA;NA;NA;NA;NA
NA;NA;NA;NA;NA;NA;NA;NA;NA;NA
NA;NA;NA;NA;NA;NA;NA;NA;NA;NA
NA;NA;NA;NA;NA;NA;NA;NA;NA;NA
NA;NA;NA;NA;NA;NA;NA;NA;NA;NA
NA;NA;NA;NA;NA;NA;NA;NA;NA;NA
NA;NA;NA;NA;NA;NA;NA;NA;NA;NA
NA;NA;NA;NA;NA;NA;NA;NA;NA;NA
NA;NA;NA;NA;NA;NA;NA;NA;NA;NA
NA;NA;NA;NA;NA;NA;NA;NA;NA;NA
NA;NA;NA;NA;NA;NA;NA;NA;NA;NA
NA;NA;NA;NA;NA;NA;NA;NA;NA;NA
NA;NA;NA;NA;NA;NA;NA;NA;NA;NA
NA;NA;NA;NA;NA;NA;NA;NA;NA;NA
NA;NA;NA;NA;NA;NA;NA;NA;NA;NA
NA;NA;NA;NA;NA;NA;NA;NA;NA;NA
NA;NA;NA;NA;NA;NA;NA;NA;NA;NA
NA;NA;NA;NA;NA;NA;NA;NA;NA;NA
NA;NA;NA;NA;NA;NA;NA;NA;NA;NA
NA;NA;NA;NA;NA;NA;NA;NA;NA;NA
NA;NA;NA;NA;NA;NA;NA;NA;NA;NA
NA;NA;NA;NA;NA;NA;NA;NA;NA;NA
NA;NA;NA;NA;NA;NA;NA;NA;NA;NA
NA;NA;NA;NA;NA;NA;NA;NA;NA;NA
NA;NA;NA;NA;NA;NA;NA;NA;NA;NA
NA;NA;NA;NA;NA;NA;NA;NA;NA;NA
NA;NA;NA;NA;NA;NA;NA;NA;NA;NA
NA;NA;NA;NA;NA;NA;NA;NA;NA;NA
NA;NA;NA;NA;NA;NA;NA;NA;NA;NA
NA;NA;NA;NA;NA;NA;NA;NA;NA;NA
NA;NA;NA;NA;NA;NA;NA;NA;NA;NA
NA;NA;NA;NA;NA;NA;NA;NA;NA;NA
NA;NA;NA;NA;NA;NA;NA;NA;NA;NA
NA;NA;NA;NA;NA;NA;NA;NA;NA;NA
NA;NA;NA;NA;NA;NA;NA;NA;NA;NA
NA;NA;NA;NA;NA;NA;NA;NA;NA;NA
NA;NA;NA;NA;NA;NA;NA;NA;NA;NA
NA;NA;NA;NA;NA;NA;NA;NA;NA;NA
NA;NA;NA;NA;NA;NA;NA;NA;NA;NA
NA;NA;NA;NA;NA;NA;NA;NA;NA;NA
NA;NA;NA;NA;NA;NA;NA;NA;NA;NA
NA;NA;NA;NA;NA;NA;NA;NA;NA;NA
NA;NA;NA;NA;NA;NA;NA;NA;NA;NA
NA;NA;NA;NA;NA;NA;NA;NA;NA;NA
NA;NA;NA;NA;NA;NA;NA;NA;NA;NA
NA;NA;NA;NA;NA;NA;NA;NA;NA;NA
NA;NA;NA;NA;NA;NA;NA;NA;NA;NA
NA;NA;NA;NA;NA;NA;NA;NA;NA;NA
NA;NA;NA;NA;NA;NA;NA;NA;NA;NA
NA;NA;NA;NA;NA;NA;NA;NA;NA;NA
NA;NA;NA;NA;NA;NA;NA;NA;NA;NA
NA;NA;NA;NA;NA;NA;NA;NA;NA;NA
NA;NA;NA;NA;NA;NA;NA;NA;NA;NA
NA;NA;NA;NA;NA;NA;NA;NA;NA;NA
NA;NA;NA;NA;NA;NA;NA;NA;NA;NA
NA;NA;NA;NA;NA;NA;NA;NA;NA;NA
NA;NA;NA;NA;NA;NA;NA;NA;NA;NA
NA;NA;NA;NA;NA;NA;NA;NA;NA;NA
NA;NA;NA;NA;NA;NA;NA;NA;NA;NA
NA;NA;NA;NA;NA;NA;NA;NA;NA;NA
NA;NA;NA;NA;NA;NA;NA;NA;NA;NA
NA;NA;NA;NA;NA;NA;NA;NA;NA;NA
NA;NA;NA;NA;NA;NA;NA;NA;NA;NA
NA;NA;NA;NA;NA;NA;NA;NA;NA;NA
NA;NA;NA;NA;NA;NA;NA;NA;NA;NA
NA;NA;NA;NA;NA;NA;NA;NA;NA;NA
NA;NA;NA;NA;NA;NA;NA;NA;NA;NA
NA;NA;NA;NA;NA;NA;NA;NA;NA;NA
NA;NA;NA;NA;NA;NA;NA;NA;NA;NA
NA;NA;NA;NA;NA;NA;NA;NA;NA;NA
NA;NA;NA;NA;NA;NA;NA;NA;NA;NA
NA;NA;NA;NA;NA;NA;NA;NA;NA;NA
NA;NA;NA;NA;NA;NA;NA;NA;NA;NA
NA;NA;NA;NA;NA;NA;NA;NA;NA;NA
NA;NA;NA;NA;NA;NA;NA;NA;NA;NA
NA;NA;NA;NA;NA;NA;NA;NA;NA;NA
NA;NA;NA;NA;NA;NA;NA;NA;NA;NA
NA;NA;NA;NA;NA;NA;NA;NA;NA;NA
NA;NA;NA;NA;NA;NA;NA;NA;NA;NA
NA;NA;NA;NA;NA;NA;NA;NA;NA;NA
NA;NA;NA;NA;NA;NA;NA;NA;NA;NA
NA;NA;NA;NA;NA;NA;NA;NA;NA;NA
NA;NA;NA;NA;NA;NA;NA;NA;NA;NA
NA;NA;NA;NA;NA;NA;NA;NA;NA;NA
NA;NA;NA;NA;NA;NA;NA;NA;NA;NA
NA;NA;NA;NA;NA;NA;NA;NA;NA;NA
NA;NA;NA;NA;NA;NA;NA;NA;NA;NA
NA;NA;NA;NA;NA;NA;NA;NA;NA;NA
NA;NA;NA;NA;NA;NA;NA;NA;NA;NA
NA;NA;NA;NA;NA;NA;NA;NA;NA;NA
NA;NA;NA;NA;NA;NA;NA;NA;NA;NA
NA;NA;NA;NA;NA;NA;NA;NA;NA;NA
NA;NA;NA;NA;NA;NA;NA;NA;NA;NA
NA;NA;NA;NA;NA;NA;NA;NA;NA;NA
NA;NA;NA;NA;NA;NA;NA;NA;NA;NA
NA;NA;NA;NA;NA;NA;NA;NA;NA;NA
NA;NA;NA;NA;NA;NA;NA;NA;NA;NA
NA;NA;NA;NA;NA;NA;NA;NA;NA;NA
NA;NA;NA;NA;NA;NA;NA;NA;NA;NA
NA;NA;NA;NA;NA;NA;NA;NA;NA;NA
NA;NA;NA;NA;NA;NA;NA;NA;NA;NA
NA;NA;NA;NA;NA;NA;NA;NA;NA;NA
NA;NA;NA;NA;NA;NA;NA;NA;NA;NA
NA;NA;NA;NA;NA;NA;NA;NA;NA;NA
NA;NA;NA;NA;NA;NA;NA;NA;NA;NA
NA;NA;NA;NA;NA;NA;NA;NA;NA;NA
NA;NA;NA;NA;NA;NA;NA;NA;NA;NA
NA;NA;NA;NA;NA;NA;NA;NA;NA;NA
NA;NA;NA;NA;NA;NA;NA;NA;NA;NA
NA;NA;NA;NA;NA;NA;NA;NA;NA;NA
NA;NA;NA;NA;NA;NA;NA;NA;NA;NA
NA;NA;NA;NA;NA;NA;NA;NA;NA;NA
NA;NA;NA;NA;NA;NA;NA;NA;NA;NA
NA;NA;NA;NA;NA;NA;NA;NA;NA;NA
NA;NA;NA;NA;NA;NA;NA;NA;NA;NA
NA;NA;NA;NA;NA;NA;NA;NA;NA;NA
NA;NA;NA;NA;NA;NA;NA;NA;NA;NA
NA;NA;NA;NA;NA;NA;NA;NA;NA;NA
NA;NA;NA;NA;NA;NA;NA;NA;NA;NA
NA;NA;NA;NA;NA;NA;NA;NA;NA;NA
NA;NA;NA;NA;NA;NA;NA;NA;NA;NA
NA;NA;NA;NA;NA;NA;NA;NA;NA;NA
NA;NA;NA;NA;NA;NA;NA;NA;NA;NA
NA;NA;NA;NA;NA;NA;NA;NA;NA;NA
NA;NA;NA;NA;NA;NA;NA;NA;NA;NA
NA;NA;NA;NA;NA;NA;NA;NA;NA;NA
NA;NA;NA;NA;NA;NA;NA;NA;NA;NA
NA;NA;NA;NA;NA;NA;NA;NA;NA;NA
NA;NA;NA;NA;NA;NA;NA;NA;NA;NA
NA;NA;NA;NA;NA;NA;NA;NA;NA;NA
NA;NA;NA;NA;NA;NA;NA;NA;NA;NA
NA;NA;NA;NA;NA;NA;NA;NA;NA;NA
NA;NA;NA;NA;NA;NA;NA;NA;NA;NA
NA;NA;NA;NA;NA;NA;NA;NA;NA;NA
NA;NA;NA;NA;NA;NA;NA;NA;NA;NA
NA;NA;NA;NA;NA;NA;NA;NA;NA;NA
NA;NA;NA;NA;NA;NA;NA;NA;NA;NA
NA;NA;NA;NA;NA;NA;NA;NA;NA;NA
NA;NA;NA;NA;NA;NA;NA;NA;NA;NA
NA;NA;NA;NA;NA;NA;NA;NA;NA;NA
NA;NA;NA;NA;NA;NA;NA;NA;NA;NA
NA;NA;NA;NA;NA;NA;NA;NA;NA;NA
NA;NA;NA;NA;NA;NA;NA;NA;NA;NA
NA;NA;NA;NA;NA;NA;NA;NA;NA;NA
NA;NA;NA;NA;NA;NA;NA;NA;NA;NA
NA;NA;NA;NA;NA;NA;NA;NA;NA;NA
NA;NA;NA;NA;NA;NA;NA;NA;NA;NA
NA;NA;NA;NA;NA;NA;NA;NA;NA;NA
NA;NA;NA;NA;NA;NA;NA;NA;NA;NA
NA;NA;NA;NA;NA;NA;NA;NA;NA;NA
NA;NA;NA;NA;NA;NA;NA;NA;NA;NA
NA;NA;NA;NA;NA;NA;NA;NA;NA;NA
NA;NA;NA;NA;NA;NA;NA;NA;NA;NA
NA;NA;NA;NA;NA;NA;NA;NA;NA;NA
NA;NA;NA;NA;NA;NA;NA;NA;NA;NA
NA;NA;NA;NA;NA;NA;NA;NA;NA;NA
NA;NA;NA;NA;NA;NA;NA;NA;NA;NA
NA;NA;NA;NA;NA;NA;NA;NA;NA;NA
NA;NA;NA;NA;NA;NA;NA;NA;NA;NA
NA;NA;NA;NA;NA;NA;NA;NA;NA;NA
NA;NA;NA;NA;NA;NA;NA;NA;NA;NA
NA;NA;NA;NA;NA;NA;NA;NA;NA;NA
NA;NA;NA;NA;NA;NA;NA;NA;NA;NA
NA;NA;NA;NA;NA;NA;NA;NA;NA;NA
NA;NA;NA;NA;NA;NA;NA;NA;NA;NA
NA;NA;NA;NA;NA;NA;NA;NA;NA;NA
NA;NA;NA;NA;NA;NA;NA;NA;NA;NA
NA;NA;NA;NA;NA;NA;NA;NA;NA;NA
NA;NA;NA;NA;NA;NA;NA;NA;NA;NA
NA;NA;NA;NA;NA;NA;NA;NA;NA;NA
NA;NA;NA;NA;NA;NA;NA;NA;NA;NA
NA;NA;NA;NA;NA;NA;NA;NA;NA;NA
NA;NA;NA;NA;NA;NA;NA;NA;NA;NA
NA;NA;NA;NA;NA;NA;NA;NA;NA;NA
NA;NA;NA;NA;NA;NA;NA;NA;NA;NA
NA;NA;NA;NA;NA;NA;NA;NA;NA;NA
NA;NA;NA;NA;NA;NA;NA;NA;NA;NA
NA;NA;NA;NA;NA;NA;NA;NA;NA;NA
NA;NA;NA;NA;NA;NA;NA;NA;NA;NA
NA;NA;NA;NA;NA;NA;NA;NA;NA;NA
NA;NA;NA;NA;NA;NA;NA;NA;NA;NA
NA;NA;NA;NA;NA;NA;NA;NA;NA;NA
NA;NA;NA;NA;NA;NA;NA;NA;NA;NA
NA;NA;NA;NA;NA;NA;NA;NA;NA;NA
NA;NA;NA;NA;NA;NA;NA;NA;NA;NA
NA;NA;NA;NA;NA;NA;NA;NA;NA;NA
NA;NA;NA;NA;NA;NA;NA;NA;NA;NA
NA;NA;NA;NA;NA;NA;NA;NA;NA;NA
NA;NA;NA;NA;NA;NA;NA;NA;NA;NA
NA;NA;NA;NA;NA;NA;NA;NA;NA;NA
NA;NA;NA;NA;NA;NA;NA;NA;NA;NA
NA;NA;NA;NA;NA;NA;NA;NA;NA;NA
NA;NA;NA;NA;NA;NA;NA;NA;NA;NA
NA;NA;NA;NA;NA;NA;NA;NA;NA;NA
NA;NA;NA;NA;NA;NA;NA;NA;NA;NA
NA;NA;NA;NA;NA;NA;NA;NA;NA;NA
NA;NA;NA;NA;NA;NA;NA;NA;NA;NA
NA;NA;NA;NA;NA;NA;NA;NA;NA;NA
NA;NA;NA;NA;NA;NA;NA;NA;NA;NA
NA;NA;NA;NA;NA;NA;NA;NA;NA;NA
NA;NA;NA;NA;NA;NA;NA;NA;NA;NA
NA;NA;NA;NA;NA;NA;NA;NA;NA;NA
NA;NA;NA;NA;NA;NA;NA;NA;NA;NA
NA;NA;NA;NA;NA;NA;NA;NA;NA;NA
NA;NA;NA;NA;NA;NA;NA;NA;NA;NA
NA;NA;NA;NA;NA;NA;NA;NA;NA;NA
NA;NA;NA;NA;NA;NA;NA;NA;NA;NA
NA;NA;NA;NA;NA;NA;NA;NA;NA;NA
NA;NA;NA;NA;NA;NA;NA;NA;NA;NA
NA;NA;NA;NA;NA;NA;NA;NA;NA;NA
NA;NA;NA;NA;NA;NA;NA;NA;NA;NA
NA;NA;NA;NA;NA;NA;NA;NA;NA;NA
NA;NA;NA;NA;NA;NA;NA;NA;NA;NA
NA;NA;NA;NA;NA;NA;NA;NA;NA;NA
NA;NA;NA;NA;NA;NA;NA;NA;NA;NA
NA;NA;NA;NA;NA;NA;NA;NA;NA;NA
NA;NA;NA;NA;NA;NA;NA;NA;NA;NA
NA;NA;NA;NA;NA;NA;NA;NA;NA;NA
NA;NA;NA;NA;NA;NA;NA;NA;NA;NA
NA;NA;NA;NA;NA;NA;NA;NA;NA;NA
NA;NA;NA;NA;NA;NA;NA;NA;NA;NA
NA;NA;NA;NA;NA;NA;NA;NA;NA;NA
NA;NA;NA;NA;NA;NA;NA;NA;NA;NA
NA;NA;NA;NA;NA;NA;NA;NA;NA;NA
NA;NA;NA;NA;NA;NA;NA;NA;NA;NA
NA;NA;NA;NA;NA;NA;NA;NA;NA;NA
NA;NA;NA;NA;NA;NA;NA;NA;NA;NA
NA;NA;NA;NA;NA;NA;NA;NA;NA;NA
NA;NA;NA;NA;NA;NA;NA;NA;NA;NA
NA;NA;NA;NA;NA;NA;NA;NA;NA;NA
NA;NA;NA;NA;NA;NA;NA;NA;NA;NA
NA;NA;NA;NA;NA;NA;NA;NA;NA;NA
NA;NA;NA;NA;NA;NA;NA;NA;NA;NA
NA;NA;NA;NA;NA;NA;NA;NA;NA;NA
NA;NA;NA;NA;NA;NA;NA;NA;NA;NA
NA;NA;NA;NA;NA;NA;NA;NA;NA;NA
NA;NA;NA;NA;NA;NA;NA;NA;NA;NA
NA;NA;NA;NA;NA;NA;NA;NA;NA;NA
NA;NA;NA;NA;NA;NA;NA;NA;NA;NA
NA;NA;NA;NA;NA;NA;NA;NA;NA;NA
NA;NA;NA;NA;NA;NA;NA;NA;NA;NA
NA;NA;NA;NA;NA;NA;NA;NA;NA;NA
NA;NA;NA;NA;NA;NA;NA;NA;NA;NA
NA;NA;NA;NA;NA;NA;NA;NA;NA;NA
NA;NA;NA;NA;NA;NA;NA;NA;NA;NA
NA;NA;NA;NA;NA;NA;NA;NA;NA;NA
NA;NA;NA;NA;NA;NA;NA;NA;NA;NA
NA;NA;NA;NA;NA;NA;NA;NA;NA;NA
NA;NA;NA;NA;NA;NA;NA;NA;NA;NA
NA;NA;NA;NA;NA;NA;NA;NA;NA;NA
NA;NA;NA;NA;NA;NA;NA;NA;NA;NA
NA;NA;NA;NA;NA;NA;NA;NA;NA;NA
NA;NA;NA;NA;NA;NA;NA;NA;NA;NA
NA;NA;NA;NA;NA;NA;NA;NA;NA;NA
NA;NA;NA;NA;NA;NA;NA;NA;NA;NA
NA;NA;NA;NA;NA;NA;NA;NA;NA;NA
NA;NA;NA;NA;NA;NA;NA;NA;NA;NA
NA;NA;NA;NA;NA;NA;NA;NA;NA;NA
NA;NA;NA;NA;NA;NA;NA;NA;NA;NA
NA;NA;NA;NA;NA;NA;NA;NA;NA;NA
NA;NA;NA;NA;NA;NA;NA;NA;NA;NA
NA;NA;NA;NA;NA;NA;NA;NA;NA;NA
NA;NA;NA;NA;NA;NA;NA;NA;NA;NA
NA;NA;NA;NA;NA;NA;NA;NA;NA;NA
NA;NA;NA;NA;NA;NA;NA;NA;NA;NA
NA;NA;NA;NA;NA;NA;NA;NA;NA;NA
NA;NA;NA;NA;NA;NA;NA;NA;NA;NA
NA;NA;NA;NA;NA;NA;NA;NA;NA;NA
NA;NA;NA;NA;NA;NA;NA;NA;NA;NA
NA;NA;NA;NA;NA;NA;NA;NA;NA;NA
NA;NA;NA;NA;NA;NA;NA;NA;NA;NA
NA;NA;NA;NA;NA;NA;NA;NA;NA;NA
NA;NA;NA;NA;NA;NA;NA;NA;NA;NA
NA;NA;NA;NA;NA;NA;NA;NA;NA;NA
NA;NA;NA;NA;NA;NA;NA;NA;NA;NA
NA;NA;NA;NA;NA;NA;NA;NA;NA;NA
NA;NA;NA;NA;NA;NA;NA;NA;NA;NA
NA;NA;NA;NA;NA;NA;NA;NA;NA;NA
NA;NA;NA;NA;NA;NA;NA;NA;NA;NA
NA;NA;NA;NA;NA;NA;NA;NA;NA;NA
NA;NA;NA;NA;NA;NA;NA;NA;NA;NA
NA;NA;NA;NA;NA;NA;NA;NA;NA;NA
NA;NA;NA;NA;NA;NA;NA;NA;NA;NA
NA;NA;NA;NA;NA;NA;NA;NA;NA;NA
NA;NA;NA;NA;NA;NA;NA;NA;NA;NA
NA;NA;NA;NA;NA;NA;NA;NA;NA;NA
NA;NA;NA;NA;NA;NA;NA;NA;NA;NA
NA;NA;NA;NA;NA;NA;NA;NA;NA;NA
NA;NA;NA;NA;NA;NA;NA;NA;NA;NA
NA;NA;NA;NA;NA;NA;NA;NA;NA;NA
NA;NA;NA;NA;NA;NA;NA;NA;NA;NA
NA;NA;NA;NA;NA;NA;NA;NA;NA;NA
NA;NA;NA;NA;NA;NA;NA;NA;NA;NA
NA;NA;NA;NA;NA;NA;NA;NA;NA;NA
NA;NA;NA;NA;NA;NA;NA;NA;NA;NA
NA;NA;NA;NA;NA;NA;NA;NA;NA;NA
NA;NA;NA;NA;NA;NA;NA;NA;NA;NA
NA;NA;NA;NA;NA;NA;NA;NA;NA;NA
NA;NA;NA;NA;NA;NA;NA;NA;NA;NA
NA;NA;NA;NA;NA;NA;NA;NA;NA;NA
NA;NA;NA;NA;NA;NA;NA;NA;NA;NA
NA;NA;NA;NA;NA;NA;NA;NA;NA;NA
NA;NA;NA;NA;NA;NA;NA;NA;NA;NA
NA;NA;NA;NA;NA;NA;NA;NA;NA;NA
NA;NA;NA;NA;NA;NA;NA;NA;NA;NA
NA;NA;NA;NA;NA;NA;NA;NA;NA;NA
NA;NA;NA;NA;NA;NA;NA;NA;NA;NA
NA;NA;NA;NA;NA;NA;NA;NA;NA;NA
NA;NA;NA;NA;NA;NA;NA;NA;NA;NA
NA;NA;NA;NA;NA;NA;NA;NA;NA;NA
NA;NA;NA;NA;NA;NA;NA;NA;NA;NA
NA;NA;NA;NA;NA;NA;NA;NA;NA;NA
NA;NA;NA;NA;NA;NA;NA;NA;NA;NA
NA;NA;NA;NA;NA;NA;NA;NA;NA;NA
NA;NA;NA;NA;NA;NA;NA;NA;NA;NA
NA;NA;NA;NA;NA;NA;NA;NA;NA;NA
NA;NA;NA;NA;NA;NA;NA;NA;NA;NA
NA;NA;NA;NA;NA;NA;NA;NA;NA;NA
NA;NA;NA;NA;NA;NA;NA;NA;NA;NA
NA;NA;NA;NA;NA;NA;NA;NA;NA;NA
NA;NA;NA;NA;NA;NA;NA;NA;NA;NA
NA;NA;NA;NA;NA;NA;NA;NA;NA;NA
NA;NA;NA;NA;NA;NA;NA;NA;NA;NA
NA;NA;NA;NA;NA;NA;NA;NA;NA;NA
NA;NA;NA;NA;NA;NA;NA;NA;NA;NA
NA;NA;NA;NA;NA;NA;NA;NA;NA;NA
NA;NA;NA;NA;NA;NA;NA;NA;NA;NA
NA;NA;NA;NA;NA;NA;NA;NA;NA;NA
NA;NA;NA;NA;NA;NA;NA;NA;NA;NA
NA;NA;NA;NA;NA;NA;NA;NA;NA;NA
NA;NA;NA;NA;NA;NA;NA;NA;NA;NA
NA;NA;NA;NA;NA;NA;NA;NA;NA;NA
NA;NA;NA;NA;NA;NA;NA;NA;NA;NA
NA;NA;NA;NA;NA;NA;NA;NA;NA;NA
NA;NA;NA;NA;NA;NA;NA;NA;NA;NA
NA;NA;NA;NA;NA;NA;NA;NA;NA;NA
NA;NA;NA;NA;NA;NA;NA;NA;NA;NA
NA;NA;NA;NA;NA;NA;NA;NA;NA;NA
NA;NA;NA;NA;NA;NA;NA;NA;NA;NA
NA;NA;NA;NA;NA;NA;NA;NA;NA;NA
NA;NA;NA;NA;NA;NA;NA;NA;NA;NA
NA;NA;NA;NA;NA;NA;NA;NA;NA;NA
NA;NA;NA;NA;NA;NA;NA;NA;NA;NA
NA;NA;NA;NA;NA;NA;NA;NA;NA;NA
NA;NA;NA;NA;NA;NA;NA;NA;NA;NA
NA;NA;NA;NA;NA;NA;NA;NA;NA;NA
NA;NA;NA;NA;NA;NA;NA;NA;NA;NA
NA;NA;NA;NA;NA;NA;NA;NA;NA;NA
NA;NA;NA;NA;NA;NA;NA;NA;NA;NA
NA;NA;NA;NA;NA;NA;NA;NA;NA;NA
NA;NA;NA;NA;NA;NA;NA;NA;NA;NA
NA;NA;NA;NA;NA;NA;NA;NA;NA;NA
NA;NA;NA;NA;NA;NA;NA;NA;NA;NA
NA;NA;NA;NA;NA;NA;NA;NA;NA;NA
NA;NA;NA;NA;NA;NA;NA;NA;NA;NA
NA;NA;NA;NA;NA;NA;NA;NA;NA;NA
NA;NA;NA;NA;NA;NA;NA;NA;NA;NA
NA;NA;NA;NA;NA;NA;NA;NA;NA;NA
NA;NA;NA;NA;NA;NA;NA;NA;NA;NA
NA;NA;NA;NA;NA;NA;NA;NA;NA;NA
NA;NA;NA;NA;NA;NA;NA;NA;NA;NA
NA;NA;NA;NA;NA;NA;NA;NA;NA;NA
NA;NA;NA;NA;NA;NA;NA;NA;NA;NA
NA;NA;NA;NA;NA;NA;NA;NA;NA;NA
NA;NA;NA;NA;NA;NA;NA;NA;NA;NA
NA;NA;NA;NA;NA;NA;NA;NA;NA;NA
NA;NA;NA;NA;NA;NA;NA;NA;NA;NA
NA;NA;NA;NA;NA;NA;NA;NA;NA;NA
NA;NA;NA;NA;NA;NA;NA;NA;NA;NA
NA;NA;NA;NA;NA;NA;NA;NA;NA;NA
NA;NA;NA;NA;NA;NA;NA;NA;NA;NA
NA;NA;NA;NA;NA;NA;NA;NA;NA;NA
NA;NA;NA;NA;NA;NA;NA;NA;NA;NA
NA;NA;NA;NA;NA;NA;NA;NA;NA;NA
NA;NA;NA;NA;NA;NA;NA;NA;NA;NA
NA;NA;NA;NA;NA;NA;NA;NA;NA;NA
NA;NA;NA;NA;NA;NA;NA;NA;NA;NA
NA;NA;NA;NA;NA;NA;NA;NA;NA;NA
NA;NA;NA;NA;NA;NA;NA;NA;NA;NA
NA;NA;NA;NA;NA;NA;NA;NA;NA;NA
NA;NA;NA;NA;NA;NA;NA;NA;NA;NA
NA;NA;NA;NA;NA;NA;NA;NA;NA;NA
NA;NA;NA;NA;NA;NA;NA;NA;NA;NA
NA;NA;NA;NA;NA;NA;NA;NA;NA;NA
NA;NA;NA;NA;NA;NA;NA;NA;NA;NA
NA;NA;NA;NA;NA;NA;NA;NA;NA;NA
NA;NA;NA;NA;NA;NA;NA;NA;NA;NA
NA;NA;NA;NA;NA;NA;NA;NA;NA;NA
NA;NA;NA;NA;NA;NA;NA;NA;NA;NA
NA;NA;NA;NA;NA;NA;NA;NA;NA;NA
NA;NA;NA;NA;NA;NA;NA;NA;NA;NA
NA;NA;NA;NA;NA;NA;NA;NA;NA;NA
NA;NA;NA;NA;NA;NA;NA;NA;NA;NA
NA;NA;NA;NA;NA;NA;NA;NA;NA;NA
NA;NA;NA;NA;NA;NA;NA;NA;NA;NA
NA;NA;NA;NA;NA;NA;NA;NA;NA;NA
NA;NA;NA;NA;NA;NA;NA;NA;NA;NA
NA;NA;NA;NA;NA;NA;NA;NA;NA;NA
NA;NA;NA;NA;NA;NA;NA;NA;NA;NA
NA;NA;NA;NA;NA;NA;NA;NA;NA;NA
NA;NA;NA;NA;NA;NA;NA;NA;NA;NA
NA;NA;NA;NA;NA;NA;NA;NA;NA;NA
NA;NA;NA;NA;NA;NA;NA;NA;NA;NA
NA;NA;NA;NA;NA;NA;NA;NA;NA;NA
NA;NA;NA;NA;NA;NA;NA;NA;NA;NA
NA;NA;NA;NA;NA;NA;NA;NA;NA;NA
NA;NA;NA;NA;NA;NA;NA;NA;NA;NA
NA;NA;NA;NA;NA;NA;NA;NA;NA;NA
NA;NA;NA;NA;NA;NA;NA;NA;NA;NA
NA;NA;NA;NA;NA;NA;NA;NA;NA;NA
NA;NA;NA;NA;NA;NA;NA;NA;NA;NA
NA;NA;NA;NA;NA;NA;NA;NA;NA;NA
NA;NA;NA;NA;NA;NA;NA;NA;NA;NA
NA;NA;NA;NA;NA;NA;NA;NA;NA;NA
NA;NA;NA;NA;NA;NA;NA;NA;NA;NA
NA;NA;NA;NA;NA;NA;NA;NA;NA;NA
NA;NA;NA;NA;NA;NA;NA;NA;NA;NA
NA;NA;NA;NA;NA;NA;NA;NA;NA;NA
NA;NA;NA;NA;NA;NA;NA;NA;NA;NA
NA;NA;NA;NA;NA;NA;NA;NA;NA;NA
NA;NA;NA;NA;NA;NA;NA;NA;NA;NA
NA;NA;NA;NA;NA;NA;NA;NA;NA;NA
NA;NA;NA;NA;NA;NA;NA;NA;NA;NA
NA;NA;NA;NA;NA;NA;NA;NA;NA;NA
NA;NA;NA;NA;NA;NA;NA;NA;NA;NA
NA;NA;NA;NA;NA;NA;NA;NA;NA;NA
NA;NA;NA;NA;NA;NA;NA;NA;NA;NA
NA;NA;NA;NA;NA;NA;NA;NA;NA;NA
NA;NA;NA;NA;NA;NA;NA;NA;NA;NA
NA;NA;NA;NA;NA;NA;NA;NA;NA;NA
NA;NA;NA;NA;NA;NA;NA;NA;NA;NA
NA;NA;NA;NA;NA;NA;NA;NA;NA;NA
NA;NA;NA;NA;NA;NA;NA;NA;NA;NA
NA;NA;NA;NA;NA;NA;NA;NA;NA;NA
NA;NA;NA;NA;NA;NA;NA;NA;NA;NA
NA;NA;NA;NA;NA;NA;NA;NA;NA;NA
NA;NA;NA;NA;NA;NA;NA;NA;NA;NA
NA;NA;NA;NA;NA;NA;NA;NA;NA;NA
NA;NA;NA;NA;NA;NA;NA;NA;NA;NA
NA;NA;NA;NA;NA;NA;NA;NA;NA;NA
NA;NA;NA;NA;NA;NA;NA;NA;NA;NA
NA;NA;NA;NA;NA;NA;NA;NA;NA;NA
NA;NA;NA;NA;NA;NA;NA;NA;NA;NA
NA;NA;NA;NA;NA;NA;NA;NA;NA;NA
NA;NA;NA;NA;NA;NA;NA;NA;NA;NA
NA;NA;NA;NA;NA;NA;NA;NA;NA;NA
NA;NA;NA;NA;NA;NA;NA;NA;NA;NA
NA;NA;NA;NA;NA;NA;NA;NA;NA;NA
NA;NA;NA;NA;NA;NA;NA;NA;NA;NA
NA;NA;NA;NA;NA;NA;NA;NA;NA;NA
NA;NA;NA;NA;NA;NA;NA;NA;NA;NA
NA;NA;NA;NA;NA;NA;NA;NA;NA;NA
NA;NA;NA;NA;NA;NA;NA;NA;NA;NA
NA;NA;NA;NA;NA;NA;NA;NA;NA;NA
NA;NA;NA;NA;NA;NA;NA;NA;NA;NA
NA;NA;NA;NA;NA;NA;NA;NA;NA;NA
NA;NA;NA;NA;NA;NA;NA;NA;NA;NA
NA;NA;NA;NA;NA;NA;NA;NA;NA;NA
NA;NA;NA;NA;NA;NA;NA;NA;NA;NA
NA;NA;NA;NA;NA;NA;NA;NA;NA;NA
NA;NA;NA;NA;NA;NA;NA;NA;NA;NA
NA;NA;NA;NA;NA;NA;NA;NA;NA;NA
NA;NA;NA;NA;NA;NA;NA;NA;NA;NA
NA;NA;NA;NA;NA;NA;NA;NA;NA;NA
NA;NA;NA;NA;NA;NA;NA;NA;NA;NA
NA;NA;NA;NA;NA;NA;NA;NA;NA;NA
NA;NA;NA;NA;NA;NA;NA;NA;NA;NA
NA;NA;NA;NA;NA;NA;NA;NA;NA;NA
NA;NA;NA;NA;NA;NA;NA;NA;NA;NA
NA;NA;NA;NA;NA;NA;NA;NA;NA;NA
NA;NA;NA;NA;NA;NA;NA;NA;NA;NA
NA;NA;NA;NA;NA;NA;NA;NA;NA;NA
NA;NA;NA;NA;NA;NA;NA;NA;NA;NA
NA;NA;NA;NA;NA;NA;NA;NA;NA;NA
NA;NA;NA;NA;NA;NA;NA;NA;NA;NA
NA;NA;NA;NA;NA;NA;NA;NA;NA;NA
NA;NA;NA;NA;NA;NA;NA;NA;NA;NA
NA;NA;NA;NA;NA;NA;NA;NA;NA;NA
NA;NA;NA;NA;NA;NA;NA;NA;NA;0
NA;NA;NA;NA;NA;NA;NA;NA;NA;0
NA;NA;NA;NA;NA;NA;NA;NA;NA;0
NA;NA;NA;NA;NA;NA;NA;NA;NA;0
NA;NA;NA;NA;NA;NA;NA;NA;NA;0
NA;NA;NA;NA;NA;NA;NA;NA;NA;0
NA;NA;NA;NA;NA;NA;NA;NA;NA;0
NA;NA;NA;NA;NA;NA;NA;NA;NA;0
NA;NA;NA;NA;NA;NA;NA;NA;NA;0
NA;NA;NA;NA;NA;NA;NA;NA;NA;0
NA;NA;NA;NA;NA;NA;NA;NA;NA;0
NA;NA;NA;NA;NA;NA;NA;NA;NA;0
NA;NA;NA;NA;NA;NA;NA;NA;NA;0
NA;NA;NA;NA;NA;NA;NA;NA;NA;0.2299727
NA;NA;NA;NA;NA;NA;NA;NA;NA;0.510569738
NA;NA;NA;NA;NA;NA;NA;NA;NA;0.098651601
NA;NA;NA;NA;NA;NA;NA;NA;NA;0.17037223
NA;NA;NA;NA;NA;NA;NA;NA;NA;0
NA;NA;NA;NA;NA;NA;NA;NA;NA;0
NA;NA;NA;NA;NA;NA;NA;NA;NA;0.2977737
NA;NA;NA;NA;NA;NA;NA;NA;NA;8.883023801
NA;NA;NA;NA;NA;NA;NA;NA;NA;21.99080381
NA;NA;NA;NA;NA;NA;NA;NA;NA;2.499444322
NA;NA;NA;NA;NA;NA;NA;NA;NA;0
NA;NA;NA;NA;NA;NA;NA;NA;NA;0
NA;NA;NA;NA;NA;NA;NA;NA;NA;0
NA;NA;NA;NA;NA;NA;NA;NA;NA;0
NA;NA;NA;NA;NA;NA;NA;NA;NA;32.43655576
NA;NA;NA;NA;NA;NA;NA;NA;NA;14.87406526
NA;NA;NA;NA;NA;NA;NA;NA;NA;0
NA;NA;NA;NA;NA;NA;NA;NA;NA;0
NA;NA;NA;NA;NA;NA;NA;NA;NA;0
NA;NA;NA;NA;NA;NA;NA;NA;NA;0
NA;NA;NA;NA;NA;NA;NA;NA;NA;3.076742551
NA;NA;NA;NA;NA;NA;NA;NA;NA;0
NA;NA;NA;NA;NA;NA;NA;NA;NA;0
NA;NA;NA;NA;NA;NA;NA;NA;NA;0
NA;NA;NA;NA;NA;NA;NA;NA;NA;0
NA;NA;NA;NA;NA;NA;NA;NA;NA;3.115114307
NA;NA;NA;NA;NA;NA;NA;NA;NA;0.092126866
NA;NA;NA;NA;NA;NA;NA;NA;NA;0
NA;NA;NA;NA;NA;NA;NA;NA;NA;0
NA;NA;NA;NA;NA;NA;NA;NA;NA;0
NA;NA;NA;NA;NA;NA;NA;NA;NA;8.715929555
NA;NA;NA;NA;NA;NA;NA;NA;NA;19.7290773
NA;NA;NA;NA;NA;NA;NA;NA;NA;69.38559062
NA;NA;NA;NA;NA;NA;NA;NA;NA;2.439642824
NA;NA;NA;NA;NA;NA;NA;NA;NA;4.443264272
NA;NA;NA;NA;NA;NA;NA;NA;NA;0.304776219
NA;NA;NA;NA;NA;NA;NA;NA;NA;0.325803352
NA;NA;NA;NA;NA;NA;NA;NA;NA;3.528657157
NA;NA;NA;NA;NA;NA;NA;NA;NA;6.994972324
NA;NA;NA;NA;NA;NA;NA;NA;NA;0.329776143
NA;NA;NA;NA;NA;NA;NA;NA;NA;0
NA;NA;NA;NA;NA;NA;NA;NA;NA;2.391744244
NA;NA;NA;NA;NA;NA;NA;NA;NA;0
NA;NA;NA;NA;NA;NA;NA;NA;NA;0
NA;NA;NA;NA;NA;NA;NA;NA;NA;3.022109536
NA;NA;NA;NA;NA;NA;NA;NA;NA;0.144931861
NA;NA;NA;NA;NA;NA;NA;NA;NA;0
NA;NA;NA;NA;NA;NA;NA;NA;NA;0
NA;NA;NA;NA;NA;NA;NA;NA;NA;7.781197189
NA;NA;NA;NA;NA;NA;NA;NA;NA;9.493487272
NA;NA;NA;NA;NA;NA;NA;NA;NA;0.06116861
NA;NA;NA;NA;NA;NA;NA;NA;NA;10.36261995
NA;NA;NA;NA;NA;NA;NA;NA;NA;2.981237386
NA;NA;NA;NA;NA;NA;NA;NA;NA;11.67479978
NA;NA;NA;NA;NA;0;NA;NA;NA;NA
NA;NA;NA;NA;NA;0;NA;NA;NA;1.000245683
NA;NA;NA;NA;NA;0;NA;NA;NA;0.146947985
NA;NA;NA;NA;NA;0;NA;NA;NA;0.08188334
NA;NA;NA;NA;NA;0;NA;NA;NA;0
NA;NA;NA;NA;NA;0;NA;NA;NA;0.133826465
NA;NA;NA;NA;NA;0;NA;NA;NA;0
NA;NA;NA;NA;NA;0;NA;NA;NA;0
NA;NA;NA;NA;NA;0;NA;NA;NA;0
NA;NA;NA;NA;NA;0;NA;NA;NA;0.421225374
NA;NA;NA;NA;NA;0;NA;NA;NA;0
NA;NA;NA;NA;NA;0;NA;NA;NA;1.154246997
NA;NA;NA;NA;NA;0;NA;NA;NA;0
NA;NA;NA;NA;NA;0;NA;NA;NA;0.90819857
NA;NA;NA;NA;NA;0;NA;NA;NA;1.66670144
NA;NA;NA;NA;NA;9.056302073;NA;NA;NA;20.21925345
NA;NA;NA;NA;NA;0.189286347;NA;NA;NA;0.400332095
NA;NA;NA;NA;NA;0;NA;NA;NA;0
NA;NA;NA;NA;NA;6.150483483;NA;NA;NA;11.36011965
NA;NA;NA;NA;NA;0.439565182;NA;NA;NA;0.389245272
NA;NA;NA;NA;NA;0;NA;NA;NA;0.534716882
NA;NA;NA;NA;NA;0;NA;NA;NA;0
NA;NA;NA;NA;NA;0;NA;NA;NA;0
NA;NA;NA;NA;NA;0;NA;NA;NA;0
NA;NA;NA;NA;NA;0.675548603;NA;NA;NA;1.674545278
NA;NA;NA;NA;NA;1.571014068;NA;NA;NA;3.524456785
NA;NA;NA;NA;NA;0;NA;NA;NA;0.491630911
NA;NA;NA;NA;NA;0.158839612;NA;NA;NA;0.409337879
NA;NA;NA;NA;NA;0.138134363;NA;NA;NA;0.277242363
NA;NA;NA;NA;NA;0.45802969;NA;NA;NA;2.062688448
NA;NA;NA;NA;NA;2.879012562;NA;NA;NA;8.245580127
NA;NA;NA;NA;NA;3.617485736;NA;NA;NA;0.359556426
NA;NA;NA;NA;NA;0.123182498;NA;NA;NA;0.126260574
NA;NA;NA;NA;NA;0;NA;NA;NA;0.423325806
NA;NA;NA;NA;NA;0;NA;NA;NA;0.267104763
NA;NA;NA;NA;NA;1.430548464;NA;NA;NA;2.979259292
NA;NA;NA;NA;NA;0;NA;NA;NA;0.130819226
NA;NA;NA;NA;NA;0;NA;NA;NA;0
NA;NA;NA;NA;NA;0;NA;NA;NA;0.159468527
NA;NA;NA;NA;NA;0.448257722;NA;NA;NA;2.752125339
NA;NA;NA;NA;NA;7.784608576;NA;NA;NA;11.28153336
NA;NA;NA;NA;NA;0.3578471;NA;NA;NA;0.765485621
NA;NA;NA;NA;NA;0;NA;NA;NA;0
NA;NA;NA;NA;NA;0.48927862;NA;NA;NA;2.277040513
NA;NA;NA;NA;NA;0;NA;NA;NA;0
NA;NA;NA;NA;NA;0;NA;NA;NA;0
NA;NA;NA;NA;NA;0;NA;NA;NA;0
NA;NA;NA;NA;NA;0;NA;NA;NA;0.577318736
NA;NA;NA;NA;NA;NA;NA;NA;NA;0
NA;NA;NA;NA;NA;NA;NA;NA;NA;0.07071316
NA;NA;NA;NA;NA;0;NA;NA;NA;0.508965999
NA;NA;NA;NA;NA;0;NA;NA;NA;0
NA;NA;NA;NA;NA;0;NA;NA;NA;0.148124281
NA;NA;NA;NA;NA;0;NA;NA;NA;0
NA;NA;NA;NA;NA;0;NA;NA;NA;0.120672133
NA;NA;NA;NA;NA;2.029793605;NA;NA;NA;2.419781803
NA;NA;NA;NA;NA;3.229445751;NA;NA;NA;7.934081725
NA;NA;NA;NA;NA;0.522378658;NA;NA;NA;1.771735436
NA;NA;NA;NA;NA;0.997695362;NA;NA;NA;2.28490855
NA;NA;NA;NA;NA;0.548102251;NA;NA;NA;0.683393876
NA;NA;NA;NA;NA;1.247553612;NA;NA;NA;1.809112918
NA;NA;NA;NA;NA;0.392019851;NA;NA;NA;0.637433864
NA;NA;NA;NA;NA;0;NA;NA;NA;0.102415769
NA;NA;NA;NA;NA;0;NA;NA;NA;0.148168032
NA;NA;NA;NA;NA;2.748167188;NA;NA;NA;5.43154922
NA;NA;NA;NA;NA;0.106242545;NA;NA;NA;0.174333203
NA;NA;NA;NA;NA;0;NA;NA;NA;0
NA;NA;NA;NA;NA;0;NA;NA;NA;0
NA;NA;NA;NA;NA;0;NA;NA;NA;0.47098247
NA;NA;NA;NA;NA;0;NA;NA;NA;0
NA;NA;NA;NA;NA;0;NA;NA;NA;0.155555478
NA;NA;NA;NA;NA;2.293514707;NA;NA;NA;4.311171399
NA;NA;NA;NA;NA;0.418310277;NA;NA;NA;5.43609616
NA;NA;NA;NA;NA;0;NA;NA;NA;0.109861534
NA;NA;NA;NA;NA;0;NA;NA;NA;0.060964475
NA;NA;NA;NA;NA;0;NA;NA;NA;0.195828535
NA;NA;NA;NA;NA;0;NA;NA;NA;0
NA;NA;NA;NA;NA;0;NA;NA;NA;0
NA;NA;NA;NA;NA;0;NA;NA;NA;0
NA;NA;NA;NA;NA;0;NA;NA;NA;1.661241423
NA;NA;NA;NA;NA;0;NA;NA;NA;0.429653375
NA;NA;NA;NA;NA;0;NA;NA;NA;0.625311073
NA;NA;NA;NA;NA;0;NA;NA;NA;0.520575601
NA;NA;NA;NA;NA;0;NA;NA;NA;0
NA;NA;NA;NA;NA;0;NA;NA;NA;0.830655529
NA;NA;NA;NA;NA;0;NA;NA;NA;0.144158687
NA;NA;NA;NA;NA;0;NA;NA;NA;0.278885523
NA;NA;NA;NA;NA;0;NA;NA;NA;0
NA;NA;NA;NA;NA;0;NA;NA;NA;0.114537669
NA;NA;NA;NA;NA;0;NA;NA;NA;0
NA;NA;NA;NA;NA;0;NA;NA;NA;0
NA;NA;NA;NA;NA;0;NA;NA;NA;0
NA;NA;NA;NA;NA;0;NA;NA;NA;0
NA;NA;NA;NA;NA;0;NA;NA;NA;0.146347723
NA;NA;NA;NA;NA;0;NA;NA;NA;0
NA;NA;NA;NA;NA;0;NA;NA;NA;0.1511043
NA;NA;NA;NA;NA;1.432315021;NA;NA;NA;7.21433564
NA;NA;NA;NA;NA;0;NA;NA;NA;0.589660023
NA;NA;NA;NA;NA;0;NA;NA;NA;0.091362085
NA;NA;NA;NA;NA;0.704143892;NA;NA;NA;1.542535723
NA;NA;NA;NA;NA;0.211653397;NA;NA;NA;0.903842896
NA;NA;NA;NA;NA;1.713604753;NA;NA;NA;5.037402202
NA;NA;NA;NA;NA;0;NA;NA;NA;0.262930476
NA;NA;NA;NA;NA;1.019887957;NA;NA;NA;2.265992982
NA;NA;NA;NA;NA;0.786262515;NA;NA;NA;1.340714916
NA;NA;NA;NA;NA;0.600290235;NA;NA;NA;0.256820542
NA;NA;NA;NA;NA;0;NA;NA;NA;0
NA;NA;NA;NA;NA;0;NA;NA;NA;0.277284416
NA;NA;NA;NA;NA;0;NA;NA;NA;0.132941304
NA;NA;NA;NA;NA;0;NA;NA;NA;0
NA;NA;NA;NA;NA;0;NA;NA;NA;1.105016322
NA;NA;NA;NA;NA;0;NA;NA;NA;0
NA;NA;NA;NA;NA;0;NA;NA;NA;0
NA;NA;NA;NA;NA;0;NA;NA;NA;0
NA;NA;NA;NA;NA;0;NA;NA;NA;0
NA;NA;NA;NA;NA;0;NA;NA;NA;0.100360374
NA;NA;NA;NA;NA;0.643223047;NA;NA;NA;4.484263765
NA;NA;NA;NA;NA;0.104756597;NA;NA;NA;0.099124887
NA;NA;NA;NA;NA;0;NA;NA;NA;0.081282366
NA;NA;NA;NA;NA;0.162000881;NA;NA;NA;0
NA;NA;NA;NA;NA;3.618829652;NA;NA;NA;6.655561619
NA;NA;NA;NA;NA;0.459494072;NA;NA;NA;0.136005821
NA;NA;NA;NA;NA;0;NA;NA;NA;0.882192887
NA;NA;NA;NA;NA;0.263533404;NA;NA;NA;0
NA;NA;NA;NA;NA;0;NA;NA;NA;0
NA;NA;NA;NA;NA;0;NA;NA;NA;1.052418441
NA;NA;NA;NA;NA;0;NA;NA;NA;0.089708161
NA;NA;NA;NA;NA;0;NA;NA;NA;0
NA;NA;NA;NA;NA;0;NA;NA;NA;0
NA;NA;NA;NA;NA;0.691825984;NA;NA;NA;1.915159311
NA;NA;NA;NA;NA;0;NA;NA;NA;0
NA;NA;NA;NA;NA;0.092772724;NA;NA;NA;0
NA;NA;NA;NA;NA;0;NA;NA;NA;0
NA;NA;NA;NA;NA;0;NA;NA;NA;0
NA;NA;NA;NA;NA;0.368418634;NA;NA;NA;1.097780593
NA;NA;NA;NA;NA;2.774877542;NA;NA;NA;2.501979125
NA;NA;NA;NA;NA;1.893339779;NA;NA;NA;6.452370288
NA;NA;NA;NA;NA;0.819568916;NA;NA;NA;1.828844534
NA;NA;NA;NA;NA;0;NA;NA;NA;0
NA;NA;NA;NA;NA;0;NA;NA;NA;0
NA;NA;NA;NA;NA;0;NA;NA;NA;0
NA;NA;NA;NA;NA;0;NA;NA;NA;0
NA;NA;NA;NA;NA;0;NA;NA;NA;0
NA;NA;NA;NA;NA;0.620661305;NA;NA;NA;2.048090137
NA;NA;NA;NA;NA;4.128964929;NA;NA;NA;8.519058555
NA;NA;NA;NA;NA;0.447029043;NA;NA;NA;0.570587511
NA;NA;NA;NA;NA;0;NA;NA;NA;0
NA;NA;NA;NA;NA;0;NA;NA;NA;0.148609203
NA;NA;NA;NA;NA;2.505663721;NA;NA;NA;1.949851297
NA;NA;NA;NA;NA;3.774718588;NA;NA;NA;7.887013789
NA;NA;NA;NA;NA;0;NA;NA;NA;0.086443152
NA;NA;NA;NA;NA;0.211579195;NA;NA;NA;0.057759121
NA;NA;NA;NA;NA;0;NA;NA;NA;0.817534359
NA;NA;NA;NA;NA;0;NA;NA;NA;0
NA;NA;NA;NA;NA;0;NA;NA;NA;0
NA;NA;NA;NA;NA;0;NA;NA;NA;0
NA;NA;NA;NA;NA;0.549317583;NA;NA;NA;1.879555991
NA;NA;NA;NA;NA;0.086246156;NA;NA;NA;0
NA;NA;NA;NA;NA;0;NA;NA;NA;0.379430305
NA;NA;NA;NA;NA;0.329843052;NA;NA;NA;0.076404341
NA;NA;NA;NA;NA;0.438923895;NA;NA;NA;1.265149597
NA;NA;NA;NA;NA;0;NA;NA;NA;0.238933591
NA;NA;NA;NA;NA;0;NA;NA;NA;0
NA;NA;NA;NA;NA;0;NA;NA;NA;0
NA;NA;NA;NA;NA;0;NA;NA;NA;0
NA;NA;NA;NA;NA;0;NA;NA;NA;0
NA;NA;NA;NA;NA;0;NA;NA;NA;0
NA;NA;NA;NA;NA;2.328645646;NA;NA;NA;1.632187527
NA;NA;NA;NA;NA;0.246019662;NA;NA;NA;0.361317853
NA;NA;NA;NA;NA;0;NA;NA;NA;0
NA;NA;NA;NA;NA;0;NA;NA;NA;0
NA;NA;NA;NA;NA;0;NA;NA;NA;0
NA;NA;NA;NA;NA;0;NA;NA;NA;0
NA;NA;NA;NA;NA;0;NA;NA;NA;0
NA;NA;NA;NA;NA;0;NA;NA;NA;0
NA;NA;NA;NA;NA;3.171487185;NA;NA;NA;6.027385781
NA;NA;NA;NA;NA;0;NA;NA;NA;0
NA;NA;NA;NA;NA;0;NA;NA;NA;0.125062479
NA;NA;NA;NA;NA;0;NA;NA;NA;0.074623049
NA;NA;NA;NA;NA;0;NA;NA;NA;0.295975386
NA;NA;NA;NA;NA;0;NA;NA;NA;0
NA;NA;NA;NA;NA;0;NA;NA;NA;0
NA;NA;NA;NA;NA;0;NA;NA;NA;0
NA;NA;NA;NA;NA;0;NA;NA;NA;0
NA;NA;NA;NA;NA;0;NA;NA;NA;0
NA;NA;NA;NA;NA;2.028237702;NA;NA;NA;2.821470238
NA;NA;NA;NA;NA;3.455224963;NA;NA;NA;4.070119303
NA;NA;NA;NA;NA;0;NA;NA;NA;0
NA;NA;NA;NA;NA;0;NA;NA;NA;0
NA;NA;NA;NA;NA;0;NA;NA;NA;0.096689136
NA;NA;NA;NA;NA;18.93725522;NA;NA;NA;19.62992886
NA;NA;NA;NA;NA;9.219074818;NA;NA;NA;12.18166303
NA;NA;NA;NA;NA;4.661907164;NA;NA;NA;7.301770995
NA;NA;NA;NA;NA;0.381378559;NA;NA;NA;0.782874925
NA;NA;NA;NA;NA;1.565751243;NA;NA;NA;2.569444639
NA;NA;NA;NA;NA;1.88606817;NA;NA;NA;4.865071229
NA;NA;NA;NA;NA;0.809330301;NA;NA;NA;1.324884578
NA;NA;NA;NA;NA;0;NA;NA;NA;0
NA;NA;NA;NA;NA;0;NA;NA;NA;0
NA;NA;NA;NA;NA;0;NA;NA;NA;0
NA;NA;NA;NA;NA;0;NA;NA;NA;0
NA;NA;NA;NA;NA;0;NA;NA;NA;0
NA;NA;NA;NA;NA;3.818654486;NA;NA;NA;8.360273268
NA;NA;NA;NA;NA;0;NA;NA;NA;0
NA;NA;NA;NA;NA;0;NA;NA;NA;0
NA;NA;NA;NA;NA;0;NA;NA;NA;0
NA;NA;NA;NA;NA;0;NA;NA;NA;0
NA;NA;NA;NA;NA;0;NA;NA;NA;0
NA;NA;NA;NA;NA;0;NA;NA;NA;0
NA;NA;NA;NA;NA;0.090917709;NA;NA;NA;0.498734725
NA;NA;NA;NA;NA;13.43681822;NA;NA;NA;17.45970719
NA;NA;NA;NA;NA;3.565410192;NA;NA;NA;10.63420351
NA;NA;NA;NA;NA;1.976692462;NA;NA;NA;1.168011962
NA;NA;NA;NA;NA;0;NA;NA;NA;0
NA;NA;NA;NA;NA;0;NA;NA;NA;0
NA;NA;NA;NA;NA;0;NA;NA;NA;0
NA;NA;NA;NA;NA;0;NA;NA;NA;0
NA;NA;NA;NA;NA;0.101995223;NA;NA;NA;0
NA;NA;NA;NA;NA;0.33097723;NA;NA;NA;0.165517709
NA;NA;NA;NA;NA;0;NA;NA;NA;0
NA;NA;NA;NA;NA;0;NA;NA;NA;0
NA;NA;NA;NA;NA;0;NA;NA;NA;0.263705944
NA;NA;NA;NA;NA;0.10042887;NA;NA;NA;0.172568361
NA;NA;NA;NA;NA;0;NA;NA;NA;0
NA;NA;NA;NA;NA;0;NA;NA;NA;0
NA;NA;NA;NA;NA;0;NA;NA;NA;0
NA;NA;NA;NA;NA;0;NA;NA;NA;0
NA;NA;NA;NA;NA;0;NA;NA;NA;0
NA;NA;NA;NA;NA;0;NA;NA;NA;0.167058501
NA;NA;NA;NA;NA;0;NA;NA;NA;0.565429401
NA;NA;NA;NA;NA;1.293584211;NA;NA;NA;1.053573923
NA;NA;NA;NA;NA;0;NA;NA;NA;0
NA;NA;NA;NA;NA;5.700435507;NA;NA;NA;9.623169051
NA;NA;NA;NA;NA;0;NA;NA;NA;0
NA;NA;NA;NA;NA;0;NA;NA;NA;0
NA;NA;NA;NA;NA;0.202330615;NA;NA;NA;0.230346021
NA;NA;NA;NA;NA;17.21357334;NA;NA;NA;18.51766158
NA;NA;NA;NA;NA;4.079516892;NA;NA;NA;5.549182077
NA;NA;NA;NA;NA;0.677701934;NA;NA;NA;2.246537562
NA;NA;NA;NA;NA;0.889000229;NA;NA;NA;1.8895631
NA;NA;NA;NA;NA;0;NA;NA;NA;0
NA;NA;NA;NA;NA;0;NA;NA;NA;0
NA;NA;NA;NA;NA;0;NA;NA;NA;0
NA;NA;NA;NA;NA;0.314760001;NA;NA;NA;1.664253501
NA;NA;NA;NA;NA;0.890498553;NA;NA;NA;1.438190773
NA;NA;NA;NA;NA;0;NA;NA;NA;0
NA;NA;NA;NA;NA;0.568199643;NA;NA;NA;0.691494486
NA;NA;NA;NA;NA;0;NA;NA;NA;0
NA;NA;NA;NA;NA;0;NA;NA;NA;0
NA;NA;NA;NA;NA;9.275448039;NA;NA;NA;12.30307992
NA;NA;NA;NA;NA;3.100127732;NA;NA;NA;4.735567941
NA;NA;NA;NA;NA;1.55366521;NA;NA;NA;0.564437788
NA;NA;NA;NA;NA;6.425271325;NA;NA;NA;7.106654648
NA;NA;NA;NA;NA;0;NA;NA;NA;0.119909675
NA;NA;NA;NA;NA;0;NA;NA;NA;1.627421
NA;NA;NA;NA;NA;21.800824;NA;NA;NA;17.2190963
NA;NA;NA;NA;NA;37.55469395;NA;NA;NA;58.83683527
NA;NA;NA;NA;NA;1.115909831;NA;NA;NA;1.744436024
NA;NA;NA;NA;NA;0;NA;NA;NA;0.544887072
NA;NA;NA;NA;NA;0;NA;NA;NA;0
NA;NA;NA;NA;NA;8.251667688;NA;NA;NA;13.71304185
NA;NA;NA;NA;NA;7.961146287;NA;NA;NA;3.409865694
NA;NA;NA;NA;NA;0;NA;NA;NA;0.060181021
NA;NA;NA;NA;NA;0.647312745;NA;NA;NA;0.665068076
NA;NA;NA;NA;NA;1.311710745;NA;NA;NA;0
NA;NA;NA;NA;NA;0;NA;NA;NA;0
NA;NA;NA;NA;NA;0;NA;NA;NA;0
NA;NA;NA;NA;NA;0;NA;NA;NA;0
NA;NA;NA;NA;NA;0;NA;NA;NA;0
NA;NA;NA;NA;NA;0.0504615;NA;NA;NA;0.0890498
NA;NA;NA;NA;NA;0.0666878;NA;NA;NA;0.0664253
NA;NA;NA;NA;NA;0.0569774;NA;NA;NA;0.0779186
NA;NA;NA;NA;NA;1.5732404;NA;NA;NA;1.6192772
NA;NA;NA;NA;NA;2.4665344;NA;NA;NA;1.7253405
NA;NA;NA;NA;NA;0.58;NA;NA;NA;0.1304073
NA;NA;NA;NA;NA;NA;NA;NA;NA;1.799006
NA;NA;NA;NA;NA;NA;NA;NA;NA;0
NA;NA;NA;NA;NA;NA;NA;NA;NA;0
NA;NA;NA;NA;NA;NA;NA;NA;NA;0
NA;NA;NA;NA;NA;NA;NA;NA;NA;0
NA;NA;NA;NA;NA;NA;NA;NA;NA;9.26317
NA;NA;NA;NA;NA;0;NA;NA;NA;13.1832616
NA;NA;NA;NA;NA;0;NA;NA;NA;0
NA;NA;NA;NA;NA;0.250044;NA;NA;NA;0.9988228
NA;NA;NA;NA;NA;0;NA;NA;NA;0.2
NA;NA;NA;NA;NA;0.310152701;NA;NA;NA;0.132036
NA;NA;NA;NA;NA;0;NA;NA;NA;0
NA;NA;NA;NA;NA;0.0946552;NA;NA;NA;0
NA;NA;NA;NA;NA;0.1891328;NA;NA;NA;0.2671493
NA;NA;NA;NA;NA;3.107155;NA;NA;NA;7.4046185
NA;NA;NA;NA;NA;0;NA;NA;NA;0
NA;NA;NA;NA;NA;0;NA;NA;NA;0
NA;NA;NA;NA;NA;0;NA;NA;NA;0.0961991
NA;NA;NA;NA;NA;0;NA;NA;NA;0
NA;NA;NA;NA;NA;0;NA;NA;NA;8.300002
NA;NA;NA;NA;NA;0;NA;NA;NA;7.6
NA;NA;NA;NA;NA;0;NA;NA;NA;0.0511312
NA;NA;NA;NA;NA;0;NA;NA;NA;0
NA;NA;NA;NA;NA;0;NA;NA;NA;0
NA;NA;NA;NA;NA;6.24368;NA;NA;NA;1.1963792
NA;NA;NA;NA;NA;0;NA;NA;NA;0
NA;NA;NA;NA;NA;0.871357422;NA;NA;NA;3.866516059
NA;NA;NA;NA;NA;0.161828588;NA;NA;NA;0
NA;NA;NA;NA;NA;0.841448912;NA;NA;NA;0
NA;NA;NA;NA;NA;0.426470862;NA;NA;NA;0
NA;NA;NA;NA;NA;0.45040701;NA;NA;NA;0
NA;NA;NA;NA;NA;0.198787504;NA;NA;NA;0
NA;NA;NA;NA;NA;0.580868875;NA;NA;NA;0
NA;NA;NA;NA;NA;0.2404254;NA;NA;NA;0
NA;NA;NA;NA;NA;0.3654479;NA;NA;NA;0
NA;NA;NA;NA;NA;0;NA;NA;NA;0
NA;NA;NA;NA;NA;1.9052575;NA;NA;NA;6.5135763
NA;NA;NA;NA;NA;2.7528427;NA;NA;NA;10.7723997
NA;NA;NA;NA;NA;13.85193704;NA;NA;NA;22.82705992
NA;NA;NA;NA;NA;2.113447747;NA;NA;NA;2.56859819
NA;NA;NA;NA;NA;0.08577381;NA;NA;NA;0
NA;NA;NA;NA;NA;0;NA;NA;NA;0
NA;NA;NA;NA;NA;3.571221003;NA;NA;NA;0.0533937
NA;NA;NA;NA;NA;3.913284001;NA;NA;NA;1.2845255
NA;NA;NA;NA;NA;0;NA;NA;NA;0
NA;NA;NA;NA;NA;0;NA;NA;NA;0
NA;NA;NA;NA;NA;0;NA;NA;NA;0.0664253
NA;NA;NA;NA;NA;0;NA;NA;NA;0
NA;NA;NA;NA;NA;0;NA;NA;NA;0.1175566
NA;NA;NA;NA;NA;0;NA;NA;NA;1.325158
NA;NA;NA;NA;NA;6.264544413;NA;NA;NA;12.61819241
NA;NA;NA;NA;NA;0.267502232;NA;NA;NA;0
NA;NA;NA;NA;NA;0.0506697;NA;NA;NA;0
NA;NA;NA;NA;NA;0.107502;NA;NA;NA;0
NA;NA;NA;NA;NA;0.3975294;NA;NA;NA;0
NA;NA;NA;NA;NA;0;NA;NA;NA;0.0744796
NA;NA;NA;NA;NA;0.5570859;NA;NA;NA;1.3203622
NA;NA;NA;NA;NA;5.729302158;NA;NA;NA;7.64425803
NA;NA;NA;NA;NA;0.303568366;NA;NA;NA;0.056303184
NA;NA;NA;NA;NA;0.147938001;NA;NA;NA;0
NA;NA;NA;NA;NA;0.149385;NA;NA;NA;0.108778
NA;NA;NA;NA;NA;0.2350774;NA;NA;NA;0.0980995
NA;NA;NA;NA;NA;0.8979639;NA;NA;NA;0.0662443
NA;NA;NA;NA;NA;0.4789404;NA;NA;NA;0.0839819
NA;NA;NA;NA;NA;0.4167149;NA;NA;NA;0.0790045
NA;NA;NA;NA;NA;0.0898281;NA;NA;NA;0
NA;NA;NA;NA;NA;0.2172305;NA;NA;NA;0.107602
NA;NA;NA;NA;NA;0;NA;NA;NA;0.0929412
NA;NA;NA;NA;NA;0;NA;NA;NA;0.064977401
NA;NA;NA;NA;NA;0.170163101;NA;NA;NA;0
NA;NA;NA;NA;NA;0.265293804;NA;NA;NA;0.100181
NA;NA;NA;NA;NA;19.26403331;NA;NA;NA;19.8777715
NA;NA;NA;NA;NA;48.08542587;NA;NA;NA;65.69586426
NA;NA;NA;NA;NA;19.61632733;NA;NA;NA;9.115972187
NA;NA;NA;NA;NA;2.296543503;NA;NA;NA;2.002525211
NA;NA;NA;NA;NA;0.480934339;NA;NA;NA;0
NA;NA;NA;NA;NA;0.444690264;NA;NA;NA;0.391113638
NA;NA;NA;NA;NA;0;NA;NA;NA;0
NA;NA;NA;NA;NA;0.348397153;NA;NA;NA;0.471923824
NA;NA;NA;NA;NA;2.396528294;NA;NA;NA;1.845524435
NA;NA;NA;NA;NA;0.794575026;NA;NA;NA;1.050271519
NA;NA;NA;NA;NA;0;NA;NA;NA;0.199325615
NA;NA;NA;NA;NA;0;NA;NA;NA;0
NA;NA;NA;NA;NA;0;NA;NA;NA;0
NA;NA;NA;NA;NA;1.982054073;NA;NA;NA;4.803892191
NA;NA;NA;NA;NA;0;NA;NA;NA;0
NA;NA;NA;NA;NA;0;NA;NA;NA;0
NA;NA;NA;NA;NA;0;NA;NA;NA;0
NA;NA;NA;NA;NA;0;NA;NA;NA;0.064253505
NA;NA;NA;NA;NA;0.187438781;NA;NA;NA;0.071954296
NA;NA;NA;NA;NA;0.054740918;NA;NA;NA;0.217909514
NA;NA;NA;NA;NA;0;NA;NA;NA;0
NA;NA;NA;NA;NA;0;NA;NA;NA;0
NA;NA;NA;NA;NA;0.08925547;NA;NA;NA;0
NA;NA;NA;NA;NA;0.363068111;NA;NA;NA;0.787727682
NA;NA;NA;NA;NA;1.830889826;NA;NA;NA;7.511612604
NA;NA;NA;NA;NA;0;NA;NA;NA;0
NA;NA;NA;NA;NA;0;NA;NA;NA;0
NA;NA;NA;NA;NA;0;NA;NA;NA;0
NA;NA;NA;NA;NA;0;NA;NA;NA;0
NA;NA;NA;NA;NA;0;NA;NA;NA;0
NA;NA;NA;NA;NA;0;NA;NA;NA;0
NA;NA;NA;NA;NA;0;NA;NA;NA;0
NA;NA;NA;NA;NA;1.878346628;NA;NA;NA;0
NA;NA;NA;NA;NA;4.521523535;NA;NA;NA;4.145717015
NA;NA;NA;NA;NA;0.750670802;NA;NA;NA;0.796104089
NA;NA;NA;NA;NA;0;NA;NA;NA;0
NA;NA;NA;NA;NA;3.636018377;NA;NA;NA;3.281666216
NA;NA;NA;NA;NA;1.792506577;NA;NA;NA;0
NA;NA;NA;NA;NA;0.112069253;NA;NA;NA;0
NA;NA;NA;NA;NA;0.190890369;NA;NA;NA;0
NA;NA;NA;NA;NA;0.07017668;NA;NA;NA;0
NA;NA;NA;NA;NA;1.10716813;NA;NA;NA;1.273956996
NA;NA;NA;NA;NA;0;NA;NA;NA;0
NA;NA;NA;NA;NA;0;NA;NA;NA;0.779945118
NA;NA;NA;NA;NA;1.461061459;NA;NA;NA;0.140498908
NA;NA;NA;NA;NA;0;NA;NA;NA;0
NA;NA;NA;NA;NA;17.39033428;NA;NA;NA;21.76849703
NA;NA;NA;NA;NA;0.40276499;NA;NA;NA;0
NA;NA;NA;NA;NA;0.407096832;NA;NA;NA;0
NA;NA;NA;NA;NA;1.142050468;NA;NA;NA;0
NA;NA;NA;NA;NA;0.182679725;NA;NA;NA;0
NA;NA;NA;NA;NA;0.30533998;NA;NA;NA;0.230242755
NA;NA;NA;NA;NA;0.592956209;NA;NA;NA;0.331345929
NA;NA;NA;NA;NA;0.493944001;NA;NA;NA;1.714274631
NA;NA;NA;NA;NA;3.916721158;NA;NA;NA;13.34218931
NA;NA;NA;NA;NA;12.49054345;NA;NA;NA;18.05648769
NA;NA;NA;NA;NA;0.470030337;NA;NA;NA;3.231245032
NA;NA;NA;NA;NA;0.4297182;NA;NA;NA;2.910906171
NA;NA;NA;NA;NA;0;NA;NA;NA;0
NA;NA;NA;NA;NA;0;NA;NA;NA;0.238599166
NA;NA;NA;NA;NA;0.875881324;NA;NA;NA;1.590604097
NA;NA;NA;NA;NA;0.409741621;NA;NA;NA;3.270322789
NA;NA;NA;NA;NA;0;NA;NA;NA;0
NA;NA;NA;NA;NA;2.537738486;NA;NA;NA;1.537655998
NA;NA;NA;NA;NA;0.68459833;NA;NA;NA;2.712811532
NA;NA;NA;NA;NA;0.321965088;NA;NA;NA;0
NA;NA;NA;NA;NA;0;NA;NA;NA;0.140623391
NA;NA;NA;NA;NA;2.229164451;NA;NA;NA;3.438071604
NA;NA;NA;NA;NA;4.614363689;NA;NA;NA;10.56995918
NA;NA;NA;NA;NA;3.161792077;NA;NA;NA;5.750596654
NA;NA;NA;NA;NA;0.487415031;NA;NA;NA;1.918199581
NA;NA;NA;NA;NA;3.063711148;NA;NA;NA;5.818843028
NA;NA;NA;NA;NA;1.866118469;NA;NA;NA;3.757474421
NA;NA;NA;NA;NA;1.025409993;NA;NA;NA;2.086924442
NA;NA;NA;NA;NA;1.907785368;NA;NA;NA;4.573360383
NA;NA;NA;NA;NA;0.382057347;NA;NA;NA;1.525320575
NA;NA;NA;NA;NA;0;NA;NA;NA;0.091940093
NA;NA;NA;NA;NA;0;NA;NA;NA;0
NA;NA;NA;NA;NA;0;NA;NA;NA;0.474761731
NA;NA;NA;NA;NA;0;NA;NA;NA;0.239848672
NA;NA;NA;NA;NA;0;NA;NA;NA;0
NA;NA;NA;NA;NA;0;NA;NA;NA;0
NA;NA;NA;NA;NA;0;NA;NA;NA;0
NA;NA;NA;NA;NA;0;NA;NA;NA;0
NA;NA;NA;NA;NA;0;NA;NA;NA;0.283274467
NA;NA;NA;NA;NA;0.674283342;NA;NA;NA;0
NA;NA;NA;NA;NA;1.3758074;NA;NA;NA;0
NA;NA;NA;NA;NA;1.41351393;NA;NA;NA;0.097312953
NA;NA;NA;NA;NA;0;NA;NA;NA;0
NA;NA;NA;NA;NA;0;NA;NA;NA;0
NA;NA;NA;NA;NA;2.579477547;NA;NA;NA;6.135265724
NA;NA;NA;NA;NA;0.097793095;NA;NA;NA;1.260332858
NA;NA;NA;NA;NA;1.549701383;NA;NA;NA;3.063909102
NA;NA;NA;NA;NA;1.566964089;NA;NA;NA;3.694450577
NA;NA;NA;NA;NA;0;NA;NA;NA;0
NA;NA;NA;NA;NA;0;NA;NA;NA;0
NA;NA;NA;NA;NA;0;NA;NA;NA;0
NA;NA;NA;NA;NA;0;NA;NA;NA;0.08084547
NA;NA;NA;NA;NA;0;NA;NA;NA;0
NA;NA;NA;NA;NA;0;NA;NA;NA;0.935495381
NA;NA;NA;NA;NA;0;NA;NA;NA;0.138970044
NA;NA;NA;NA;NA;0;NA;NA;NA;0
NA;NA;NA;NA;NA;0;NA;NA;NA;0
NA;NA;NA;NA;NA;0;NA;NA;NA;3.155921708
NA;NA;NA;NA;NA;0;NA;NA;NA;1.939270682
NA;NA;NA;NA;NA;7.848497202;NA;NA;NA;12.32073112
NA;NA;NA;NA;NA;0.406041595;NA;NA;NA;0.404794337
NA;NA;NA;NA;NA;0;NA;NA;NA;0
NA;NA;NA;NA;NA;0;NA;NA;NA;0.135449535
NA;NA;NA;NA;NA;0.366825234;NA;NA;NA;0
NA;NA;NA;NA;NA;0;NA;NA;NA;0.261660742
NA;NA;NA;NA;NA;2.991490095;NA;NA;NA;6.876171024
NA;NA;NA;NA;NA;0.504278933;NA;NA;NA;1.758788116
NA;NA;NA;NA;NA;0.477735698;NA;NA;NA;0.132528189
NA;NA;NA;NA;NA;0.056092684;NA;NA;NA;0.718415002
NA;NA;NA;NA;NA;0;NA;NA;NA;0.763433568
NA;NA;NA;NA;NA;0;NA;NA;NA;1.75265866
NA;NA;NA;NA;NA;0.159538565;NA;NA;NA;0.638331814
NA;NA;NA;NA;NA;7.055122902;NA;NA;NA;12.43484868
NA;NA;NA;NA;NA;3.775586187;NA;NA;NA;6.893658894
NA;NA;NA;NA;NA;0.523650001;NA;NA;NA;0.142230984
NA;NA;NA;NA;NA;0.128638964;NA;NA;NA;0
NA;NA;NA;NA;NA;2.009144413;NA;NA;NA;2.56319653
NA;NA;NA;NA;NA;0.416428927;NA;NA;NA;0
NA;NA;NA;NA;NA;0;NA;NA;NA;0
NA;NA;NA;NA;NA;0.127804089;NA;NA;NA;0.112188419
NA;NA;NA;NA;NA;0.159450749;NA;NA;NA;NA
NA;NA;NA;NA;NA;0.520007215;NA;NA;NA;NA
NA;NA;NA;NA;NA;0;NA;NA;NA;NA
NA;NA;NA;NA;NA;0.153612793;NA;NA;NA;NA
NA;NA;NA;NA;NA;0;NA;NA;NA;0.418239396
NA;NA;NA;NA;NA;0;NA;NA;NA;0
NA;NA;NA;NA;NA;0.336571149;NA;NA;NA;0
NA;NA;NA;NA;NA;0.065653257;NA;NA;NA;0
NA;NA;NA;NA;NA;0.297003053;NA;NA;NA;0.152364121
NA;NA;NA;NA;NA;0.696114549;NA;NA;NA;0.121647581
NA;NA;NA;NA;NA;0.558508062;NA;NA;NA;0
NA;NA;NA;NA;NA;1.289194932;NA;NA;NA;0
NA;NA;NA;NA;NA;0.855407226;NA;NA;NA;0.134870467
NA;NA;NA;NA;NA;0.071839298;NA;NA;NA;0.105040974
NA;NA;NA;NA;NA;2.488801463;NA;NA;NA;2.286616946
NA;NA;NA;NA;NA;2.252514818;NA;NA;NA;2.846327621
NA;NA;NA;NA;NA;0;NA;NA;NA;0.103171788
NA;NA;NA;NA;NA;0;NA;NA;NA;0
NA;NA;NA;NA;NA;0;NA;NA;NA;0
NA;NA;NA;NA;NA;0;NA;NA;NA;0
NA;NA;NA;NA;NA;0;NA;NA;NA;0.348355568
NA;NA;NA;NA;NA;0.247438715;NA;NA;NA;0.555088984
NA;NA;NA;NA;NA;1.927141324;NA;NA;NA;2.062637113
NA;NA;NA;NA;NA;0.816703915;NA;NA;NA;0.895050894
NA;NA;NA;NA;NA;0;NA;NA;NA;0
NA;NA;NA;NA;NA;1.927035798;NA;NA;NA;3.259571752
NA;NA;NA;NA;NA;0.871318335;NA;NA;NA;1.344419597
NA;NA;NA;NA;NA;1.548475882;NA;NA;NA;2.59354388
NA;NA;NA;NA;NA;0;NA;NA;NA;0
NA;NA;NA;NA;NA;0.213136104;NA;NA;NA;2.181055588
NA;NA;NA;NA;NA;0.070771729;NA;NA;NA;0.209828284
NA;NA;NA;NA;NA;0;NA;NA;NA;0
NA;NA;NA;NA;NA;5.287832812;NA;NA;NA;10.22179964
NA;NA;NA;NA;NA;0;NA;NA;NA;0.8567385
NA;NA;NA;NA;NA;5.830165175;NA;NA;NA;16.9959769
NA;NA;NA;NA;NA;0;NA;NA;NA;0.132339905
NA;NA;NA;NA;NA;1.498616978;NA;NA;NA;3.354670641
NA;NA;NA;NA;NA;0;NA;NA;NA;0
NA;NA;NA;NA;NA;0;NA;NA;NA;0
NA;NA;NA;NA;NA;0.158977862;NA;NA;NA;0.877847358
NA;NA;NA;NA;NA;0.279650588;NA;NA;NA;0.214058707
NA;NA;NA;NA;NA;0;NA;NA;NA;0.148369528
NA;NA;NA;NA;NA;0;NA;NA;NA;0.089253696
NA;NA;NA;NA;NA;0;NA;NA;NA;0
NA;NA;NA;NA;NA;0;NA;NA;NA;0
NA;NA;NA;NA;NA;0;NA;NA;NA;0.281636965
NA;NA;NA;NA;NA;0;NA;NA;NA;0
NA;NA;NA;NA;NA;0;NA;NA;NA;0
NA;NA;NA;NA;NA;0;NA;NA;NA;0
NA;NA;NA;NA;NA;0;NA;NA;NA;0.172032868
NA;NA;NA;NA;NA;2.579269885;NA;NA;NA;6.0762648
NA;NA;NA;NA;NA;0;NA;NA;NA;0.124923175
NA;NA;NA;NA;NA;0;NA;NA;NA;0.151335549
NA;NA;NA;NA;NA;5.983162379;NA;NA;NA;5.627137834
NA;NA;NA;NA;NA;4.396595249;NA;NA;NA;19.51721651
NA;NA;NA;NA;NA;0;NA;NA;NA;1.477183927
NA;NA;NA;NA;NA;0;NA;NA;NA;3.85527876
NA;NA;NA;NA;NA;0;NA;NA;NA;0
NA;NA;NA;NA;NA;0;NA;NA;NA;0
NA;NA;NA;NA;NA;NA;NA;NA;NA;0
NA;NA;NA;NA;NA;NA;NA;NA;NA;1.272869934
NA;NA;NA;NA;NA;1.279460792;NA;NA;NA;4.346511275
NA;NA;NA;NA;NA;13.94357389;NA;NA;NA;26.0942498
NA;NA;NA;NA;NA;0;NA;NA;NA;1.166010314
NA;NA;NA;NA;NA;0;NA;NA;NA;0.149762721
NA;NA;NA;NA;NA;0;NA;NA;NA;0.156584941
NA;NA;NA;NA;NA;1.275059157;NA;NA;NA;11.5894304
NA;NA;NA;NA;NA;10.35381951;NA;NA;NA;16.37921483
NA;NA;NA;NA;NA;0.628215744;NA;NA;NA;0.122956433
NA;NA;NA;NA;NA;0;NA;NA;NA;0.059330533
NA;NA;NA;NA;NA;0;NA;NA;NA;0.518522306
NA;NA;NA;NA;NA;0;NA;NA;NA;0
NA;NA;NA;NA;NA;1.316758091;NA;NA;NA;0.13285936
NA;NA;NA;NA;NA;0.504021054;NA;NA;NA;2.586101344
NA;NA;NA;NA;NA;8.406999787;NA;NA;NA;14.07939038
NA;NA;NA;NA;NA;1.26549032;NA;NA;NA;3.216302603
NA;NA;NA;NA;NA;0;NA;NA;NA;0.750287891
NA;NA;NA;NA;NA;0;NA;NA;NA;0.101920487
NA;NA;NA;NA;NA;0;NA;NA;NA;0.151484474
NA;NA;NA;NA;NA;0;NA;NA;NA;0.062419985
NA;NA;NA;NA;NA;0;NA;NA;NA;0.13545453
NA;NA;NA;NA;NA;0;NA;NA;NA;0
NA;NA;NA;NA;NA;0;NA;NA;NA;0.444176805
NA;NA;NA;NA;NA;0;NA;NA;NA;2.943834449
NA;NA;NA;NA;NA;0;NA;NA;NA;1.712699944
NA;NA;NA;NA;NA;0;NA;NA;NA;0
NA;NA;NA;NA;NA;0;NA;NA;NA;0
NA;NA;NA;NA;NA;0;NA;NA;NA;0.270950793
NA;NA;NA;NA;NA;0;NA;NA;NA;0.109757451
NA;NA;NA;NA;NA;0;NA;NA;NA;0
NA;NA;NA;NA;NA;0;NA;NA;NA;0.254424136
NA;NA;NA;NA;NA;1.469571588;NA;NA;NA;12.10794674
NA;NA;NA;NA;NA;4.8352377;NA;NA;NA;11.41418883
NA;NA;NA;NA;NA;3.658302055;NA;NA;NA;9.750607918
NA;NA;NA;NA;NA;0.448815284;NA;NA;NA;0
NA;NA;NA;NA;NA;0;NA;NA;NA;0.102072032
NA;NA;NA;NA;NA;0;NA;NA;NA;0
NA;NA;NA;NA;NA;4.575066506;NA;NA;NA;3.816130294
NA;NA;NA;NA;NA;1.609105782;NA;NA;NA;0
NA;NA;NA;NA;NA;0.466186118;NA;NA;NA;0
NA;NA;NA;NA;NA;2.694903397;NA;NA;NA;1.429763946
NA;NA;NA;NA;NA;7.119247451;NA;NA;NA;9.320175957
NA;NA;NA;NA;NA;9.374985679;NA;NA;NA;12.1457263
NA;NA;NA;NA;NA;0.098447381;NA;NA;NA;0.070525251
NA;NA;NA;NA;NA;0.121417875;NA;NA;NA;0.396701053
NA;NA;NA;NA;NA;4.8124812;NA;NA;NA;5.437829767
NA;NA;NA;NA;NA;14.53129307;NA;NA;NA;17.13207732
NA;NA;NA;NA;NA;0;NA;NA;NA;1.441680986
NA;NA;NA;NA;NA;0;NA;NA;NA;0
NA;NA;NA;NA;NA;0;NA;NA;NA;0
NA;NA;NA;NA;NA;0;NA;NA;NA;0
NA;NA;NA;NA;NA;8.888714904;NA;NA;NA;17.8086631
NA;NA;NA;NA;NA;3.662424675;NA;NA;NA;0
NA;NA;NA;NA;NA;0.127571381;NA;NA;NA;0
NA;NA;NA;NA;NA;1.87752398;NA;NA;NA;0
NA;NA;NA;NA;NA;0.300179582;NA;NA;NA;0.077773231
NA;NA;NA;NA;NA;5.978312295;NA;NA;NA;10.21798685
NA;NA;NA;NA;NA;0.151169084;NA;NA;NA;0.066531691
NA;NA;NA;NA;NA;0.733748966;NA;NA;NA;0
NA;NA;NA;NA;NA;0.313389221;NA;NA;NA;0
NA;NA;NA;NA;NA;0.123420687;NA;NA;NA;0
NA;NA;NA;NA;NA;2.8598549;NA;NA;NA;0
NA;NA;NA;NA;NA;3.011560933;NA;NA;NA;3.972981165
NA;NA;NA;NA;NA;11.79198034;NA;NA;NA;4.977999834
NA;NA;NA;NA;NA;22.00658937;NA;NA;NA;19.27702822
NA;NA;NA;NA;NA;0.700552638;NA;NA;NA;0.195220725
NA;NA;NA;NA;NA;6.382907946;NA;NA;NA;11.71083407
NA;NA;NA;NA;NA;6.23884082;NA;NA;NA;9.412488338
NA;NA;NA;NA;NA;0.248635505;NA;NA;NA;0
NA;NA;NA;NA;NA;0;NA;NA;NA;0.102473033
NA;NA;NA;NA;NA;16.77259532;NA;NA;NA;12.59088214
NA;NA;NA;NA;NA;2.593680457;NA;NA;NA;2.414307595
NA;NA;NA;NA;NA;1.397061286;NA;NA;NA;1.135746506
NA;NA;NA;NA;NA;1.519869409;NA;NA;NA;0
NA;NA;NA;NA;NA;1.024863194;NA;NA;NA;0
NA;NA;NA;NA;NA;2.44401737;NA;NA;NA;0
NA;NA;NA;NA;NA;0.911556301;NA;NA;NA;0
NA;NA;NA;NA;NA;0.2931218;NA;NA;NA;3.3133936
NA;NA;NA;NA;NA;0.1776829;NA;NA;NA;0.0537557
NA;NA;NA;NA;NA;2.3172939;NA;NA;NA;1.3009949
NA;NA;NA;NA;NA;35.52938276;NA;NA;NA;36.39884513
NA;NA;NA;NA;NA;2.039867831;NA;NA;NA;2.108510739
NA;NA;NA;NA;NA;1.165920888;NA;NA;NA;0
NA;NA;NA;NA;NA;0.071004778;NA;NA;NA;0.063438968
NA;NA;NA;NA;NA;0.285756221;NA;NA;NA;0.136109023
NA;NA;NA;NA;NA;0.219545775;NA;NA;NA;0.306337202
NA;NA;NA;NA;NA;0.353326361;NA;NA;NA;1.565956197
NA;NA;NA;NA;NA;0;NA;NA;NA;0
NA;NA;NA;NA;NA;5.035037907;NA;NA;NA;9.566278645
NA;NA;NA;NA;NA;7.600839011;NA;NA;NA;10.56540762
NA;NA;NA;NA;NA;7.694984496;NA;NA;NA;12.55883403
NA;NA;NA;NA;NA;65.99486357;NA;NA;NA;69.55848861
NA;NA;NA;NA;NA;0.412749492;NA;NA;NA;0.536563301
NA;NA;NA;NA;NA;0;NA;NA;NA;0
NA;NA;NA;NA;NA;0;NA;NA;NA;0
NA;NA;NA;NA;NA;0.0977738;NA;NA;NA;0
NA;NA;NA;NA;NA;0;NA;NA;NA;0
NA;NA;NA;NA;NA;0;NA;NA;NA;0.067420856
NA;NA;NA;NA;NA;0.268380661;NA;NA;NA;0.118733039
NA;NA;NA;NA;NA;0;NA;NA;NA;0.34231516
NA;NA;NA;NA;NA;0;NA;NA;NA;0
NA;NA;NA;NA;NA;0;NA;NA;NA;0
NA;NA;NA;NA;NA;0;NA;NA;NA;0
NA;NA;NA;NA;NA;2.06799;NA;NA;NA;8.369231
NA;NA;NA;NA;NA;NA;NA;NA;NA;1.822353884
NA;NA;NA;NA;NA;NA;NA;NA;NA;0
NA;NA;NA;NA;NA;NA;NA;NA;NA;0
NA;NA;NA;NA;NA;NA;NA;NA;NA;0
NA;NA;NA;NA;NA;NA;NA;NA;NA;0
NA;NA;NA;NA;NA;NA;NA;NA;NA;0
NA;NA;NA;NA;NA;NA;NA;NA;NA;0
NA;NA;NA;NA;NA;NA;NA;NA;NA;0
NA;NA;NA;NA;NA;NA;NA;NA;NA;0
NA;NA;NA;NA;NA;NA;NA;NA;NA;1.929684701
NA;NA;NA;NA;NA;NA;NA;NA;NA;0
NA;NA;NA;NA;NA;NA;NA;NA;NA;0
NA;NA;NA;NA;NA;NA;NA;NA;NA;0
NA;NA;NA;NA;NA;NA;NA;NA;NA;0
NA;NA;NA;NA;NA;NA;NA;NA;NA;0
NA;NA;NA;NA;NA;NA;NA;NA;NA;0
NA;NA;NA;NA;NA;NA;NA;NA;NA;0
NA;NA;NA;NA;NA;NA;NA;NA;NA;4.5346629
NA;NA;NA;NA;NA;NA;NA;NA;NA;0.9513124
NA;NA;NA;NA;NA;NA;NA;NA;NA;NA
NA;NA;NA;NA;NA;NA;NA;NA;NA;NA
NA;NA;NA;NA;NA;NA;NA;NA;NA;NA
NA;NA;NA;NA;NA;NA;NA;NA;NA;NA
NA;NA;NA;NA;NA;NA;NA;NA;NA;NA
NA;NA;NA;NA;NA;NA;NA;NA;NA;NA
NA;NA;NA;NA;NA;NA;NA;NA;NA;NA
NA;NA;NA;NA;NA;NA;NA;NA;NA;NA
NA;NA;NA;NA;NA;NA;NA;NA;NA;NA
NA;NA;NA;NA;NA;NA;NA;NA;NA;NA
NA;NA;NA;NA;NA;NA;NA;NA;NA;NA
NA;NA;NA;NA;NA;NA;NA;NA;NA;NA
NA;NA;NA;NA;NA;NA;NA;NA;NA;NA
NA;NA;NA;NA;NA;NA;NA;NA;NA;NA
NA;NA;NA;NA;NA;NA;NA;NA;NA;NA
NA;NA;NA;NA;NA;NA;NA;NA;NA;NA
NA;NA;NA;NA;NA;NA;NA;NA;NA;NA
NA;NA;NA;NA;NA;NA;NA;NA;NA;NA
NA;NA;NA;NA;NA;NA;NA;NA;NA;NA
NA;NA;NA;NA;NA;NA;NA;NA;NA;NA
NA;NA;NA;NA;NA;NA;NA;NA;NA;NA
NA;NA;NA;NA;NA;NA;NA;NA;NA;NA
NA;NA;NA;NA;NA;NA;NA;NA;NA;NA
NA;NA;NA;NA;NA;NA;NA;NA;NA;NA
NA;NA;NA;NA;NA;NA;NA;NA;NA;NA
NA;NA;NA;NA;NA;NA;NA;NA;NA;NA
NA;NA;NA;NA;NA;NA;NA;NA;NA;NA
NA;NA;NA;NA;NA;NA;NA;NA;NA;NA
NA;NA;NA;NA;NA;NA;NA;NA;NA;NA
NA;NA;NA;NA;NA;NA;NA;NA;NA;NA
NA;NA;NA;NA;NA;NA;NA;NA;NA;NA
NA;NA;NA;NA;NA;NA;NA;NA;NA;NA
NA;NA;NA;NA;NA;NA;NA;NA;NA;NA
NA;NA;NA;NA;NA;NA;NA;NA;NA;NA
NA;NA;NA;NA;NA;NA;NA;NA;NA;NA
NA;NA;NA;NA;NA;NA;NA;NA;NA;NA
NA;NA;NA;NA;NA;NA;NA;NA;NA;NA
NA;NA;NA;NA;NA;NA;NA;NA;NA;NA
NA;NA;NA;NA;NA;NA;NA;NA;NA;NA
NA;NA;NA;NA;NA;NA;NA;NA;NA;NA
NA;NA;NA;NA;NA;NA;NA;NA;NA;NA
NA;NA;NA;NA;NA;NA;NA;NA;NA;NA
NA;NA;NA;NA;NA;NA;NA;NA;NA;NA
NA;NA;NA;NA;NA;NA;NA;NA;NA;NA
NA;NA;NA;NA;NA;NA;NA;NA;NA;NA
NA;NA;NA;NA;NA;NA;NA;NA;NA;NA
NA;NA;NA;NA;NA;NA;NA;NA;NA;NA
NA;NA;NA;NA;NA;NA;NA;NA;NA;NA
NA;NA;NA;NA;NA;NA;NA;NA;NA;NA
NA;NA;NA;NA;NA;NA;NA;NA;NA;NA
NA;NA;NA;NA;NA;NA;NA;NA;NA;NA
NA;NA;NA;NA;NA;NA;NA;NA;NA;NA
NA;NA;NA;NA;NA;NA;NA;NA;NA;NA
NA;NA;NA;NA;NA;NA;NA;NA;NA;NA
NA;NA;NA;NA;NA;NA;NA;NA;NA;NA
NA;NA;NA;NA;NA;NA;NA;NA;NA;NA
NA;NA;NA;NA;NA;NA;NA;NA;NA;NA
NA;NA;NA;NA;NA;NA;NA;NA;NA;NA
NA;NA;NA;NA;NA;NA;NA;NA;NA;NA
NA;NA;NA;NA;NA;NA;NA;NA;NA;NA
NA;NA;NA;NA;NA;NA;NA;NA;NA;NA
NA;NA;NA;NA;NA;NA;NA;NA;NA;NA
NA;NA;NA;NA;NA;NA;NA;NA;NA;NA
NA;NA;NA;NA;NA;NA;NA;NA;NA;NA
NA;NA;NA;NA;NA;NA;NA;NA;NA;NA
NA;NA;NA;NA;NA;NA;NA;NA;NA;NA
NA;NA;NA;NA;NA;NA;NA;NA;NA;NA
NA;NA;NA;NA;NA;NA;NA;NA;NA;NA
NA;NA;NA;NA;NA;NA;NA;NA;NA;NA
NA;NA;NA;NA;NA;NA;NA;NA;NA;NA
NA;NA;NA;NA;NA;NA;NA;NA;NA;NA
NA;NA;NA;NA;NA;NA;NA;NA;NA;NA
NA;NA;NA;NA;NA;NA;NA;NA;NA;NA
NA;NA;NA;NA;NA;NA;NA;NA;NA;NA
NA;NA;NA;NA;NA;NA;NA;NA;NA;NA
NA;NA;NA;NA;NA;NA;NA;NA;NA;NA
NA;NA;NA;NA;NA;NA;NA;NA;NA;NA
NA;NA;NA;NA;NA;NA;NA;NA;NA;NA
NA;NA;NA;NA;NA;NA;NA;NA;NA;NA
NA;NA;NA;NA;NA;NA;NA;NA;NA;NA
NA;NA;NA;NA;NA;NA;NA;NA;NA;NA
NA;NA;NA;NA;NA;NA;NA;NA;NA;NA
NA;NA;NA;NA;NA;NA;NA;NA;NA;NA
NA;NA;NA;NA;NA;NA;NA;NA;NA;NA
NA;NA;NA;NA;NA;NA;NA;NA;NA;NA
NA;NA;NA;NA;NA;NA;NA;NA;NA;NA
NA;NA;NA;NA;NA;NA;NA;NA;NA;NA
NA;NA;NA;NA;NA;NA;NA;NA;NA;NA
NA;NA;NA;NA;NA;NA;NA;NA;NA;NA
NA;NA;NA;NA;NA;NA;NA;NA;NA;NA
NA;NA;NA;NA;NA;NA;NA;NA;NA;NA
NA;NA;NA;NA;NA;NA;NA;NA;NA;NA
NA;NA;NA;NA;NA;NA;NA;NA;NA;NA
NA;NA;NA;NA;NA;NA;NA;NA;NA;NA
NA;NA;NA;NA;NA;0;NA;NA;NA;NA
NA;NA;NA;NA;NA;0.244293315;NA;NA;NA;NA
NA;NA;NA;NA;NA;0;NA;NA;NA;NA
NA;NA;NA;NA;NA;7.106218892;NA;NA;NA;NA
NA;NA;NA;NA;NA;0;NA;NA;NA;NA
NA;NA;NA;NA;NA;0.107494862;NA;NA;NA;NA
NA;NA;NA;NA;NA;0;NA;NA;NA;NA
NA;NA;NA;NA;NA;0;NA;NA;NA;NA
NA;NA;NA;NA;NA;0.367825952;NA;NA;NA;NA
NA;NA;NA;NA;NA;2.326670395;NA;NA;NA;NA
NA;NA;NA;NA;NA;0;NA;NA;NA;NA
NA;NA;NA;NA;NA;1.751058315;NA;NA;NA;NA
NA;NA;NA;NA;NA;0.501887435;NA;NA;NA;NA
NA;NA;NA;NA;NA;0.395883675;NA;NA;NA;NA
NA;NA;NA;NA;NA;6.499442155;NA;NA;NA;NA
NA;NA;NA;NA;NA;0;NA;NA;NA;NA
NA;NA;NA;NA;NA;0.09887645;NA;NA;NA;NA
NA;NA;NA;NA;NA;0.108983067;NA;NA;NA;NA
NA;NA;NA;NA;NA;0.18263281;NA;NA;NA;NA
NA;NA;NA;NA;NA;0.57467165;NA;NA;NA;NA
NA;NA;NA;NA;NA;1.665888585;NA;NA;NA;NA
NA;NA;NA;NA;NA;0;NA;NA;NA;NA
NA;NA;NA;NA;NA;11.8846777;NA;NA;NA;NA
NA;NA;NA;NA;NA;0.129469669;NA;NA;NA;NA
NA;NA;NA;NA;NA;0;NA;NA;NA;NA
NA;NA;NA;NA;NA;0;NA;NA;NA;NA
NA;NA;NA;NA;NA;0;NA;NA;NA;0.288608701
NA;NA;NA;NA;NA;0.20987753;NA;NA;NA;0.076509646
NA;NA;NA;NA;NA;1.627593866;NA;NA;NA;3.735622578
NA;NA;NA;NA;NA;0.314952929;NA;NA;NA;0.157191941
NA;NA;NA;NA;NA;0.895036875;NA;NA;NA;0.848397438
NA;NA;NA;NA;NA;0.406720292;NA;NA;NA;0.406708079
NA;NA;NA;NA;NA;0;NA;NA;NA;0.067636822
NA;NA;NA;NA;NA;0;NA;NA;NA;0
NA;NA;NA;NA;NA;0;NA;NA;NA;0
NA;NA;NA;NA;NA;0;NA;NA;NA;0
NA;NA;NA;NA;NA;0;NA;NA;NA;0
NA;NA;NA;NA;NA;0.577418723;NA;NA;NA;2.440336498
NA;NA;NA;NA;NA;0;NA;NA;NA;0.329702288
NA;NA;NA;NA;NA;0.653087013;NA;NA;NA;0.499970182
NA;NA;NA;NA;NA;0.266243873;NA;NA;NA;0
NA;NA;NA;NA;NA;0.108909314;NA;NA;NA;0.73481658
NA;NA;NA;NA;NA;8.999303993;NA;NA;NA;10.35590219
NA;NA;NA;NA;NA;8.58219983;NA;NA;NA;7.245825968
NA;NA;NA;NA;NA;0.517108281;NA;NA;NA;0.612966859
NA;NA;NA;NA;NA;3.440281917;NA;NA;NA;6.838069548
NA;NA;NA;NA;NA;0;NA;NA;NA;0.578383079
NA;NA;NA;NA;NA;0.149047939;NA;NA;NA;0.097351405
NA;NA;NA;NA;NA;0;NA;NA;NA;0
NA;NA;NA;NA;NA;0;NA;NA;NA;0.145181373
NA;NA;NA;NA;NA;0.2768962;NA;NA;NA;0
NA;NA;NA;NA;NA;0;NA;NA;NA;0.261064639
NA;NA;NA;NA;NA;0;NA;NA;NA;0.139416675
NA;NA;NA;NA;NA;0;NA;NA;NA;0
NA;NA;NA;NA;NA;0;NA;NA;NA;0
NA;NA;NA;NA;NA;0;NA;NA;NA;0
NA;NA;NA;NA;NA;0;NA;NA;NA;0
NA;NA;NA;NA;NA;0;NA;NA;NA;0.142301591
NA;NA;NA;NA;NA;0;NA;NA;NA;0
NA;NA;NA;NA;NA;0;NA;NA;NA;1.180247646
NA;NA;NA;NA;NA;0.514006987;NA;NA;NA;0.594160032
NA;NA;NA;NA;NA;0;NA;NA;NA;0
NA;NA;NA;NA;NA;0;NA;NA;NA;0
NA;NA;NA;NA;NA;0;NA;NA;NA;0
NA;NA;NA;NA;NA;0.37803278;NA;NA;NA;1.532219726
NA;NA;NA;NA;NA;0;NA;NA;NA;0
NA;NA;NA;NA;NA;0;NA;NA;NA;0
NA;NA;NA;NA;NA;0;NA;NA;NA;0
NA;NA;NA;NA;NA;0;NA;NA;NA;0
NA;NA;NA;NA;NA;0;NA;NA;NA;0.275769417
NA;NA;NA;NA;NA;0;NA;NA;NA;0.153588696
NA;NA;NA;NA;NA;0.35235618;NA;NA;NA;0.254983203
NA;NA;NA;NA;NA;0;NA;NA;NA;0
NA;NA;NA;NA;NA;0;NA;NA;NA;1.502130615
NA;NA;NA;NA;NA;0;NA;NA;NA;0
NA;NA;NA;NA;NA;0.056578322;NA;NA;NA;1.043220971
NA;NA;NA;NA;NA;2.039303975;NA;NA;NA;5.089076681
NA;NA;NA;NA;NA;0;NA;NA;NA;0.61179969
NA;NA;NA;NA;NA;0;NA;NA;NA;0
NA;NA;NA;NA;NA;0;NA;NA;NA;0
NA;NA;NA;NA;NA;0;NA;NA;NA;0.147088068
NA;NA;NA;NA;NA;0;NA;NA;NA;0
NA;NA;NA;NA;NA;0;NA;NA;NA;0.137298872
NA;NA;NA;NA;NA;0;NA;NA;NA;0
NA;NA;NA;NA;NA;0;NA;NA;NA;0
NA;NA;NA;NA;NA;2.278334516;NA;NA;NA;7.057916203
NA;NA;NA;NA;NA;7.274223691;NA;NA;NA;15.28713004
NA;NA;NA;NA;NA;0;NA;NA;NA;0.31080006
NA;NA;NA;NA;NA;7.780498043;NA;NA;NA;6.337420215
NA;NA;NA;NA;NA;1.104015926;NA;NA;NA;2.492916414
NA;NA;NA;NA;NA;2.53275805;NA;NA;NA;2.234545004
NA;NA;NA;NA;NA;0;NA;NA;NA;1.238232222
NA;NA;NA;NA;NA;0;NA;NA;NA;3.244214638
NA;NA;NA;NA;NA;0.056430344;NA;NA;NA;0.298956177
NA;NA;NA;NA;NA;0;NA;NA;NA;0.142875339
NA;NA;NA;NA;NA;0;NA;NA;NA;0.361913196
NA;NA;NA;NA;NA;0;NA;NA;NA;0.541738828
NA;NA;NA;NA;NA;0;NA;NA;NA;0
NA;NA;NA;NA;NA;4.380418735;NA;NA;NA;11.16766193
NA;NA;NA;NA;NA;1.180100418;NA;NA;NA;3.299685688
NA;NA;NA;NA;NA;0;NA;NA;NA;0.203471673
NA;NA;NA;NA;NA;0;NA;NA;NA;0.584432848
NA;NA;NA;NA;NA;0;NA;NA;NA;0.590759259
NA;NA;NA;NA;NA;0;NA;NA;NA;0.331935894
NA;NA;NA;NA;NA;0.101224541;NA;NA;NA;0.85858329
NA;NA;NA;NA;NA;0.102874219;NA;NA;NA;0.505458312
NA;NA;NA;NA;NA;0;NA;NA;NA;0.241775735
NA;NA;NA;NA;NA;0;NA;NA;NA;0.588233729
NA;NA;NA;NA;NA;0.104688125;NA;NA;NA;0.67198237
NA;NA;NA;NA;NA;0;NA;NA;NA;0.275147578
NA;NA;NA;NA;NA;8.536315075;NA;NA;NA;12.77916336
NA;NA;NA;NA;NA;0.817932093;NA;NA;NA;1.74137865
NA;NA;NA;NA;NA;0;NA;NA;NA;1.324672747
NA;NA;NA;NA;NA;0;NA;NA;NA;0
NA;NA;NA;NA;NA;0.10756159;NA;NA;NA;0
NA;NA;NA;NA;NA;7.478694458;NA;NA;NA;7.849714032
NA;NA;NA;NA;NA;0;NA;NA;NA;0.368580598
NA;NA;NA;NA;NA;0.208498769;NA;NA;NA;1.078700767
NA;NA;NA;NA;NA;0.463224304;NA;NA;NA;0.154831187
NA;NA;NA;NA;NA;0;NA;NA;NA;0.352016562
NA;NA;NA;NA;NA;0;NA;NA;NA;0.157939544
NA;NA;NA;NA;NA;0;NA;NA;NA;0.141473964
NA;NA;NA;NA;NA;0;NA;NA;NA;0.264879107
NA;NA;NA;NA;NA;0.073217722;NA;NA;NA;0.412312135
NA;NA;NA;NA;NA;0;NA;NA;NA;0.12027528
NA;NA;NA;NA;NA;0;NA;NA;NA;0.338970049
NA;NA;NA;NA;NA;0.110208417;NA;NA;NA;0.254212715
NA;NA;NA;NA;NA;0.077885166;NA;NA;NA;0.189050918
NA;NA;NA;NA;NA;0;NA;NA;NA;0
NA;NA;NA;NA;NA;0;NA;NA;NA;0
NA;NA;NA;NA;NA;0.959065035;NA;NA;NA;1.187755571
NA;NA;NA;NA;NA;0.065940729;NA;NA;NA;0
NA;NA;NA;NA;NA;5.579543174;NA;NA;NA;4.683908208
NA;NA;NA;NA;NA;0;NA;NA;NA;0.192044419
NA;NA;NA;NA;NA;0;NA;NA;NA;0
NA;NA;NA;NA;NA;2.511150069;NA;NA;NA;5.290008255
NA;NA;NA;NA;NA;0;NA;NA;NA;0
NA;NA;NA;NA;NA;0;NA;NA;NA;0
NA;NA;NA;NA;NA;0;NA;NA;NA;0
NA;NA;NA;NA;NA;0;NA;NA;NA;0
NA;NA;NA;NA;NA;0;NA;NA;NA;0
NA;NA;NA;NA;NA;0;NA;NA;NA;0.163685607
NA;NA;NA;NA;NA;0.100308953;NA;NA;NA;1.121242857
NA;NA;NA;NA;NA;0;NA;NA;NA;0
NA;NA;NA;NA;NA;1.499728028;NA;NA;NA;0.086884232
NA;NA;NA;NA;NA;0;NA;NA;NA;0.352618245
NA;NA;NA;NA;NA;1.37482938;NA;NA;NA;2.076898648
NA;NA;NA;NA;NA;0.794113042;NA;NA;NA;1.777858628
NA;NA;NA;NA;NA;0;NA;NA;NA;0.151835271
NA;NA;NA;NA;NA;0.05486328;NA;NA;NA;0.674561444
NA;NA;NA;NA;NA;0;NA;NA;NA;0.254717931
NA;NA;NA;NA;NA;0;NA;NA;NA;0.476216423
NA;NA;NA;NA;NA;0;NA;NA;NA;0.520782125
NA;NA;NA;NA;NA;0;NA;NA;NA;0.39513553
NA;NA;NA;NA;NA;0.202773048;NA;NA;NA;0.799500413
NA;NA;NA;NA;NA;2.20745923;NA;NA;NA;6.200329015
NA;NA;NA;NA;NA;0.092857265;NA;NA;NA;0.401863235
NA;NA;NA;NA;NA;0;NA;NA;NA;0.433270204
NA;NA;NA;NA;NA;0;NA;NA;NA;0
NA;NA;NA;NA;NA;0.664408692;NA;NA;NA;0.866526947
NA;NA;NA;NA;NA;3.442004003;NA;NA;NA;5.066282194
NA;NA;NA;NA;NA;1.476227712;NA;NA;NA;2.89100918
NA;NA;NA;NA;NA;1.195041119;NA;NA;NA;2.803660783
NA;NA;NA;NA;NA;0.125584493;NA;NA;NA;0.64171186
NA;NA;NA;NA;NA;0;NA;NA;NA;0.571125081
NA;NA;NA;NA;NA;0;NA;NA;NA;0.309979403
NA;NA;NA;NA;NA;1.378849581;NA;NA;NA;3.432258013
NA;NA;NA;NA;NA;4.42191921;NA;NA;NA;8.043674723
NA;NA;NA;NA;NA;0.530586572;NA;NA;NA;0.907987381
NA;NA;NA;NA;NA;0;NA;NA;NA;0.374973922
NA;NA;NA;NA;NA;0.080603207;NA;NA;NA;0.571205032
NA;NA;NA;NA;NA;0;NA;NA;NA;0.274824201
NA;NA;NA;NA;NA;0;NA;NA;NA;0.29495533
NA;NA;NA;NA;NA;0.441761016;NA;NA;NA;0.291796868
NA;NA;NA;NA;NA;0.158498691;NA;NA;NA;0.397908119
NA;NA;NA;NA;NA;0.096079203;NA;NA;NA;0.101244254
NA;NA;NA;NA;NA;7.603997158;NA;NA;NA;12.02956118
NA;NA;NA;NA;NA;0;NA;NA;NA;1.220648762
NA;NA;NA;NA;NA;0;NA;NA;NA;0
NA;NA;NA;NA;NA;0.669158621;NA;NA;NA;0.183787866
NA;NA;NA;NA;NA;11.46148811;NA;NA;NA;19.18992841
NA;NA;NA;NA;NA;2.29973474;NA;NA;NA;2.644133242
NA;NA;NA;NA;NA;1.1465306;NA;NA;NA;2.180163955
NA;NA;NA;NA;NA;0.562612794;NA;NA;NA;1.564106888
NA;NA;NA;NA;NA;0;NA;NA;NA;0.09531658
NA;NA;NA;NA;NA;0.083944569;NA;NA;NA;1.163834874
NA;NA;NA;NA;NA;2.660497645;NA;NA;NA;5.324103936
NA;NA;NA;NA;NA;0.610016584;NA;NA;NA;0.893121322
NA;NA;NA;NA;NA;0.08856564;NA;NA;NA;0
NA;NA;NA;NA;NA;0.213033964;NA;NA;NA;0.097974105
NA;NA;NA;NA;NA;0.41116851;NA;NA;NA;0.110856931
NA;NA;NA;NA;NA;0.320431945;NA;NA;NA;0
NA;NA;NA;NA;NA;1.241692317;NA;NA;NA;0
NA;NA;NA;NA;NA;0;NA;NA;NA;0
NA;NA;NA;NA;NA;0.098717473;NA;NA;NA;0.215146282
NA;NA;NA;NA;NA;0;NA;NA;NA;0.911095184
NA;NA;NA;NA;NA;0;NA;NA;NA;1.267129331
NA;NA;NA;NA;NA;3.461865306;NA;NA;NA;4.611906105
NA;NA;NA;NA;NA;8.345349678;NA;NA;NA;11.6271818
NA;NA;NA;NA;NA;2.970827429;NA;NA;NA;2.266193856
NA;NA;NA;NA;NA;28.59076597;NA;NA;NA;59.05645104
NA;NA;NA;NA;NA;13.24707836;NA;NA;NA;8.973841038
NA;NA;NA;NA;NA;10.707679;NA;NA;NA;0.082180323
NA;NA;NA;NA;NA;3.290674662;NA;NA;NA;5.735169141
NA;NA;NA;NA;NA;0.725613259;NA;NA;NA;0.781938674
NA;NA;NA;NA;NA;0;NA;NA;NA;0
NA;NA;NA;NA;NA;0;NA;NA;NA;0
NA;NA;NA;NA;NA;0;NA;NA;NA;0
NA;NA;NA;NA;NA;0;NA;NA;NA;0
NA;NA;NA;NA;NA;0.070680204;NA;NA;NA;0
NA;NA;NA;NA;NA;0;NA;NA;NA;0
NA;NA;NA;NA;NA;0;NA;NA;NA;0
NA;NA;NA;NA;NA;0.053575665;NA;NA;NA;0
NA;NA;NA;NA;NA;13.11634335;NA;NA;NA;14.63936547
NA;NA;NA;NA;NA;16.42325791;NA;NA;NA;12.38647236
NA;NA;NA;NA;NA;21.35057087;NA;NA;NA;16.64203854
NA;NA;NA;NA;NA;64.20178103;NA;NA;NA;56.97554368
NA;NA;NA;NA;NA;13.72093538;NA;NA;NA;12.5514811
NA;NA;NA;NA;NA;1.967673059;NA;NA;NA;0
NA;NA;NA;NA;NA;0;NA;NA;NA;0
NA;NA;NA;NA;NA;0;NA;NA;NA;0
NA;NA;NA;NA;NA;0;NA;NA;NA;0
NA;NA;NA;NA;NA;0;NA;NA;NA;0
NA;NA;NA;NA;NA;0;NA;NA;NA;0
NA;NA;NA;NA;NA;1.968871092;NA;NA;NA;0.881900251
NA;NA;NA;NA;NA;1.300004454;NA;NA;NA;0.820542245
NA;NA;NA;NA;NA;5.838609714;NA;NA;NA;6.863122834
NA;NA;NA;NA;NA;5.370800855;NA;NA;NA;6.604535926
NA;NA;NA;NA;NA;0;NA;NA;NA;0
NA;NA;NA;NA;NA;0;NA;NA;NA;0
NA;NA;NA;NA;NA;16.75944257;NA;NA;NA;16.51921128
NA;NA;NA;NA;NA;0.587998797;NA;NA;NA;3.62601366
NA;NA;NA;NA;NA;2.993194255;NA;NA;NA;6.551788792
NA;NA;NA;NA;NA;25.93279499;NA;NA;NA;19.10201114
NA;NA;NA;NA;NA;34.85940864;NA;NA;NA;31.97094534
NA;NA;NA;NA;NA;0;NA;NA;NA;0
NA;NA;NA;NA;NA;0;NA;NA;NA;0
NA;NA;NA;NA;NA;0;NA;NA;NA;0
NA;NA;NA;NA;NA;0;NA;NA;NA;0
NA;NA;NA;NA;NA;0.072670198;NA;NA;NA;0
NA;NA;NA;NA;NA;0.431856766;NA;NA;NA;0
NA;NA;NA;NA;NA;0;NA;NA;NA;0
NA;NA;NA;NA;NA;0;NA;NA;NA;0
NA;NA;NA;NA;NA;0;NA;NA;NA;0
NA;NA;NA;NA;NA;0.1680543;NA;NA;NA;0
NA;NA;NA;NA;NA;0;NA;NA;NA;0.280271102
NA;NA;NA;NA;NA;0.058642534;NA;NA;NA;0.053303214
NA;NA;NA;NA;NA;0.812579144;NA;NA;NA;0.510497228
NA;NA;NA;NA;NA;0;NA;NA;NA;0
NA;NA;NA;NA;NA;2.432678937;NA;NA;NA;0
NA;NA;NA;NA;NA;0;NA;NA;NA;0
NA;NA;NA;NA;NA;0.0568326;NA;NA;NA;0
NA;NA;NA;NA;NA;0.079276;NA;NA;NA;0
NA;NA;NA;NA;NA;1.5083279;NA;NA;NA;5.5238918
NA;NA;NA;NA;NA;1.7103182;NA;NA;NA;2.0573753
NA;NA;NA;NA;NA;0.0772851;NA;NA;NA;0.5361098
NA;NA;NA;NA;NA;0;NA;NA;NA;0
NA;NA;NA;NA;NA;1.906607;NA;NA;NA;0.4646149
NA;NA;NA;NA;NA;0;NA;NA;NA;0
NA;NA;NA;NA;NA;0.496833001;NA;NA;NA;1.036290001
NA;NA;NA;NA;NA;0;NA;NA;NA;0
NA;NA;NA;NA;NA;0;NA;NA;NA;0
NA;NA;NA;NA;NA;0;NA;NA;NA;0
NA;NA;NA;NA;NA;13.8264274;NA;NA;NA;13.48271732
NA;NA;NA;NA;NA;3.577745243;NA;NA;NA;4.400248726
NA;NA;NA;NA;NA;0;NA;NA;NA;0
NA;NA;NA;NA;NA;0;NA;NA;NA;0
NA;NA;NA;NA;NA;0.0732127;NA;NA;NA;0
NA;NA;NA;NA;NA;3.705250101;NA;NA;NA;4.0146621
NA;NA;NA;NA;NA;0;NA;NA;NA;0
NA;NA;NA;NA;NA;0.137195;NA;NA;NA;0.0667873
NA;NA;NA;NA;NA;5.029231038;NA;NA;NA;7.176471319
NA;NA;NA;NA;NA;0;NA;NA;NA;0
NA;NA;NA;NA;NA;0;NA;NA;NA;0
NA;NA;NA;NA;NA;0;NA;NA;NA;0
NA;NA;NA;NA;NA;0.1707688;NA;NA;NA;0
NA;NA;NA;NA;NA;14.5513155;NA;NA;NA;20.2828085
NA;NA;NA;NA;NA;1.703620301;NA;NA;NA;1.282354
NA;NA;NA;NA;NA;0;NA;NA;NA;0
NA;NA;NA;NA;NA;0.9336647;NA;NA;NA;0
NA;NA;NA;NA;NA;0.5513123;NA;NA;NA;5.1422644
NA;NA;NA;NA;NA;0;NA;NA;NA;0
NA;NA;NA;NA;NA;0;NA;NA;NA;0
NA;NA;NA;NA;NA;2.252500489;NA;NA;NA;3.223355411
NA;NA;NA;NA;NA;0;NA;NA;NA;0
NA;NA;NA;NA;NA;2.068506464;NA;NA;NA;3.754119179
NA;NA;NA;NA;NA;0;NA;NA;NA;0
NA;NA;NA;NA;NA;2.870406328;NA;NA;NA;5.04497986
NA;NA;NA;NA;NA;0;NA;NA;NA;0
NA;NA;NA;NA;NA;0;NA;NA;NA;0
NA;NA;NA;NA;NA;0.0686878;NA;NA;NA;0
NA;NA;NA;NA;NA;0;NA;NA;NA;0
NA;NA;NA;NA;NA;NA;NA;NA;NA;0.0706837
NA;NA;NA;NA;NA;NA;NA;NA;NA;6.526321
NA;NA;NA;NA;NA;NA;NA;NA;NA;2.496012557
NA;NA;NA;NA;NA;NA;NA;NA;NA;0
NA;NA;NA;NA;NA;NA;NA;NA;NA;0
NA;NA;NA;NA;NA;NA;NA;NA;NA;0
NA;NA;NA;NA;NA;NA;NA;NA;NA;0
NA;NA;NA;NA;NA;NA;NA;NA;NA;0
NA;NA;NA;NA;NA;NA;NA;NA;NA;0
NA;NA;NA;NA;NA;NA;NA;NA;NA;0
NA;NA;NA;NA;NA;0.115109;NA;NA;NA;0
NA;NA;NA;NA;NA;0.6982537;NA;NA;NA;1.1126218
NA;NA;NA;NA;NA;1.631955603;NA;NA;NA;2.421010302
NA;NA;NA;NA;NA;9.632981355;NA;NA;NA;16.96044265
NA;NA;NA;NA;NA;0;NA;NA;NA;0
NA;NA;NA;NA;NA;0;NA;NA;NA;0
NA;NA;NA;NA;NA;0;NA;NA;NA;0
NA;NA;NA;NA;NA;0;NA;NA;NA;0
NA;NA;NA;NA;NA;5.480316072;NA;NA;NA;4.953262842
NA;NA;NA;NA;NA;0;NA;NA;NA;0
NA;NA;NA;NA;NA;0;NA;NA;NA;0
NA;NA;NA;NA;NA;13.97009246;NA;NA;NA;20.52430166
NA;NA;NA;NA;NA;10.40518568;NA;NA;NA;10.67372448
NA;NA;NA;NA;NA;9.523446319;NA;NA;NA;19.18315181
NA;NA;NA;NA;NA;0;NA;NA;NA;0
NA;NA;NA;NA;NA;0.130823169;NA;NA;NA;0
NA;NA;NA;NA;NA;4.862447679;NA;NA;NA;7.832083484
NA;NA;NA;NA;NA;0;NA;NA;NA;0.20180087
NA;NA;NA;NA;NA;8.147229511;NA;NA;NA;6.007438738
NA;NA;NA;NA;NA;0.386355843;NA;NA;NA;0.863707785
NA;NA;NA;NA;NA;0;NA;NA;NA;0.066367589
NA;NA;NA;NA;NA;0.071672469;NA;NA;NA;0
NA;NA;NA;NA;NA;9.019782996;NA;NA;NA;9.475371225
NA;NA;NA;NA;NA;0;NA;NA;NA;0
NA;NA;NA;NA;NA;0;NA;NA;NA;0
NA;NA;NA;NA;NA;14.86779558;NA;NA;NA;17.31176426
NA;NA;NA;NA;NA;0.051992443;NA;NA;NA;1.357506496
NA;NA;NA;NA;NA;0;NA;NA;NA;0
NA;NA;NA;NA;NA;0;NA;NA;NA;0
NA;NA;NA;0.395326708;NA;0;NA;NA;NA;0
NA;NA;NA;0;NA;0;NA;NA;NA;0
NA;NA;NA;0;NA;0;NA;NA;NA;0
NA;NA;NA;0;NA;0;NA;NA;NA;0
NA;NA;NA;0;NA;0;NA;NA;NA;0
NA;NA;NA;20.50497797;NA;19.22432361;NA;NA;NA;21.64264622
NA;NA;NA;4.283411141;NA;1.138904739;NA;NA;NA;2.417777146
NA;NA;NA;2.936242414;NA;3.129959631;NA;NA;NA;3.156832517
NA;NA;NA;0;NA;0;NA;NA;NA;0
NA;NA;NA;0.817114771;NA;0.629573522;NA;NA;NA;0
NA;NA;NA;0;NA;0.122482803;NA;NA;NA;0
NA;NA;NA;0;NA;0;NA;NA;NA;0
NA;NA;NA;0;NA;0;NA;NA;NA;0
NA;NA;NA;0;NA;0.069491012;NA;NA;NA;0
NA;NA;NA;0;NA;0;NA;NA;NA;0
NA;NA;NA;0;NA;0;NA;NA;NA;0
NA;NA;NA;0;NA;0;NA;NA;NA;0
NA;NA;NA;0;NA;0;NA;NA;NA;0
NA;NA;NA;1.049325736;NA;0.067398135;NA;NA;NA;0.068999512
NA;NA;NA;0.081950162;NA;0;NA;NA;NA;0
NA;NA;NA;0;NA;0;NA;NA;NA;0
NA;NA;NA;9.795008035;NA;5.901598792;NA;NA;NA;5.877574103
NA;NA;NA;8.419752178;NA;2.230229337;NA;NA;NA;5.475552464
NA;NA;NA;0.067182748;NA;0;NA;NA;NA;0.119170616
NA;NA;NA;3.377904728;NA;0.384121546;NA;NA;NA;1.334660543
NA;NA;NA;0.063554671;NA;0;NA;NA;NA;0
NA;NA;NA;2.225384862;NA;0.378439187;NA;NA;NA;0.526746177
NA;NA;NA;2.971090443;NA;0.51036872;NA;NA;NA;1.15464625
NA;NA;NA;5.580279939;NA;5.122685744;NA;NA;NA;4.05259955
NA;NA;NA;0;NA;2.628136259;NA;NA;NA;0
NA;NA;NA;NA;NA;0;NA;NA;NA;0.096639033
NA;NA;NA;NA;NA;0.2596742;NA;NA;NA;4.031028017
NA;NA;NA;NA;NA;7.803923387;NA;NA;NA;13.11757862
NA;NA;NA;NA;NA;0;NA;NA;NA;0.08993151
NA;NA;NA;NA;NA;3.788639152;NA;NA;NA;5.55857684
NA;NA;NA;NA;NA;0;NA;NA;NA;0.357732749
NA;NA;NA;NA;NA;0;NA;NA;NA;0
NA;NA;NA;NA;NA;0;NA;NA;NA;0
NA;NA;NA;NA;NA;0;NA;NA;NA;0.349307668
NA;NA;NA;NA;NA;0.203499735;NA;NA;NA;0.478530388
NA;NA;NA;NA;NA;0;NA;NA;NA;0
NA;NA;NA;NA;NA;0;NA;NA;NA;0
NA;NA;NA;NA;NA;0;NA;NA;NA;0
NA;NA;NA;NA;NA;0;NA;NA;NA;0
NA;NA;NA;NA;NA;0;NA;NA;NA;0
NA;NA;NA;NA;NA;0;NA;NA;NA;0
NA;NA;NA;NA;NA;0;NA;NA;NA;0
NA;NA;NA;NA;NA;3.628078149;NA;NA;NA;3.306931914
NA;NA;NA;NA;NA;1.050393711;NA;NA;NA;0.898460681
NA;NA;NA;NA;NA;0.516084465;NA;NA;NA;3.116828939
NA;NA;NA;NA;NA;0.563516508;NA;NA;NA;1.045098548
NA;NA;NA;NA;NA;0;NA;NA;NA;0
NA;NA;NA;NA;NA;0;NA;NA;NA;0
NA;NA;NA;NA;NA;0;NA;NA;NA;0
NA;NA;NA;NA;NA;0;NA;NA;NA;0
NA;NA;NA;NA;NA;1.391317962;NA;NA;NA;4.126660334
NA;NA;NA;NA;NA;0;NA;NA;NA;0
NA;NA;NA;NA;NA;1.27095956;NA;NA;NA;4.281982923
NA;NA;NA;NA;NA;0.683845992;NA;NA;NA;6.424437529
NA;NA;NA;NA;NA;0;NA;NA;NA;0
NA;NA;NA;NA;NA;0.365765153;NA;NA;NA;1.394643273
NA;NA;NA;NA;NA;4.052649371;NA;NA;NA;8.138508754
NA;NA;NA;NA;NA;0.066849805;NA;NA;NA;0
NA;NA;NA;NA;NA;0.060860707;NA;NA;NA;0.994005055
NA;NA;NA;NA;NA;0;NA;NA;NA;0.808733636
NA;NA;NA;NA;NA;0;NA;NA;NA;0
NA;NA;NA;NA;NA;0;NA;NA;NA;0.119946745
NA;NA;NA;NA;NA;0.164699179;NA;NA;NA;2.035378131
NA;NA;NA;NA;NA;0;NA;NA;NA;0
NA;NA;NA;NA;NA;0;NA;NA;NA;0
NA;NA;NA;NA;NA;0;NA;NA;NA;0.12335827
NA;NA;NA;NA;NA;0;NA;NA;NA;0
NA;NA;NA;NA;NA;0;NA;NA;NA;0
NA;NA;NA;NA;NA;0;NA;NA;NA;0
NA;NA;NA;NA;NA;0;NA;NA;NA;0
NA;NA;NA;NA;NA;0;NA;NA;NA;0
NA;NA;NA;NA;NA;3.271393413;NA;NA;NA;6.881315634
NA;NA;NA;NA;NA;3.642072551;NA;NA;NA;10.68096486
NA;NA;NA;NA;NA;0.054793502;NA;NA;NA;0.806256646
NA;NA;NA;NA;NA;0;NA;NA;NA;0
NA;NA;NA;NA;NA;0;NA;NA;NA;0
NA;NA;NA;NA;NA;0;NA;NA;NA;0.579583034
NA;NA;NA;NA;NA;6.495388997;NA;NA;NA;15.64611546
NA;NA;NA;NA;NA;1.249632634;NA;NA;NA;3.221902301
NA;NA;NA;NA;NA;0;NA;NA;NA;0.246633845
NA;NA;NA;NA;NA;0.288324746;NA;NA;NA;0.168930143
NA;NA;NA;NA;NA;0;NA;NA;NA;0
NA;NA;NA;NA;NA;7.476761062;NA;NA;NA;10.53224725
NA;NA;NA;NA;NA;2.146325739;NA;NA;NA;3.313357375
NA;NA;NA;NA;NA;0.267976058;NA;NA;NA;0.14525175
NA;NA;NA;NA;NA;0;NA;NA;NA;0
NA;NA;NA;NA;NA;0;NA;NA;NA;0
NA;NA;NA;NA;NA;1.467473152;NA;NA;NA;4.102057287
NA;NA;NA;NA;NA;0.50471972;NA;NA;NA;0.909701105
NA;NA;NA;NA;NA;0.297335375;NA;NA;NA;0.762702554
NA;NA;NA;NA;NA;0;NA;NA;NA;0
NA;NA;NA;NA;NA;0;NA;NA;NA;0
NA;NA;NA;NA;NA;0;NA;NA;NA;0.552219092
NA;NA;NA;NA;NA;0;NA;NA;NA;0.081582817
NA;NA;NA;NA;NA;0;NA;NA;NA;0
NA;NA;NA;NA;NA;0;NA;NA;NA;0
NA;NA;NA;NA;NA;0;NA;NA;NA;0.161706053
NA;NA;NA;NA;NA;0;NA;NA;NA;0
NA;NA;NA;NA;NA;3.243701959;NA;NA;NA;7.65073699
NA;NA;NA;NA;NA;0;NA;NA;NA;0.361539421
NA;NA;NA;NA;NA;4.839844167;NA;NA;NA;0.590063298
NA;NA;NA;NA;NA;0.160104932;NA;NA;NA;2.441915307
NA;NA;NA;NA;NA;0.729101041;NA;NA;NA;1.551269765
NA;NA;NA;NA;NA;2.724688494;NA;NA;NA;0.153536268
NA;NA;NA;NA;NA;3.507288919;NA;NA;NA;0
NA;NA;NA;NA;NA;0;NA;NA;NA;0
NA;NA;NA;NA;NA;0;NA;NA;NA;0
NA;NA;NA;NA;NA;0;NA;NA;NA;NA
NA;NA;NA;NA;NA;0.14663728;NA;NA;NA;1.1888566
NA;NA;NA;NA;NA;1.265843398;NA;NA;NA;2.37042361
NA;NA;NA;NA;NA;0;NA;NA;NA;0.301463903
NA;NA;NA;NA;NA;0;NA;NA;NA;0.166186448
NA;NA;NA;NA;NA;0;NA;NA;NA;0.198180154
NA;NA;NA;NA;NA;0;NA;NA;NA;0
NA;NA;NA;NA;NA;0;NA;NA;NA;0
NA;NA;NA;NA;NA;0.147585672;NA;NA;NA;0
NA;NA;NA;NA;NA;0;NA;NA;NA;0
NA;NA;NA;NA;NA;0.087256356;NA;NA;NA;0
NA;NA;NA;NA;NA;0;NA;NA;NA;0
NA;NA;NA;NA;NA;0.0647678;NA;NA;NA;0
NA;NA;NA;NA;NA;0;NA;NA;NA;0
NA;NA;NA;NA;NA;0;NA;NA;NA;0
NA;NA;NA;NA;NA;0;NA;NA;NA;0
NA;NA;NA;NA;NA;1.027988346;NA;NA;NA;2.474156266
NA;NA;NA;NA;NA;0.124459884;NA;NA;NA;0.206207684
NA;NA;NA;NA;NA;0;NA;NA;NA;0
NA;NA;NA;NA;NA;0;NA;NA;NA;0
NA;NA;NA;NA;NA;0;NA;NA;NA;0
NA;NA;NA;NA;NA;0;NA;NA;NA;0
NA;NA;NA;NA;NA;0;NA;NA;NA;0
NA;NA;NA;NA;NA;0;NA;NA;NA;0
NA;NA;NA;NA;NA;0.131036505;NA;NA;NA;2.093678055
NA;NA;NA;NA;NA;2.571151372;NA;NA;NA;8.366718865
NA;NA;NA;NA;NA;0;NA;NA;NA;0
NA;NA;NA;NA;NA;0;NA;NA;NA;0
NA;NA;NA;NA;NA;0;NA;NA;NA;0
NA;NA;NA;NA;NA;0;NA;NA;NA;0
NA;NA;NA;NA;NA;0.06640613;NA;NA;NA;0
NA;NA;NA;NA;NA;4.701861128;NA;NA;NA;8.183933434
NA;NA;NA;NA;NA;0;NA;NA;NA;0
NA;NA;NA;NA;NA;0;NA;NA;NA;0.094430897
NA;NA;NA;NA;NA;0;NA;NA;NA;0
NA;NA;NA;NA;NA;0.085034994;NA;NA;NA;0.166230739
NA;NA;NA;NA;NA;0;NA;NA;NA;0
NA;NA;NA;NA;NA;0.06912135;NA;NA;NA;0.21677089
NA;NA;NA;NA;NA;0.482253644;NA;NA;NA;0.744959641
NA;NA;NA;NA;NA;0.154271286;NA;NA;NA;0.092668348
NA;NA;NA;NA;NA;0;NA;NA;NA;0
NA;NA;NA;NA;NA;0;NA;NA;NA;0
NA;NA;NA;NA;NA;0;NA;NA;NA;0
NA;NA;NA;NA;NA;0;NA;NA;NA;0.324141818
NA;NA;NA;NA;NA;0;NA;NA;NA;0
NA;NA;NA;NA;NA;0;NA;NA;NA;0
NA;NA;NA;NA;NA;0;NA;NA;NA;0
NA;NA;NA;NA;NA;0;NA;NA;NA;0
NA;NA;NA;NA;NA;0.695834779;NA;NA;NA;1.23598858
NA;NA;NA;NA;NA;6.24649631;NA;NA;NA;12.28425682
NA;NA;NA;NA;NA;4.709574495;NA;NA;NA;10.71007032
NA;NA;NA;NA;NA;0;NA;NA;NA;0
NA;NA;NA;NA;NA;0;NA;NA;NA;0
NA;NA;NA;0.119339119;NA;0;NA;NA;NA;0
NA;NA;NA;0.784239262;NA;0;NA;NA;NA;0
NA;NA;NA;0.583622688;NA;0;NA;NA;NA;0
NA;NA;NA;5.014377244;NA;2.364372971;NA;NA;NA;4.105211977
NA;NA;NA;2.693392949;NA;0;NA;NA;NA;0.536979228
NA;NA;NA;13.23800997;NA;4.625241986;NA;NA;NA;7.876149192
NA;NA;NA;0;NA;0;NA;NA;NA;0
NA;NA;NA;15.65136176;NA;0.927296506;NA;NA;NA;3.963544406
NA;NA;NA;1.725267719;NA;0.497528336;NA;NA;NA;0.945689754
NA;NA;NA;2.61753745;NA;0.617230417;NA;NA;NA;1.392456962
NA;NA;NA;0.32807578;NA;0;NA;NA;NA;0.086639851
NA;NA;NA;0;NA;0;NA;NA;NA;0
NA;NA;NA;0;NA;0;NA;NA;NA;0
NA;NA;NA;1.914443393;NA;0;NA;NA;NA;0
NA;NA;NA;0.804080067;NA;0;NA;NA;NA;0
NA;NA;NA;9.030391768;NA;1.995901168;NA;NA;NA;4.816383294
NA;NA;NA;12.12453424;NA;5.744070515;NA;NA;NA;10.53521836
NA;NA;NA;4.631175088;NA;0.94212278;NA;NA;NA;2.276170253
NA;NA;NA;4.665550449;NA;0;NA;NA;NA;0.690194995
NA;NA;NA;4.322121821;NA;0;NA;NA;NA;0
NA;NA;NA;3.723488247;NA;0.848459334;NA;NA;NA;2.45393608
NA;NA;NA;3.847430373;NA;1.644321054;NA;NA;NA;3.388859971
NA;NA;NA;11.38261817;NA;7.30616196;NA;NA;NA;11.60573671
NA;NA;NA;0.092420981;NA;0;NA;NA;NA;0.072222104
NA;NA;NA;0.138988585;NA;0;NA;NA;NA;0.133372279
NA;NA;NA;2.98088213;NA;2.174321267;NA;NA;NA;3.065686471
NA;NA;NA;0.066302235;NA;0;NA;NA;NA;0
NA;NA;NA;1.327119561;NA;0;NA;NA;NA;0
NA;NA;NA;2.03221937;NA;1.036590341;NA;NA;NA;1.536053537
NA;NA;NA;18.31327926;NA;11.22661384;NA;NA;NA;15.57073767
NA;NA;NA;0.447442134;NA;0;NA;NA;NA;0
NA;NA;NA;10.15094138;NA;4.413156086;NA;NA;NA;9.538262858
NA;NA;NA;4.537064751;NA;0.642317287;NA;NA;NA;2.888058484
NA;NA;NA;1.330568639;NA;0;NA;NA;NA;0
NA;NA;NA;0;NA;0;NA;NA;NA;0
NA;NA;NA;0;NA;0;NA;NA;NA;0
NA;NA;NA;0;NA;0;NA;NA;NA;0
NA;NA;NA;0.160084255;NA;0;NA;NA;NA;0
NA;NA;NA;0;NA;0;NA;NA;NA;0
NA;NA;NA;0;NA;0;NA;NA;NA;0
NA;NA;NA;0.554570716;NA;0;NA;NA;NA;0
NA;NA;NA;0;NA;0;NA;NA;NA;0
NA;NA;NA;5.099357935;NA;2.14989022;NA;NA;NA;3.886722516
NA;NA;NA;1.02541075;NA;0;NA;NA;NA;0
NA;NA;NA;2.18691796;NA;0.140239879;NA;NA;NA;0.836154425
NA;NA;NA;11.26484255;NA;2.173773713;NA;NA;NA;7.949647554
NA;NA;NA;1.225705383;NA;0.488414603;NA;NA;NA;0.509205106
NA;NA;NA;0;NA;0.083503271;NA;NA;NA;0
NA;NA;NA;0.950202023;NA;0.08494905;NA;NA;NA;0
NA;NA;NA;3.015826369;NA;0.759477646;NA;NA;NA;1.090306587
NA;NA;NA;0;NA;0;NA;NA;NA;0
NA;NA;NA;0.100983611;NA;0;NA;NA;NA;0.060216932
NA;NA;NA;0.100046479;NA;0.303661272;NA;NA;NA;0
NA;NA;NA;17.84870977;NA;7.373923074;NA;NA;NA;14.5861614
NA;NA;NA;14.10210924;NA;7.56851234;NA;NA;NA;5.84021302
NA;NA;NA;1.351893165;NA;0;NA;NA;NA;0
NA;NA;NA;12.79527517;NA;4.893448582;NA;NA;NA;8.857273626
NA;NA;NA;10.04040771;NA;5.216499044;NA;NA;NA;7.800002923
NA;NA;NA;11.54485551;NA;5.253767181;NA;NA;NA;10.09035854
NA;NA;NA;8.832885163;NA;3.98598825;NA;NA;NA;7.743959955
NA;NA;NA;0.772069983;NA;0;NA;NA;NA;0.093665466
NA;NA;NA;6.606430382;NA;2.551947677;NA;NA;NA;4.506937774
NA;NA;NA;0.634790217;NA;0.258130556;NA;NA;NA;0.643516514
NA;NA;NA;0;NA;0;NA;NA;NA;0.077323815
NA;NA;NA;0.254711313;NA;0;NA;NA;NA;0
NA;NA;NA;0;NA;0;NA;NA;NA;0.077145727
NA;NA;NA;10.32221271;NA;2.195599459;NA;NA;NA;4.896953921
NA;NA;NA;1.884219033;NA;0;NA;NA;NA;0.069130509
NA;NA;NA;14.33703448;NA;3.667881946;NA;NA;NA;6.262704251
NA;NA;NA;15.34733867;NA;4.804297239;NA;NA;NA;8.266411784
NA;NA;NA;4.243843713;NA;3.437948231;NA;NA;NA;4.582592825
NA;NA;NA;0;NA;0;NA;NA;NA;0.184413534
NA;NA;NA;0.812359168;NA;0;NA;NA;NA;0.215815105
NA;NA;NA;30.87466994;NA;16.67236826;NA;NA;NA;25.57680174
NA;NA;NA;3.157428236;NA;0.49768155;NA;NA;NA;4.854711237
NA;NA;NA;11.91147877;NA;3.100709383;NA;NA;NA;10.41600768
NA;NA;NA;0.452367101;NA;0;NA;NA;NA;0
NA;NA;NA;0.124695517;NA;0;NA;NA;NA;0
NA;NA;NA;0.346597007;NA;0;NA;NA;NA;0
NA;NA;NA;1.049552756;NA;0.578004428;NA;NA;NA;0.678583324
NA;NA;NA;7.081507321;NA;3.073109746;NA;NA;NA;3.261852297
NA;NA;NA;7.952131963;NA;2.86813638;NA;NA;NA;5.712020604
NA;NA;NA;0.282244264;NA;0;NA;NA;NA;0
NA;NA;NA;0.310181493;NA;0;NA;NA;NA;0
NA;NA;NA;0.280300236;NA;0;NA;NA;NA;0
NA;NA;NA;0.233396685;NA;0;NA;NA;NA;0
NA;NA;NA;0.331115759;NA;0.092078356;NA;NA;NA;0.239843807
NA;NA;NA;0.528936577;NA;0;NA;NA;NA;0.0594668
NA;NA;NA;0;NA;0;NA;NA;NA;0
NA;NA;NA;0;NA;0;NA;NA;NA;0
NA;NA;NA;0.094580099;NA;0;NA;NA;NA;0
NA;NA;NA;0;NA;0.055556754;NA;NA;NA;0
NA;NA;NA;0.075142282;NA;0;NA;NA;NA;0
NA;NA;NA;0.459513241;NA;0;NA;NA;NA;0.386059427
NA;NA;NA;0;NA;1.3812835;NA;NA;NA;0
NA;NA;NA;0;NA;0;NA;NA;NA;0
NA;NA;NA;0;NA;0;NA;NA;NA;0
NA;NA;NA;13.94962549;NA;6.407025192;NA;NA;NA;9.435760112
NA;NA;NA;5.044115539;NA;1.774506681;NA;NA;NA;5.308065788
NA;NA;NA;2.021373838;NA;0.336796258;NA;NA;NA;1.166247828
NA;NA;NA;1.319526511;NA;0;NA;NA;NA;0
NA;NA;NA;3.510128522;NA;1.329204575;NA;NA;NA;0.530308657
NA;NA;NA;1.153364695;NA;0.145603523;NA;NA;NA;0.419365279
NA;NA;NA;0;NA;0;NA;NA;NA;0
NA;NA;NA;0.285520524;NA;0.094299169;NA;NA;NA;0
NA;NA;NA;0;NA;0;NA;NA;NA;0
NA;NA;NA;9.709321009;NA;4.563822035;NA;NA;NA;3.972893005
NA;NA;NA;19.2122216;NA;23.64360093;NA;NA;NA;15.0314392
NA;NA;NA;0.0756561;NA;0;NA;NA;NA;0
NA;NA;NA;0.500000311;NA;0;NA;NA;NA;0.575467816
NA;NA;NA;NA;NA;0;NA;NA;NA;3.193887119
NA;NA;NA;NA;NA;0;NA;NA;NA;0
NA;NA;NA;NA;NA;0.758109274;NA;NA;NA;2.845336412
NA;NA;NA;NA;NA;0.653173012;NA;NA;NA;6.696429245
NA;NA;NA;NA;NA;0;NA;NA;NA;2.602036516
NA;NA;NA;NA;NA;0;NA;NA;NA;0.068095022
NA;NA;NA;NA;NA;0;NA;NA;NA;0.49808468
NA;NA;NA;NA;NA;0;NA;NA;NA;3.413879635
NA;NA;NA;NA;NA;0;NA;NA;NA;0
NA;NA;NA;NA;NA;0;NA;NA;NA;0
NA;NA;NA;NA;NA;0;NA;NA;NA;0
NA;NA;NA;NA;NA;0;NA;NA;NA;0
NA;NA;NA;NA;NA;0;NA;NA;NA;0
NA;NA;NA;NA;NA;0;NA;NA;NA;0
NA;NA;NA;NA;NA;0;NA;NA;NA;0
NA;NA;NA;0.1;NA;0;NA;NA;NA;0
NA;NA;NA;2.7981919;NA;0;NA;NA;NA;1.4921574
NA;NA;NA;4.7018105;NA;0;NA;NA;NA;2.49184
NA;NA;NA;8.5386436;NA;0;NA;NA;NA;7.4346851
NA;NA;NA;0;NA;0;NA;NA;NA;0
NA;NA;NA;2.34715191;NA;0;NA;NA;NA;0.763194144
NA;NA;NA;8.072945547;NA;1.426109816;NA;NA;NA;7.466995232
NA;NA;NA;1.037468005;NA;0;NA;NA;NA;0.598193004
NA;NA;NA;0;NA;0;NA;NA;NA;0
NA;NA;NA;0;NA;0;NA;NA;NA;0
NA;NA;NA;39.1895014;NA;39.82209661;NA;NA;NA;39.724517
NA;NA;NA;17.10262995;NA;6.622216096;NA;NA;NA;12.92131324
NA;NA;NA;0.789954601;NA;0;NA;NA;NA;0
NA;NA;NA;0;NA;9.463536;NA;NA;NA;0
NA;NA;NA;0;NA;0;NA;NA;NA;0
NA;NA;NA;0;NA;0;NA;NA;NA;2.181775
NA;NA;NA;0;NA;0;NA;NA;NA;0
NA;NA;NA;0;NA;0;NA;NA;NA;0
NA;NA;NA;0;NA;0;NA;NA;NA;0
NA;NA;NA;0;NA;0;NA;NA;NA;0
NA;NA;NA;0.5457919;NA;0;NA;NA;NA;3.734995
NA;NA;NA;0.0759276;NA;0;NA;NA;NA;0.459213
NA;NA;NA;5.0376484;NA;20.121899;NA;NA;NA;11.933067
NA;NA;NA;0.5987331;NA;0;NA;NA;NA;0.336487
NA;NA;NA;7.043894;NA;1.6679589;NA;NA;NA;4.233457
NA;NA;NA;6.6766542;NA;5.0243254;NA;NA;NA;7.3528097
NA;NA;NA;1.8779178;NA;0.2169354;NA;NA;NA;0.2847864
NA;NA;NA;21.228598;NA;13.0148582;NA;NA;NA;14.1528062
NA;NA;NA;0;NA;0;NA;NA;NA;0
NA;NA;NA;2.815748;NA;1.9767042;NA;NA;NA;2.1556203
NA;NA;NA;1.0431681;NA;0;NA;NA;NA;0.4074712
NA;NA;NA;5.0705887;NA;3.781202;NA;NA;NA;5.5204667
NA;NA;NA;18.10968409;NA;15.63458434;NA;NA;NA;17.553017
NA;NA;NA;9.112309304;NA;2.41822872;NA;NA;NA;5.734093183
NA;NA;NA;0.4870596;NA;0.4285822;NA;NA;NA;0.5472537
NA;NA;NA;0;NA;0;NA;NA;NA;0
NA;NA;NA;2.373575;NA;1.672173;NA;NA;NA;3.0488379
NA;NA;NA;2.2923084;NA;0.219094;NA;NA;NA;1.773631
NA;NA;NA;0;NA;0;NA;NA;NA;0
NA;NA;NA;9.636922602;NA;4.779145404;NA;NA;NA;5.320893002
NA;NA;NA;0;NA;0;NA;NA;NA;0.322478004
NA;NA;NA;9.584529846;NA;2.262755582;NA;NA;NA;4.948777779
NA;NA;NA;14.0343053;NA;6.806161199;NA;NA;NA;9.987134645
NA;NA;NA;1.549248455;NA;0.393623765;NA;NA;NA;0.456714026
NA;NA;NA;2.634027944;NA;0.082354021;NA;NA;NA;3.63639805
NA;NA;NA;0;NA;0;NA;NA;NA;0
NA;NA;NA;0;NA;0;NA;NA;NA;0
NA;NA;NA;0;NA;0;NA;NA;NA;0
NA;NA;NA;0;NA;0;NA;NA;NA;0
NA;NA;NA;5.286246;NA;0.0586631;NA;NA;NA;2.31253
NA;NA;NA;0;NA;0;NA;NA;NA;0
NA;NA;NA;0;NA;0;NA;NA;NA;0
NA;NA;NA;0;NA;0;NA;NA;NA;0
NA;NA;NA;0;NA;0;NA;NA;NA;0
NA;NA;NA;0;NA;0;NA;NA;NA;0
NA;NA;NA;0;NA;0;NA;NA;NA;0
NA;NA;NA;0;NA;0;NA;NA;NA;0
NA;NA;NA;0;NA;0;NA;NA;NA;0
NA;NA;NA;0;NA;0;NA;NA;NA;0
NA;NA;NA;0;NA;0;NA;NA;NA;0
NA;NA;NA;6.9744787;NA;4.344111;NA;NA;NA;6.4453025
NA;NA;NA;0.0701357;NA;0;NA;NA;NA;0
NA;NA;NA;7.881989509;NA;2.398742606;NA;NA;NA;8.280471012
NA;NA;NA;0;NA;0.061028721;NA;NA;NA;0
NA;NA;NA;0.11629;NA;0.2038949;NA;NA;NA;0
NA;NA;NA;0.142443026;NA;0.205748602;NA;NA;NA;0
NA;NA;NA;2.123494926;NA;0;NA;NA;NA;0.303371138
NA;NA;NA;0.05437057;NA;0;NA;NA;NA;0
NA;NA;NA;2.527679794;NA;0.142927036;NA;NA;NA;1.220034143
NA;NA;NA;0;NA;0;NA;NA;NA;0
NA;NA;NA;0;NA;0;NA;NA;NA;0
NA;NA;NA;0;NA;0;NA;NA;NA;0
NA;NA;NA;0;NA;0;NA;NA;NA;0
NA;NA;NA;0;NA;0;NA;NA;NA;0
NA;NA;NA;0;NA;0;NA;NA;NA;0
NA;NA;NA;0;NA;0;NA;NA;NA;0
NA;NA;NA;3.018100002;NA;0.494001401;NA;NA;NA;1.486284801
NA;NA;NA;0;NA;0;NA;NA;NA;0
NA;NA;NA;0;NA;0;NA;NA;NA;0
NA;NA;NA;1.390780298;NA;0.509812489;NA;NA;NA;0.451131714
NA;NA;NA;0;NA;0;NA;NA;NA;0
NA;NA;NA;0;NA;0;NA;NA;NA;0
NA;NA;NA;0;NA;0;NA;NA;NA;0
NA;NA;NA;0;NA;0;NA;NA;NA;0
NA;NA;NA;0;NA;0;NA;NA;NA;0
NA;NA;NA;0;NA;0;NA;NA;NA;0
NA;NA;NA;0;NA;0;NA;NA;NA;0
NA;NA;NA;0;NA;0;NA;NA;NA;0
NA;NA;NA;0;NA;0;NA;NA;NA;0.078551199
NA;NA;NA;0;NA;0.118143953;NA;NA;NA;0.062351136
NA;NA;NA;0;NA;0.088397732;NA;NA;NA;0.069924147
NA;NA;NA;2.340752339;NA;1.321886768;NA;NA;NA;1.524292915
NA;NA;NA;18.34985888;NA;8.404298002;NA;NA;NA;14.32730461
NA;NA;NA;11.49391148;NA;5.020143079;NA;NA;NA;8.864579484
NA;NA;NA;0.898082745;NA;0;NA;NA;NA;0.103242132
NA;NA;NA;21.21875965;NA;8.234933342;NA;NA;NA;13.5803258
NA;NA;NA;7.654773614;NA;1.490225264;NA;NA;NA;5.384107362
NA;NA;NA;16.11777087;NA;9.126761517;NA;NA;NA;11.91427197
NA;NA;NA;2.992344984;NA;0;NA;NA;NA;0.389455223
NA;NA;NA;5.50391666;NA;0.131557231;NA;NA;NA;1.318283393
NA;NA;NA;5.484353685;NA;0.341605321;NA;NA;NA;1.43890101
NA;NA;NA;1.915391635;NA;0;NA;NA;NA;0.185308327
NA;NA;NA;5.102615749;NA;1.228801788;NA;NA;NA;2.95597606
NA;NA;NA;0.259036485;NA;0.901459982;NA;NA;NA;1.931104536
NA;NA;NA;0;NA;0;NA;NA;NA;0
NA;NA;NA;0;NA;0;NA;NA;NA;0.35517715
NA;NA;NA;9.196353214;NA;5.939422804;NA;NA;NA;6.843233535
NA;NA;NA;2.775581849;NA;0.522656018;NA;NA;NA;1.586187303
NA;NA;NA;9.54790578;NA;4.914622346;NA;NA;NA;7.935343213
NA;NA;NA;4.928084106;NA;0.208234962;NA;NA;NA;3.829296725
NA;NA;NA;0;NA;0;NA;NA;NA;0.128675496
NA;NA;NA;0.438474678;NA;0;NA;NA;NA;0.115342054
NA;NA;NA;0.257978446;NA;0;NA;NA;NA;0.146168358
NA;NA;NA;0.60749609;NA;0;NA;NA;NA;0
NA;NA;NA;0.460926761;NA;0;NA;NA;NA;0
NA;NA;NA;7.776645179;NA;2.525000301;NA;NA;NA;5.260087214
NA;NA;NA;8.566519157;NA;9.810176333;NA;NA;NA;7.099043465
NA;NA;NA;0.346593893;NA;0;NA;NA;NA;0.269022485
NA;NA;NA;0.792841162;NA;0;NA;NA;NA;0
NA;NA;NA;0.416853968;NA;0;NA;NA;NA;0
NA;NA;NA;10.05533399;NA;0.472464698;NA;NA;NA;3.712855657
NA;NA;NA;5.215670617;NA;2.096777117;NA;NA;NA;3.950950648
NA;NA;NA;0.469444025;NA;0;NA;NA;NA;0
NA;NA;NA;0;NA;0;NA;NA;NA;0
NA;NA;NA;0;NA;0;NA;NA;NA;0
NA;NA;NA;0.523081892;NA;0;NA;NA;NA;0.114502043
NA;NA;NA;22.50443264;NA;9.863791991;NA;NA;NA;15.89526227
NA;NA;NA;12.48143493;NA;6.216499764;NA;NA;NA;6.460446131
NA;NA;NA;1.297679461;NA;0;NA;NA;NA;0.265565045
NA;NA;NA;2.134498463;NA;0;NA;NA;NA;0
NA;NA;NA;6.721181561;NA;1.590019631;NA;NA;NA;5.35833572
NA;NA;NA;6.98281697;NA;1.090618948;NA;NA;NA;3.464798968
NA;NA;NA;0;NA;0;NA;NA;NA;0
NA;NA;NA;0.269014688;NA;0;NA;NA;NA;0
NA;NA;NA;0;NA;0;NA;NA;NA;0
NA;NA;NA;1.826238994;NA;0;NA;NA;NA;0
NA;NA;NA;9.670482039;NA;0.523239418;NA;NA;NA;10.19025591
NA;NA;NA;15.95703911;NA;5.855693725;NA;NA;NA;10.19522752
NA;NA;NA;2.466506049;NA;0;NA;NA;NA;0.420648905
NA;NA;NA;3.271790662;NA;0;NA;NA;NA;0.553779048
NA;NA;NA;1.568674228;NA;0;NA;NA;NA;0.142547247
NA;NA;NA;4.480738045;NA;1.050800252;NA;NA;NA;1.527991125
NA;NA;NA;0.323587088;NA;0;NA;NA;NA;0
NA;NA;NA;0.406798804;NA;0;NA;NA;NA;0
NA;NA;NA;0.562186459;NA;0;NA;NA;NA;0.210767445
NA;NA;NA;0;NA;0;NA;NA;NA;0
NA;NA;NA;2.583819495;NA;0.129562735;NA;NA;NA;0.35687269
NA;NA;NA;0;NA;0;NA;NA;NA;0.113246705
NA;NA;NA;0;NA;0;NA;NA;NA;0
NA;NA;NA;0;NA;0;NA;NA;NA;0
NA;NA;NA;13.16288742;NA;13.5521821;NA;NA;NA;17.52762449
NA;NA;NA;0;NA;0.526502768;NA;NA;NA;0.201561706
NA;NA;NA;0;NA;3.971851638;NA;NA;NA;0.161994435
NA;NA;NA;2.671141987;NA;0;NA;NA;NA;0
NA;NA;NA;21.31629065;NA;5.566435837;NA;NA;NA;16.61076372
NA;NA;NA;1.436963782;NA;2.841156319;NA;NA;NA;5.89344896
NA;NA;NA;0.429334364;NA;0.586895296;NA;NA;NA;1.556707058
NA;NA;NA;0;NA;3.66252158;NA;NA;NA;0.20903554
NA;NA;NA;0;NA;2.72575468;NA;NA;NA;0.108185093
NA;NA;NA;NA;NA;11.75650418;NA;NA;NA;0
NA;NA;NA;NA;NA;0;NA;NA;NA;0.264059292
NA;NA;NA;0.3760543;NA;0;NA;NA;NA;0.080495184
NA;NA;NA;0.229137008;NA;4.409014948;NA;NA;NA;0.784403099
NA;NA;NA;NA;NA;0;NA;NA;NA;0.878205381
NA;NA;NA;NA;NA;0;NA;NA;NA;0.153853903
NA;NA;NA;NA;NA;0;NA;NA;NA;0.647430183
NA;NA;NA;NA;NA;0;NA;NA;NA;0.990315672
NA;NA;NA;NA;NA;0;NA;NA;NA;0.329125763
NA;NA;NA;NA;NA;0;NA;NA;NA;0
NA;NA;NA;NA;NA;0;NA;NA;NA;1.444333361
NA;NA;NA;NA;NA;0;NA;NA;NA;1.109253478
NA;NA;NA;NA;NA;0;NA;NA;NA;0.759737434
NA;NA;NA;NA;NA;0;NA;NA;NA;7.162833205
NA;NA;NA;NA;NA;0;NA;NA;NA;0.36209435
NA;NA;NA;NA;NA;0;NA;NA;NA;0
NA;NA;NA;NA;NA;0;NA;NA;NA;0
NA;NA;NA;NA;NA;0;NA;NA;NA;0
NA;NA;NA;NA;NA;0;NA;NA;NA;0
NA;NA;NA;NA;NA;0;NA;NA;NA;0.178860473
NA;NA;NA;NA;NA;0;NA;NA;NA;0.102306504
NA;NA;NA;NA;NA;0;NA;NA;NA;0.914106618
NA;NA;NA;NA;NA;0;NA;NA;NA;0.154696189
NA;NA;NA;NA;NA;NA;NA;NA;NA;0.423684952
NA;NA;NA;NA;NA;NA;NA;NA;NA;0.50747089
NA;NA;NA;NA;NA;NA;NA;NA;NA;0.104362367
NA;NA;NA;NA;NA;NA;NA;NA;NA;1.009729764
NA;NA;NA;NA;NA;NA;NA;NA;NA;3.516440061
NA;NA;NA;NA;NA;NA;NA;NA;NA;0
NA;NA;NA;NA;NA;NA;NA;NA;NA;0
NA;NA;NA;NA;NA;NA;NA;NA;NA;0
NA;NA;NA;NA;NA;NA;NA;NA;NA;0
NA;NA;NA;NA;NA;NA;NA;NA;NA;0
NA;NA;NA;NA;NA;NA;NA;NA;NA;0
NA;NA;NA;0.24386275;NA;NA;NA;NA;NA;0
NA;NA;NA;0;NA;NA;NA;NA;NA;0.133644075
NA;NA;NA;1.101363918;NA;NA;NA;NA;NA;0.142258299
NA;NA;NA;8.538029316;NA;NA;NA;NA;NA;7.802138433
NA;NA;NA;0;NA;NA;NA;NA;NA;0.177811359
NA;NA;NA;0.142742514;NA;NA;NA;NA;NA;0
NA;NA;NA;NA;NA;NA;NA;NA;NA;0
NA;NA;NA;NA;NA;NA;NA;NA;NA;0
NA;NA;NA;NA;NA;NA;NA;NA;NA;0.202196333
NA;NA;NA;0;NA;NA;NA;NA;NA;0
NA;NA;NA;0;NA;NA;NA;NA;NA;0.1229257
NA;NA;NA;1.836289545;NA;NA;NA;NA;NA;1.988314548
NA;NA;NA;0;NA;NA;NA;NA;NA;0.204315706
NA;NA;NA;0.117330624;NA;NA;NA;NA;NA;0.071482611
NA;NA;NA;0;NA;NA;NA;NA;NA;0
NA;NA;NA;0;NA;2.251986394;NA;NA;NA;0.098625591
NA;NA;NA;0;NA;0;NA;NA;NA;0
NA;NA;NA;0;NA;0;NA;NA;NA;0
NA;NA;NA;1.517111479;NA;0.586649736;NA;NA;NA;1.340443365
NA;NA;NA;NA;NA;0.278805429;NA;NA;NA;0.198101245
NA;NA;NA;NA;NA;0.058521524;NA;NA;NA;0.44492824
NA;NA;NA;NA;NA;NA;NA;NA;NA;0
NA;NA;NA;0;NA;NA;NA;NA;NA;0.157054171
NA;NA;NA;0;NA;NA;NA;NA;NA;0
NA;NA;NA;0;NA;NA;NA;NA;NA;0
NA;NA;NA;0;NA;NA;NA;NA;NA;0
NA;NA;NA;0;NA;NA;NA;NA;NA;0
NA;NA;NA;0;NA;NA;NA;NA;NA;0
NA;NA;NA;0;NA;NA;NA;NA;NA;1.194498377
NA;NA;NA;0.122542611;NA;NA;NA;NA;NA;0
NA;NA;NA;0.164657214;NA;0;NA;NA;NA;0
NA;NA;NA;0;NA;0;NA;NA;NA;0
NA;NA;NA;0;NA;0;NA;NA;NA;0
NA;NA;NA;0;NA;0;NA;NA;NA;0
NA;NA;NA;1.861616041;NA;0.707564313;NA;NA;NA;1.470761768
NA;NA;NA;0;NA;0;NA;NA;NA;0
NA;NA;NA;9.032078071;NA;4.0768222;NA;NA;NA;8.526338932
NA;NA;NA;0.255842058;NA;0;NA;NA;NA;0.082946333
NA;NA;NA;0.073233473;NA;0;NA;NA;NA;0.111724624
NA;NA;NA;0.224362459;NA;0;NA;NA;NA;0
NA;NA;NA;0;NA;0;NA;NA;NA;0
NA;NA;NA;0;NA;0;NA;NA;NA;0
NA;NA;NA;0;NA;0;NA;NA;NA;0
NA;NA;NA;0;NA;0;NA;NA;NA;0
NA;NA;NA;0.649806488;NA;0;NA;NA;NA;0.144081742
NA;NA;NA;0;NA;0;NA;NA;NA;0
NA;NA;NA;0;NA;0;NA;NA;NA;0
NA;NA;NA;0;NA;0;NA;NA;NA;0
NA;NA;NA;0;NA;0;NA;NA;NA;0
NA;NA;NA;0;NA;0;NA;NA;NA;0
NA;NA;NA;0;NA;0;NA;NA;NA;0
NA;NA;NA;0.161138275;NA;0;NA;NA;NA;0
NA;NA;NA;0;NA;0;NA;NA;NA;0
NA;NA;NA;0;NA;0;NA;NA;NA;0
NA;NA;NA;0.076616366;NA;0;NA;NA;NA;0
NA;NA;NA;13.44778017;NA;3.365622919;NA;NA;NA;6.909382534
NA;NA;NA;4.213907395;NA;0.554694995;NA;NA;NA;2.05063951
NA;NA;NA;0.122974993;NA;0;NA;NA;NA;0
NA;NA;NA;2.670190316;NA;0.083512562;NA;NA;NA;0.608198498
NA;NA;NA;8.83548839;NA;0.487312508;NA;NA;NA;9.596438122
NA;NA;NA;2.310397598;NA;0.309446423;NA;NA;NA;1.162993378
NA;NA;NA;0;NA;0;NA;NA;NA;0
NA;NA;NA;0;NA;0;NA;NA;NA;0
NA;NA;NA;0;NA;0;NA;NA;NA;0
NA;NA;NA;6.136740268;NA;1.173185008;NA;NA;NA;3.451697002
NA;NA;NA;5.171352101;NA;0.369722445;NA;NA;NA;2.586382266
NA;NA;NA;0.731657562;NA;0.276480926;NA;NA;NA;0.905230362
NA;NA;NA;0.096646005;NA;0;NA;NA;NA;0
NA;NA;NA;0.488356389;NA;0.311272951;NA;NA;NA;0
NA;NA;NA;0.257580473;NA;0.192588839;NA;NA;NA;0.096458574
NA;NA;NA;0;NA;0;NA;NA;NA;0
NA;NA;NA;0;NA;0;NA;NA;NA;0
NA;NA;NA;0.114033366;NA;0;NA;NA;NA;0
NA;NA;NA;1.965092165;NA;0;NA;NA;NA;0
NA;NA;NA;0;NA;0.242794013;NA;NA;NA;0
NA;NA;NA;1.812301241;NA;0.414512061;NA;NA;NA;0.405128419
NA;NA;NA;19.41745286;NA;8.337352845;NA;NA;NA;17.64673784
NA;NA;NA;18.44530732;NA;3.59965542;NA;NA;NA;9.697075426
NA;NA;NA;0.352894594;NA;0;NA;NA;NA;0.087316367
NA;NA;NA;0;NA;0;NA;NA;NA;0
NA;NA;NA;0.846208871;NA;0;NA;NA;NA;0
NA;NA;NA;4.770092876;NA;0;NA;NA;NA;0.949670533
NA;NA;NA;0;NA;0;NA;NA;NA;0
NA;NA;NA;0.06283701;NA;0;NA;NA;NA;0
NA;NA;NA;1.039516212;NA;0;NA;NA;NA;0.105612659
NA;NA;NA;3.858056254;NA;0;NA;NA;NA;0.203328727
NA;NA;NA;13.628943;NA;0;NA;NA;NA;5.686591437
NA;NA;NA;7.684218065;NA;0;NA;NA;NA;2.949765251
NA;NA;NA;0.264146111;NA;0;NA;NA;NA;0
NA;NA;NA;0.115055962;NA;0;NA;NA;NA;0
NA;NA;NA;0.486637549;NA;0;NA;NA;NA;0
NA;NA;NA;0;NA;0;NA;NA;NA;0
NA;NA;NA;0;NA;0;NA;NA;NA;0
NA;NA;NA;0;NA;0;NA;NA;NA;0
NA;NA;NA;0;NA;0;NA;NA;NA;0
NA;NA;NA;0;NA;0;NA;NA;NA;0.061169554
NA;NA;NA;0;NA;0;NA;NA;NA;0.45104857
NA;NA;NA;0;NA;0;NA;NA;NA;0
NA;NA;NA;0;NA;0;NA;NA;NA;0
NA;NA;NA;0;NA;0;NA;NA;NA;0
NA;NA;NA;16.67775293;NA;0;NA;NA;NA;11.64510928
NA;NA;NA;27.6722489;NA;6.061311898;NA;NA;NA;34.76353417
NA;NA;NA;6.806262834;NA;0;NA;NA;NA;2.298713836
NA;NA;NA;0.408458729;NA;0;NA;NA;NA;0.783702796
NA;NA;NA;0;NA;0;NA;NA;NA;0
NA;NA;NA;1.516052372;NA;0;NA;NA;NA;0.671647785
NA;NA;NA;62.69356642;NA;19.32318548;NA;NA;NA;38.89659807
NA;NA;NA;36.5030539;NA;NA;NA;NA;NA;30.64643789
NA;NA;NA;0;NA;NA;NA;NA;NA;0
NA;NA;NA;1.490272603;NA;NA;NA;NA;NA;0.159163496
NA;NA;NA;1.439596306;NA;NA;NA;NA;NA;0.218657159
NA;NA;NA;14.39278734;NA;NA;NA;NA;NA;8.856363425
NA;NA;NA;28.24985924;NA;NA;NA;NA;NA;5.499319397
NA;NA;NA;28.57432559;NA;0;NA;NA;NA;6.441044877
NA;NA;NA;10.30993588;NA;0;NA;NA;NA;2.057086442
NA;NA;NA;4.007048806;NA;0;NA;NA;NA;0.322354342
NA;NA;NA;6.818238751;NA;0;NA;NA;NA;3.545901361
NA;NA;NA;1.37170385;NA;0;NA;NA;NA;0
NA;NA;NA;0;NA;0;NA;NA;NA;0
NA;NA;NA;0;NA;0;NA;NA;NA;0
NA;NA;NA;0.312370293;NA;0;NA;NA;NA;0
NA;NA;NA;0.607810656;NA;0;NA;NA;NA;0
NA;NA;NA;0.509201789;NA;0;NA;NA;NA;0
NA;NA;NA;0.295142641;NA;0;NA;NA;NA;0
NA;NA;NA;0.086484122;NA;0;NA;NA;NA;0
NA;NA;NA;0;NA;0;NA;NA;NA;0
NA;NA;NA;3.371961002;NA;0;NA;NA;NA;3.869761376
NA;NA;NA;0;NA;0;NA;NA;NA;0
NA;NA;NA;1.649861045;NA;0;NA;NA;NA;0
NA;NA;NA;1.126529347;NA;0;NA;NA;NA;0
NA;NA;NA;1.916913129;NA;0;NA;NA;NA;0.18930387
NA;NA;NA;0;NA;0;NA;NA;NA;0.984328295
NA;NA;NA;0;NA;0;NA;NA;NA;0
NA;NA;NA;0.381680888;NA;0;NA;NA;NA;0
NA;NA;NA;3.333318641;NA;1.938563559;NA;NA;NA;1.93750481
NA;NA;NA;17.90437757;NA;18.98647654;NA;NA;NA;13.45626227
NA;NA;NA;16.7097925;NA;4.580971479;NA;NA;NA;6.988874987
NA;NA;NA;20.80337185;NA;6.407198498;NA;NA;NA;17.85953731
NA;NA;NA;4.219522557;NA;0.928784596;NA;NA;NA;1.493290107
NA;NA;NA;6.057912589;NA;0.26505309;NA;NA;NA;2.322986193
NA;NA;NA;0.264619524;NA;0;NA;NA;NA;0.232176577
NA;NA;NA;0.090374594;NA;0;NA;NA;NA;0.059787222
NA;NA;NA;2.111736781;NA;0;NA;NA;NA;0.962988349
NA;NA;NA;0;NA;0;NA;NA;NA;0
NA;NA;NA;1.823887237;NA;0;NA;NA;NA;0.289420763
NA;NA;NA;1.522463857;NA;0;NA;NA;NA;1.200426107
NA;NA;NA;0.724642761;NA;0;NA;NA;NA;0.319974139
NA;NA;NA;0.73506799;NA;0;NA;NA;NA;0.988882427
NA;NA;NA;12.98270821;NA;11.40008258;NA;NA;NA;13.37730185
NA;NA;NA;15.346487;NA;5.733436806;NA;NA;NA;8.678097739
NA;NA;NA;0.119267389;NA;0;NA;NA;NA;0
NA;NA;NA;0;NA;0;NA;NA;NA;0
NA;NA;NA;0.106787004;NA;0;NA;NA;NA;0
NA;NA;NA;10.80002041;NA;5.575182657;NA;NA;NA;8.266567512
NA;NA;NA;16.90018669;NA;11.6663592;NA;NA;NA;12.57082312
NA;NA;NA;15.40325162;NA;21.28068485;NA;NA;NA;16.35017562
NA;NA;NA;27.2628263;NA;26.35840644;NA;NA;NA;24.93180777
NA;NA;NA;0.511146064;NA;0.883748794;NA;NA;NA;1.86425587
NA;NA;NA;0;NA;0;NA;NA;NA;0.103851011
NA;NA;NA;0;NA;0;NA;NA;NA;0
NA;NA;NA;0.070135701;NA;3.980883112;NA;NA;NA;0.866084908
NA;NA;NA;0.1472399;NA;0;NA;NA;NA;0.4563591
NA;NA;NA;0.3942082;NA;0;NA;NA;NA;0.2404591
NA;NA;NA;0.898642001;NA;0;NA;NA;NA;0.754850601
NA;NA;NA;0;NA;0;NA;NA;NA;0
NA;NA;NA;0;NA;0;NA;NA;NA;0
NA;NA;NA;0;NA;0;NA;NA;NA;0
NA;NA;NA;0;NA;0;NA;NA;NA;0
NA;NA;NA;0;NA;0;NA;NA;NA;0
NA;NA;NA;0;NA;0;NA;NA;NA;0
NA;NA;NA;0;NA;0;NA;NA;NA;0
NA;NA;NA;0;NA;0;NA;NA;NA;0.994580073
NA;NA;NA;0;NA;0;NA;NA;NA;0
NA;NA;NA;0;NA;0;NA;NA;NA;0
NA;NA;NA;0;NA;0;NA;NA;NA;0.408366627
NA;NA;NA;0;NA;0;NA;NA;NA;0
NA;NA;NA;0;NA;0;NA;NA;NA;0
NA;NA;NA;0;NA;0;NA;NA;NA;0
NA;NA;NA;0;NA;0;NA;NA;NA;0
NA;NA;NA;0.2584615;NA;3.1463416;NA;NA;NA;1.17295
NA;NA;NA;0.5650677;NA;0;NA;NA;NA;0.4077481
NA;NA;NA;7.857557421;NA;1.153445816;NA;NA;NA;3.937643413
NA;NA;NA;4.439993929;NA;1.140733276;NA;NA;NA;5.133353594
NA;NA;NA;0;NA;0;NA;NA;NA;0
NA;NA;NA;0;NA;0;NA;NA;NA;0
NA;NA;NA;0;NA;0;NA;NA;NA;0
NA;NA;NA;0;NA;0;NA;NA;NA;0
NA;NA;NA;0;NA;0;NA;NA;NA;0
NA;NA;NA;19.38896021;NA;8.128247222;NA;NA;NA;15.39792021
NA;NA;NA;0.290950005;NA;0.420086135;NA;NA;NA;1.316772026
NA;NA;NA;1.3356546;NA;1.559990102;NA;NA;NA;2.360150201
NA;NA;NA;7.553122014;NA;4.919170331;NA;NA;NA;5.478144213
NA;NA;NA;2.414842;NA;1.560893;NA;NA;NA;3.110188
NA;NA;NA;0;NA;0;NA;NA;NA;0
NA;NA;NA;0;NA;0;NA;NA;NA;0
NA;NA;NA;0;NA;0;NA;NA;NA;0
NA;NA;NA;0;NA;0;NA;NA;NA;0
NA;NA;NA;3.356743;NA;1.2761835;NA;NA;NA;1.2203009
NA;NA;NA;0.585159;NA;0;NA;NA;NA;0
NA;NA;NA;0;NA;0;NA;NA;NA;0
NA;NA;NA;0;NA;0;NA;NA;NA;0
NA;NA;NA;10.140635;NA;3.2645496;NA;NA;NA;4.5996477
NA;NA;NA;1.273303;NA;2.812595;NA;NA;NA;3.1614076
NA;NA;NA;0;NA;0;NA;NA;NA;0
NA;NA;NA;0;NA;0;NA;NA;NA;0
NA;NA;NA;0;NA;0;NA;NA;NA;0
NA;NA;NA;6.599549;NA;3.173244;NA;NA;NA;4.340863
NA;NA;NA;0.6692317;NA;0.4900691;NA;NA;NA;1.068742
NA;NA;NA;4.5484174;NA;0.3420483;NA;NA;NA;2.6593996
NA;NA;NA;1.2688698;NA;0.8428403;NA;NA;NA;0.6538649
NA;NA;NA;3.7111302;NA;1.9251307;NA;NA;NA;0.1477275
NA;NA;NA;0;NA;0;NA;NA;NA;0
NA;NA;NA;9.688868029;NA;5.334571076;NA;NA;NA;6.959727427
NA;NA;NA;8.366970786;NA;6.790142401;NA;NA;NA;9.328930704
NA;NA;NA;0;NA;0;NA;NA;NA;0.644956001
NA;NA;NA;0;NA;0;NA;NA;NA;0
NA;NA;NA;0;NA;0;NA;NA;NA;0
NA;NA;NA;0;NA;0;NA;NA;NA;0
NA;NA;NA;0;NA;0;NA;NA;NA;0
NA;NA;NA;0;NA;0;NA;NA;NA;0
NA;NA;NA;0;NA;0;NA;NA;NA;0
NA;NA;NA;0;NA;0;NA;NA;NA;0
NA;NA;NA;0;NA;0;NA;NA;NA;1.773630009
NA;NA;NA;0;NA;0;NA;NA;NA;0
NA;NA;NA;0;NA;0;NA;NA;NA;0
NA;NA;NA;0;NA;0;NA;NA;NA;0
NA;NA;NA;1.933032;NA;0;NA;NA;NA;4.885770001
NA;NA;NA;0;NA;0;NA;NA;NA;0.178497111
NA;NA;NA;6.557159732;NA;0.265863425;NA;NA;NA;1.606549491
NA;NA;NA;8.155964328;NA;4.20853556;NA;NA;NA;5.848628716
NA;NA;NA;0;NA;0;NA;NA;NA;0
NA;NA;NA;0.5280778;NA;0;NA;NA;NA;0
NA;NA;NA;0.061905227;NA;0;NA;NA;NA;0
NA;NA;NA;0;NA;0;NA;NA;NA;0
NA;NA;NA;0;NA;0;NA;NA;NA;0
NA;NA;NA;4.031403173;NA;2.565189653;NA;NA;NA;2.431869361
NA;NA;NA;10.33761024;NA;8.666833867;NA;NA;NA;10.72190665
NA;NA;NA;0;NA;0;NA;NA;NA;0
NA;NA;NA;3.193506704;NA;0.663675111;NA;NA;NA;1.329462957
NA;NA;NA;8.992992773;NA;4.186199537;NA;NA;NA;7.756043921
NA;NA;NA;1.61884741;NA;0.861887899;NA;NA;NA;0.989646248
NA;NA;NA;0;NA;0;NA;NA;NA;0
NA;NA;NA;4.968149214;NA;0.171104755;NA;NA;NA;1.986069686
NA;NA;NA;2.750657211;NA;1.133425775;NA;NA;NA;1.471432199
NA;NA;NA;10.94223713;NA;7.564323589;NA;NA;NA;9.610109458
NA;NA;NA;1.637754269;NA;0.240290331;NA;NA;NA;0.964867948
NA;NA;NA;1.685613138;NA;0.471868134;NA;NA;NA;0.802494247
NA;NA;NA;28.09731322;NA;14.10382138;NA;NA;NA;18.39871262
NA;NA;NA;5.544217558;NA;NA;NA;NA;NA;4.382642357
NA;NA;NA;0;NA;NA;NA;NA;NA;0.067830091
NA;NA;NA;4.339096818;NA;NA;NA;NA;NA;4.476959772
NA;NA;NA;13.96903874;NA;4.068983862;NA;NA;NA;7.309537359
NA;NA;NA;2.187035515;NA;5.49483886;NA;NA;NA;2.134478412
NA;NA;NA;NA;NA;3.899991213;NA;NA;NA;0
NA;NA;NA;NA;NA;3.894359817;NA;NA;NA;0
NA;NA;NA;NA;NA;0;NA;NA;NA;0
NA;NA;NA;NA;NA;0;NA;NA;NA;0
NA;NA;NA;NA;NA;0;NA;NA;NA;0
NA;NA;NA;NA;NA;0;NA;NA;NA;0
NA;NA;NA;NA;NA;6.630999741;NA;NA;NA;14.72733537
NA;NA;NA;NA;NA;0;NA;NA;NA;0.068303704
NA;NA;NA;NA;NA;2.136502293;NA;NA;NA;0
NA;NA;NA;NA;NA;1.664423091;NA;NA;NA;0
NA;NA;NA;NA;NA;0;NA;NA;NA;0
NA;NA;NA;NA;NA;0;NA;NA;NA;0
NA;NA;NA;NA;NA;3.482219124;NA;NA;NA;1.639554032
NA;NA;NA;NA;NA;0.663611516;NA;NA;NA;0.805382319
NA;NA;NA;NA;NA;0.067428447;NA;NA;NA;0
NA;NA;NA;NA;NA;3.462349067;NA;NA;NA;0
NA;NA;NA;NA;NA;0;NA;NA;NA;0
NA;NA;NA;NA;NA;0;NA;NA;NA;0
NA;NA;NA;NA;NA;1.250659344;NA;NA;NA;4.413124009
NA;NA;NA;NA;NA;0;NA;NA;NA;0
NA;NA;NA;NA;NA;0;NA;NA;NA;0
NA;NA;NA;NA;NA;0;NA;NA;NA;0
NA;NA;NA;NA;NA;0;NA;NA;NA;0
NA;NA;NA;NA;NA;5.97866778;NA;NA;NA;9.425952216
NA;NA;NA;NA;NA;3.861149408;NA;NA;NA;0
NA;NA;NA;0;NA;3.549456776;NA;NA;NA;0
NA;NA;NA;0;NA;0;NA;NA;NA;0
NA;NA;NA;0;NA;0;NA;NA;NA;0
NA;NA;NA;0;NA;0;NA;NA;NA;0
NA;NA;NA;0;NA;0;NA;NA;NA;0
NA;NA;NA;0;NA;0.609669533;NA;NA;NA;0
NA;NA;NA;0.105285321;NA;0;NA;NA;NA;0
NA;NA;NA;0.193913603;NA;0.101365996;NA;NA;NA;0
NA;NA;NA;1.198490674;NA;2.634734842;NA;NA;NA;1.065141441
NA;NA;NA;NA;NA;7.11721278;NA;NA;NA;0.519315088
NA;NA;NA;NA;NA;2.386885754;NA;NA;NA;0
NA;NA;NA;NA;NA;0;NA;NA;NA;0
NA;NA;NA;NA;NA;1.755127869;NA;NA;NA;0
NA;NA;NA;NA;NA;0;NA;NA;NA;0
NA;NA;NA;NA;NA;0;NA;NA;NA;0
NA;NA;NA;NA;NA;7.115271393;NA;NA;NA;2.715970609
NA;NA;NA;NA;NA;2.165606782;NA;NA;NA;5.230996345
NA;NA;NA;NA;NA;0;NA;NA;NA;0
NA;NA;NA;0;NA;1.70661038;NA;NA;NA;0
NA;NA;NA;0.567026752;NA;2.943370909;NA;NA;NA;0.128403809
NA;NA;NA;3.042041701;NA;1.219956421;NA;NA;NA;1.107751599
NA;NA;NA;5.536645193;NA;4.489508383;NA;NA;NA;1.328833907
NA;NA;NA;2.156520289;NA;0.055120434;NA;NA;NA;3.72708518
NA;NA;NA;0.139113613;NA;3.105918814;NA;NA;NA;0.260847453
NA;NA;NA;0;NA;0.091838901;NA;NA;NA;0
NA;NA;NA;0;NA;0;NA;NA;NA;0
NA;NA;NA;0;NA;2.070186297;NA;NA;NA;0
NA;NA;NA;0;NA;1.938420752;NA;NA;NA;0
NA;NA;NA;0;NA;NA;NA;NA;NA;0
NA;NA;NA;9.701012492;NA;3.781832704;NA;NA;NA;8.369855059
NA;NA;NA;11.30686664;NA;7.530608591;NA;NA;NA;11.66947475
NA;NA;NA;4.054862146;NA;2.127929491;NA;NA;NA;6.007529013
NA;NA;NA;NA;NA;3.911916404;NA;NA;NA;10.56550826
NA;NA;NA;NA;NA;0.322871009;NA;NA;NA;1.285949169
NA;NA;NA;NA;NA;0.166220634;NA;NA;NA;0.999474921
NA;NA;NA;NA;NA;0.974573464;NA;NA;NA;1.768819988
NA;NA;NA;NA;NA;2.298509312;NA;NA;NA;4.100226224
NA;NA;NA;NA;NA;0;NA;NA;NA;0.138145737
NA;NA;NA;NA;NA;0;NA;NA;NA;0
NA;NA;NA;NA;NA;0;NA;NA;NA;0
NA;NA;NA;NA;NA;0;NA;NA;NA;0.468062923
NA;NA;NA;NA;NA;0;NA;NA;NA;0
NA;NA;NA;NA;NA;0.375796737;NA;NA;NA;2.044648951
NA;NA;NA;NA;NA;0;NA;NA;NA;0.136347127
NA;NA;NA;0;NA;0;NA;NA;NA;0
NA;NA;NA;0;NA;0;NA;NA;NA;0
NA;NA;NA;0;NA;0;NA;NA;NA;0
NA;NA;NA;0;NA;0;NA;NA;NA;0
NA;NA;NA;0;NA;0;NA;NA;NA;0.104665173
NA;NA;NA;0;NA;0;NA;NA;NA;0
NA;NA;NA;NA;NA;0;NA;NA;NA;0
NA;NA;NA;NA;NA;0;NA;NA;NA;0
NA;NA;NA;NA;NA;0;NA;NA;NA;1.070508034
NA;NA;NA;NA;NA;0;NA;NA;NA;0.856642804
NA;NA;NA;0;NA;0;NA;NA;NA;0.228422957
NA;NA;NA;0;NA;0;NA;NA;NA;0
NA;NA;NA;2.221143463;NA;0;NA;NA;NA;0.680124064
NA;NA;NA;0.249937541;NA;0;NA;NA;NA;0.152182445
NA;NA;NA;NA;NA;0;NA;NA;NA;2.955076696
NA;NA;NA;NA;NA;0;NA;NA;NA;0.653019482
NA;NA;NA;NA;NA;0;NA;NA;NA;0
NA;NA;NA;NA;NA;0;NA;NA;NA;0.118357181
NA;NA;NA;0;NA;0;NA;NA;NA;0.559763952
NA;NA;NA;NA;NA;0;NA;NA;NA;0.21008709
NA;NA;NA;NA;NA;0;NA;NA;NA;0
NA;NA;NA;NA;NA;0;NA;NA;NA;0
NA;NA;NA;NA;NA;0;NA;NA;NA;0
NA;NA;NA;0;NA;0;NA;NA;NA;0
NA;NA;NA;NA;NA;0;NA;NA;NA;0
NA;NA;NA;NA;NA;0;NA;NA;NA;0
NA;NA;NA;2.696854007;NA;0;NA;NA;NA;1.025471143
NA;NA;NA;0.942774604;NA;0;NA;NA;NA;0.81859166
NA;NA;NA;2.741030701;NA;0;NA;NA;NA;2.948965674
NA;NA;NA;NA;NA;2.789650952;NA;NA;NA;5.75772443
NA;NA;NA;NA;NA;0.098252755;NA;NA;NA;0.677305656
NA;NA;NA;NA;NA;0;NA;NA;NA;0
NA;NA;NA;NA;NA;0;NA;NA;NA;0
NA;NA;NA;NA;NA;0;NA;NA;NA;0
NA;NA;NA;0;NA;0;NA;NA;NA;0
NA;NA;NA;0;NA;0;NA;NA;NA;0
NA;NA;NA;1.701595383;NA;0;NA;NA;NA;0.148319578
NA;NA;NA;0.129317244;NA;0;NA;NA;NA;0.370441786
NA;NA;NA;1.251326705;NA;0;NA;NA;NA;0.390242725
NA;NA;NA;3.889371331;NA;3.59149852;NA;NA;NA;8.989220672
NA;NA;NA;NA;NA;3.323247568;NA;NA;NA;5.278047757
NA;NA;NA;NA;NA;0.301809138;NA;NA;NA;0.407939033
NA;NA;NA;1.321227925;NA;0;NA;NA;NA;0
NA;NA;NA;NA;NA;3.239383096;NA;NA;NA;2.373701096
NA;NA;NA;NA;NA;2.031293137;NA;NA;NA;2.959620666
NA;NA;NA;NA;NA;7.689882648;NA;NA;NA;13.69798959
NA;NA;NA;NA;NA;0;NA;NA;NA;0.560177194
NA;NA;NA;NA;NA;0.467644006;NA;NA;NA;1.745744563
NA;NA;NA;NA;NA;0.959686596;NA;NA;NA;2.268837393
NA;NA;NA;0;NA;0.78379048;NA;NA;NA;1.860055677
NA;NA;NA;NA;NA;0;NA;NA;NA;0
NA;NA;NA;NA;NA;0;NA;NA;NA;0.234814118
NA;NA;NA;NA;NA;0;NA;NA;NA;0
NA;NA;NA;NA;NA;0;NA;NA;NA;0
NA;NA;NA;NA;NA;0;NA;NA;NA;0.16703398
NA;NA;NA;NA;NA;0;NA;NA;NA;0
NA;NA;NA;0.260629269;NA;0;NA;NA;NA;0
NA;NA;NA;0.431259324;NA;0;NA;NA;NA;0
NA;NA;NA;0.142016873;NA;0;NA;NA;NA;0.135291046
NA;NA;NA;9.648115392;NA;2.671501965;NA;NA;NA;7.52609083
NA;NA;NA;14.09742074;NA;5.512654026;NA;NA;NA;10.5454643
NA;NA;NA;1.106802741;NA;0.777767317;NA;NA;NA;1.546874804
NA;NA;NA;0;NA;0;NA;NA;NA;0
NA;NA;NA;0;NA;0;NA;NA;NA;0
NA;NA;NA;0;NA;0;NA;NA;NA;0
NA;NA;NA;1.464910665;NA;0;NA;NA;NA;0
NA;NA;NA;3.70018969;NA;0;NA;NA;NA;0.999772631
NA;NA;NA;8.719181068;NA;5.743267336;NA;NA;NA;6.728752661
NA;NA;NA;3.23150134;NA;1.420079358;NA;NA;NA;2.1840418
NA;NA;NA;4.614631554;NA;2.756292923;NA;NA;NA;4.94422924
NA;NA;NA;0.07229489;NA;0;NA;NA;NA;0.071073507
NA;NA;NA;0;NA;0;NA;NA;NA;0
NA;NA;NA;0.780868535;NA;0;NA;NA;NA;0
NA;NA;NA;2.101153322;NA;0;NA;NA;NA;0.289303557
NA;NA;NA;27.74825583;NA;8.215862911;NA;NA;NA;15.82272519
NA;NA;NA;15.91085604;NA;5.465730139;NA;NA;NA;8.826837033
NA;NA;NA;2.873635258;NA;0;NA;NA;NA;0
NA;NA;NA;11.49387875;NA;3.313477967;NA;NA;NA;7.993990539
NA;NA;NA;6.406725753;NA;4.417803678;NA;NA;NA;7.196012404
NA;NA;NA;0.989981531;NA;0.598897652;NA;NA;NA;0.489176465
NA;NA;NA;0;NA;0;NA;NA;NA;0
NA;NA;NA;0;NA;0;NA;NA;NA;0
NA;NA;NA;0;NA;0;NA;NA;NA;0
NA;NA;NA;0.869913934;NA;0;NA;NA;NA;0
NA;NA;NA;6.591265404;NA;1.074846604;NA;NA;NA;2.944697307
NA;NA;NA;3.203000039;NA;1.125975041;NA;NA;NA;2.043835039
NA;NA;NA;0.872107803;NA;0.357467898;NA;NA;NA;0.363521883
NA;NA;NA;0.087165945;NA;0;NA;NA;NA;0
NA;NA;NA;0.198332779;NA;0;NA;NA;NA;0
NA;NA;NA;0.799072014;NA;0.058937082;NA;NA;NA;0.31354814
NA;NA;NA;10.51050821;NA;5.617437129;NA;NA;NA;11.4918711
NA;NA;NA;0;NA;0.713993507;NA;NA;NA;0.324980804
NA;NA;NA;2.83692853;NA;2.529095438;NA;NA;NA;1.229931071
NA;NA;NA;9.758799487;NA;1.203719501;NA;NA;NA;4.134271063
NA;NA;NA;2.543547693;NA;1.294272332;NA;NA;NA;1.245646815
NA;NA;NA;1.367419931;NA;0.14726609;NA;NA;NA;0.667096001
NA;NA;NA;0.616155709;NA;0.436334022;NA;NA;NA;0.750602773
NA;NA;NA;2.503368608;NA;0;NA;NA;NA;1.05919496
NA;NA;NA;1.107302432;NA;0;NA;NA;NA;0
NA;NA;NA;2.915435725;NA;0;NA;NA;NA;0.241911887
NA;NA;NA;17.23587069;NA;6.396895686;NA;NA;NA;10.5477593
NA;NA;NA;3.39531565;NA;0;NA;NA;NA;0.47361252
NA;NA;NA;3.033179767;NA;0;NA;NA;NA;0.096409256
NA;NA;NA;2.633518504;NA;0;NA;NA;NA;0.07867052
NA;NA;NA;11.6042927;NA;0.731341694;NA;NA;NA;4.414689382
NA;NA;NA;1.04328244;NA;0;NA;NA;NA;0.126531574
NA;NA;NA;4.336234427;NA;0.648528143;NA;NA;NA;1.356103109
NA;NA;NA;2.858240745;NA;0.614666411;NA;NA;NA;1.567590753
NA;NA;NA;0;NA;0;NA;NA;NA;0
NA;NA;NA;0.678429886;NA;0;NA;NA;NA;0.270726639
NA;NA;NA;3.93349221;NA;1.136035207;NA;NA;NA;4.121907222
NA;NA;NA;4.665805345;NA;0.968842944;NA;NA;NA;3.771210563
NA;NA;NA;1.968598888;NA;0.527303502;NA;NA;NA;1.341492133
NA;NA;NA;1.567533565;NA;0.350227234;NA;NA;NA;0
NA;NA;NA;0;NA;0;NA;NA;NA;0
NA;NA;NA;0;NA;0;NA;NA;NA;0
NA;NA;NA;0;NA;0;NA;NA;NA;0
NA;NA;NA;3.237293252;NA;0.149302273;NA;NA;NA;2.63152194
NA;NA;NA;3.28067546;NA;0.260784979;NA;NA;NA;1.418900809
NA;NA;NA;0.308228199;NA;0;NA;NA;NA;0
NA;NA;NA;8.119564759;NA;0.262695556;NA;NA;NA;1.991633681
NA;NA;NA;6.953080237;NA;0.900953214;NA;NA;NA;2.39218244
NA;NA;NA;4.856163319;NA;0.410568338;NA;NA;NA;2.196402535
NA;NA;NA;21.81838318;NA;10.72051382;NA;NA;NA;18.91518666
NA;NA;NA;2.276798363;NA;1.304007542;NA;NA;NA;2.486447531
NA;NA;NA;53.53914316;NA;0;NA;NA;NA;0.181129513
NA;NA;NA;5.633148212;NA;0.493958855;NA;NA;NA;1.492256813
NA;NA;NA;27.01035603;NA;10.253615;NA;NA;NA;19.82971615
NA;NA;NA;35.57723322;NA;11.59950774;NA;NA;NA;27.37619636
NA;NA;NA;NA;NA;0;NA;NA;NA;0.933673108
NA;NA;NA;NA;NA;0;NA;NA;NA;0
NA;NA;NA;NA;NA;0;NA;NA;NA;0
NA;NA;NA;NA;NA;4.428230986;NA;NA;NA;7.829022227
NA;NA;NA;NA;NA;0;NA;NA;NA;0.086978878
NA;NA;NA;NA;NA;0.875430356;NA;NA;NA;1.98586623
NA;NA;NA;NA;NA;1.193487765;NA;NA;NA;3.993833924
NA;NA;NA;NA;NA;0.074578306;NA;NA;NA;0
NA;NA;NA;NA;NA;3.560383462;NA;NA;NA;10.23637246
NA;NA;NA;NA;NA;1.643193828;NA;NA;NA;3.112735919
NA;NA;NA;NA;NA;0.220588751;NA;NA;NA;0.759757156
NA;NA;NA;NA;NA;0;NA;NA;NA;0
NA;NA;NA;NA;NA;0.118486801;NA;NA;NA;0
NA;NA;NA;NA;NA;0.125006436;NA;NA;NA;2.131966705
NA;NA;NA;NA;NA;0;NA;NA;NA;0
NA;NA;NA;NA;NA;0;NA;NA;NA;0
NA;NA;NA;NA;NA;0;NA;NA;NA;0
NA;NA;NA;NA;NA;0;NA;NA;NA;0
NA;NA;NA;NA;NA;0;NA;NA;NA;0
NA;NA;NA;NA;NA;0.89009127;NA;NA;NA;3.592309127
NA;NA;NA;NA;NA;3.550642407;NA;NA;NA;7.880966832
NA;NA;NA;NA;NA;11.64577181;NA;NA;NA;18.26571855
NA;NA;NA;NA;NA;0;NA;NA;NA;0.619581423
NA;NA;NA;NA;NA;0;NA;NA;NA;0.26053462
NA;NA;NA;NA;NA;0;NA;NA;NA;0
NA;NA;NA;NA;NA;0;NA;NA;NA;0.17553588
NA;NA;NA;NA;NA;1.452301329;NA;NA;NA;0
NA;NA;NA;NA;NA;1.772088764;NA;NA;NA;0.489740236
NA;NA;NA;0.830529625;NA;0.293044401;NA;NA;NA;0.451526798
NA;NA;NA;0.711163481;NA;0.405928061;NA;NA;NA;0.576912408
NA;NA;NA;6.841170648;NA;2.125658411;NA;NA;NA;3.177122664
NA;NA;NA;0.377050744;NA;0;NA;NA;NA;0
NA;NA;NA;0.273281763;NA;0;NA;NA;NA;0
NA;NA;NA;0.135488366;NA;0;NA;NA;NA;0.120583367
NA;NA;NA;0.618677468;NA;0;NA;NA;NA;0
NA;NA;NA;0.106244851;NA;0;NA;NA;NA;0.07447769
NA;NA;NA;0.136683493;NA;0;NA;NA;NA;0.113810116
NA;NA;NA;0.171341879;NA;0;NA;NA;NA;0.125060463
NA;NA;NA;3.734859337;NA;1.131925412;NA;NA;NA;0.909049667
NA;NA;NA;1.27416475;NA;0;NA;NA;NA;0
NA;NA;NA;0.467538667;NA;0.271141846;NA;NA;NA;0
NA;NA;NA;24.20821773;NA;25.57641563;NA;NA;NA;23.21838244
NA;NA;NA;1.276778829;NA;0.668572144;NA;NA;NA;0.698698026
NA;NA;NA;0;NA;0;NA;NA;NA;0
NA;NA;NA;0;NA;0;NA;NA;NA;0
NA;NA;NA;3.520885859;NA;0.8856081;NA;NA;NA;0.749662614
NA;NA;NA;4.165401605;NA;0.974556846;NA;NA;NA;2.596173196
NA;NA;NA;3.946401233;NA;2.0256006;NA;NA;NA;2.861888535
NA;NA;NA;27.78155456;NA;36.84800492;NA;NA;NA;25.681881
NA;NA;NA;47.39187344;NA;41.60241797;NA;NA;NA;45.17120324
NA;NA;NA;6.909985352;NA;4.225599693;NA;NA;NA;5.864818776
NA;NA;NA;0.812582783;NA;0;NA;NA;NA;0
NA;NA;NA;0.110274175;NA;0;NA;NA;NA;0
NA;NA;NA;0.150837552;NA;0;NA;NA;NA;0.058856492
NA;NA;NA;0.986517026;NA;0;NA;NA;NA;0.180803757
NA;NA;NA;0.513222081;NA;0.487558266;NA;NA;NA;0.325155376
NA;NA;NA;0.317463114;NA;0;NA;NA;NA;0
NA;NA;NA;0;NA;0;NA;NA;NA;0
NA;NA;NA;0;NA;0.072362449;NA;NA;NA;0
NA;NA;NA;1.185161443;NA;1.256554144;NA;NA;NA;1.850771635
NA;NA;NA;5.614773872;NA;3.849185376;NA;NA;NA;4.13966996
NA;NA;NA;1.406022393;NA;0.884662402;NA;NA;NA;0.303350163
NA;NA;NA;0.099640676;NA;0;NA;NA;NA;0
NA;NA;NA;0;NA;0;NA;NA;NA;0
NA;NA;NA;3.84560523;NA;4.758938637;NA;NA;NA;5.900241285
NA;NA;NA;0.076109569;NA;0;NA;NA;NA;0
NA;NA;NA;0.111495014;NA;0;NA;NA;NA;0
NA;NA;NA;0;NA;0.083127244;NA;NA;NA;0
NA;NA;NA;9.640715864;NA;3.810237073;NA;NA;NA;4.72513006
NA;NA;NA;28.10454742;NA;23.51836806;NA;NA;NA;26.92264585
NA;NA;NA;18.30873058;NA;5.984866261;NA;NA;NA;10.61079199
NA;NA;NA;7.970647271;NA;4.970065136;NA;NA;NA;11.23041547
NA;NA;NA;6.965159155;NA;4.436803726;NA;NA;NA;6.155048085
NA;NA;NA;0;NA;0;NA;NA;NA;0
NA;NA;NA;0;NA;0;NA;NA;NA;0
NA;NA;NA;0;NA;0;NA;NA;NA;0
NA;NA;NA;4.557193722;NA;0;NA;NA;NA;4.99841403
NA;NA;NA;1.300207234;NA;0;NA;NA;NA;0.483816802
NA;NA;NA;0.600204788;NA;0;NA;NA;NA;0
NA;NA;NA;1.205801269;NA;0;NA;NA;NA;0.806203317
NA;NA;NA;0;NA;0;NA;NA;NA;0
NA;NA;NA;0.2096832;NA;0;NA;NA;NA;0.483718
NA;NA;NA;8.540271;NA;0.1;NA;NA;NA;4.837175
NA;NA;NA;0.088959501;NA;0;NA;NA;NA;0.16123947
NA;NA;NA;0.167263574;NA;0;NA;NA;NA;0
NA;NA;NA;0;NA;0;NA;NA;NA;0
NA;NA;NA;3.01601806;NA;0;NA;NA;NA;2.418588062
NA;NA;NA;0;NA;0;NA;NA;NA;0
NA;NA;NA;0;NA;0;NA;NA;NA;0
NA;NA;NA;0.338009;NA;0;NA;NA;NA;0
NA;NA;NA;0.9371952;NA;0;NA;NA;NA;0
NA;NA;NA;8.982764695;NA;0;NA;NA;NA;5.931224396
NA;NA;NA;0.097467098;NA;0;NA;NA;NA;0
NA;NA;NA;0;NA;0;NA;NA;NA;0
NA;NA;NA;0.0574661;NA;0;NA;NA;NA;0.941411
NA;NA;NA;0;NA;0;NA;NA;NA;0
NA;NA;NA;2.405429;NA;0;NA;NA;NA;1.829373
NA;NA;NA;4.100452582;NA;0;NA;NA;NA;1.58408094
NA;NA;NA;0;NA;0;NA;NA;NA;0
NA;NA;NA;0;NA;0;NA;NA;NA;0
NA;NA;NA;0;NA;0;NA;NA;NA;0
NA;NA;NA;0.9189135;NA;0;NA;NA;NA;0.1802627
NA;NA;NA;9.1056114;NA;9.554;NA;NA;NA;8.7927316
NA;NA;NA;3.158643517;NA;0.22240005;NA;NA;NA;1.659701715
NA;NA;NA;0;NA;0;NA;NA;NA;0
NA;NA;NA;4.569954221;NA;2.326700532;NA;NA;NA;7.165222228
NA;NA;NA;0.520995681;NA;0;NA;NA;NA;0.289007572
NA;NA;NA;0;NA;0;NA;NA;NA;0
NA;NA;NA;0;NA;0.1;NA;NA;NA;0
NA;NA;NA;34.07918771;NA;19.87620742;NA;NA;NA;33.93366341
NA;NA;NA;0;NA;0;NA;NA;NA;0
NA;NA;NA;0.206787003;NA;0;NA;NA;NA;0
NA;NA;NA;0;NA;0;NA;NA;NA;0
NA;NA;NA;0.170769;NA;0;NA;NA;NA;0
NA;NA;NA;6.027873;NA;1.257461;NA;NA;NA;2.943139
NA;NA;NA;2.502262001;NA;3.169629602;NA;NA;NA;1.770887001
NA;NA;NA;0;NA;0;NA;NA;NA;0
NA;NA;NA;0;NA;0;NA;NA;NA;0
NA;NA;NA;0;NA;0;NA;NA;NA;0
NA;NA;NA;0.2819914;NA;0;NA;NA;NA;0.1669493
NA;NA;NA;0;NA;0;NA;NA;NA;0
NA;NA;NA;0;NA;0;NA;NA;NA;0
NA;NA;NA;0;NA;0;NA;NA;NA;0
NA;NA;NA;0;NA;0;NA;NA;NA;0
NA;NA;NA;5.7989159;NA;2.4204783;NA;NA;NA;4.8985443
NA;NA;NA;3.1057011;NA;0.5869331;NA;NA;NA;1.4495246
NA;NA;NA;0;NA;0;NA;NA;NA;0
NA;NA;NA;0;NA;0;NA;NA;NA;0
NA;NA;NA;0;NA;0;NA;NA;NA;0
NA;NA;NA;6.601988864;NA;0.614778981;NA;NA;NA;5.899519298
NA;NA;NA;0;NA;0;NA;NA;NA;0
NA;NA;NA;0;NA;0;NA;NA;NA;0.161239007
NA;NA;NA;0.141538524;NA;0;NA;NA;NA;0.322478068
NA;NA;NA;0;NA;0;NA;NA;NA;0
NA;NA;NA;0;NA;0;NA;NA;NA;0
NA;NA;NA;0;NA;0;NA;NA;NA;0
NA;NA;NA;0;NA;0;NA;NA;NA;0
NA;NA;NA;0;NA;0;NA;NA;NA;0
NA;NA;NA;0;NA;0;NA;NA;NA;0
NA;NA;NA;0;NA;0;NA;NA;NA;0
NA;NA;NA;0;NA;0;NA;NA;NA;0
NA;NA;NA;0;NA;0;NA;NA;NA;0
NA;NA;NA;0;NA;0;NA;NA;NA;0
NA;NA;NA;0;NA;0;NA;NA;NA;0
NA;NA;NA;14.05520762;NA;5.213282814;NA;NA;NA;9.238662817
NA;NA;NA;25.6749624;NA;15.81043905;NA;NA;NA;20.16544
NA;NA;NA;2.031953131;NA;0.187205556;NA;NA;NA;1.542112392
NA;NA;NA;3.812199686;NA;0;NA;NA;NA;3.547883532
NA;NA;NA;0;NA;0;NA;NA;NA;0.161249592
NA;NA;NA;0;NA;0;NA;NA;NA;0
NA;NA;NA;0;NA;0;NA;NA;NA;0
NA;NA;NA;0;NA;0;NA;NA;NA;0
NA;NA;NA;0;NA;0;NA;NA;NA;0
NA;NA;NA;0;NA;0;NA;NA;NA;0
NA;NA;NA;0;NA;0;NA;NA;NA;0
NA;NA;NA;0;NA;0;NA;NA;NA;0
NA;NA;NA;0.0909502;NA;0;NA;NA;NA;0
NA;NA;NA;0;NA;0;NA;NA;NA;0
NA;NA;NA;0.200000439;NA;NA;NA;NA;NA;0
NA;NA;NA;1.637828709;NA;0;NA;NA;NA;2.124056015
NA;NA;NA;0.305248603;NA;0;NA;NA;NA;0.070063301
NA;NA;NA;1.935773982;NA;0;NA;NA;NA;0.555853433
NA;NA;NA;9.14256414;NA;0.68065023;NA;NA;NA;3.203885203
NA;NA;NA;3.883177232;NA;0;NA;NA;NA;2.337129817
NA;NA;NA;15.9171111;NA;11.71265771;NA;NA;NA;12.37247456
NA;NA;NA;0;NA;0;NA;NA;NA;0
NA;NA;NA;0;NA;0;NA;NA;NA;0
NA;NA;NA;0;NA;0;NA;NA;NA;0
NA;NA;NA;0;NA;0;NA;NA;NA;0
NA;NA;NA;0.0866063;NA;0;NA;NA;NA;0
NA;NA;NA;0;NA;0;NA;NA;NA;0
NA;NA;NA;4.363900008;NA;1.050854013;NA;NA;NA;0.884309634
NA;NA;NA;15.04987641;NA;0.352978255;NA;NA;NA;9.220284206
NA;NA;NA;0.448864366;NA;0;NA;NA;NA;0
NA;NA;NA;0;NA;0;NA;NA;NA;0
NA;NA;NA;0;NA;0;NA;NA;NA;0
NA;NA;NA;1.648968386;NA;0.638226465;NA;NA;NA;0.902146222
NA;NA;NA;0;NA;0;NA;NA;NA;0
NA;NA;NA;0;NA;0;NA;NA;NA;0
NA;NA;NA;0;NA;0;NA;NA;NA;0
NA;NA;NA;3.434648841;NA;1.647546034;NA;NA;NA;1.726435978
NA;NA;NA;13.82077131;NA;14.86215059;NA;NA;NA;14.63548989
NA;NA;NA;19.62576;NA;9.717794949;NA;NA;NA;15.84717889
NA;NA;NA;0.822894434;NA;0;NA;NA;NA;0
NA;NA;NA;0.115946993;NA;0;NA;NA;NA;0
NA;NA;NA;0.237955081;NA;0;NA;NA;NA;0
NA;NA;NA;2.296900091;NA;0;NA;NA;NA;0
NA;NA;NA;0.49309039;NA;0;NA;NA;NA;0
NA;NA;NA;0;NA;0;NA;NA;NA;0
NA;NA;NA;0;NA;0;NA;NA;NA;0
NA;NA;NA;0;NA;0;NA;NA;NA;0
NA;NA;NA;0;NA;0;NA;NA;NA;0
NA;NA;NA;0;NA;0;NA;NA;NA;0
NA;NA;NA;0;NA;0;NA;NA;NA;0
NA;NA;NA;0;NA;0;NA;NA;NA;0
NA;NA;NA;3.748185184;NA;0;NA;NA;NA;0.161817725
NA;NA;NA;0.275171915;NA;0;NA;NA;NA;0
NA;NA;NA;4.427202908;NA;0;NA;NA;NA;1.542850571
NA;NA;NA;12.33182659;NA;1.82248976;NA;NA;NA;8.496251471
NA;NA;NA;1.954046591;NA;0;NA;NA;NA;0
NA;NA;NA;0;NA;0;NA;NA;NA;0
NA;NA;NA;0.689816957;NA;0;NA;NA;NA;0
NA;NA;NA;0;NA;0;NA;NA;NA;0
NA;NA;NA;0.722220245;NA;0;NA;NA;NA;0
NA;NA;NA;0.202411244;NA;0;NA;NA;NA;0
NA;NA;NA;0.850403889;NA;0;NA;NA;NA;0
NA;NA;NA;2.025629907;NA;0.157181406;NA;NA;NA;0
NA;NA;NA;0;NA;0;NA;NA;NA;0
NA;NA;NA;0;NA;0;NA;NA;NA;0
NA;NA;NA;1.70224242;NA;0.261992923;NA;NA;NA;1.070378384
NA;NA;NA;6.729577367;NA;1.298048409;NA;NA;NA;1.427663206
NA;NA;NA;0.285933304;NA;0;NA;NA;NA;0
NA;NA;NA;0.146343062;NA;0;NA;NA;NA;0
NA;NA;NA;0.178340765;NA;0;NA;NA;NA;0
NA;NA;NA;0.109880497;NA;0;NA;NA;NA;0
NA;NA;NA;0.284915565;NA;0;NA;NA;NA;0.571234766
NA;NA;NA;0.345889819;NA;0;NA;NA;NA;0.632342786
NA;NA;NA;0.981098901;NA;0;NA;NA;NA;0.124732085
NA;NA;NA;4.16088314;NA;0;NA;NA;NA;0.539236034
NA;NA;NA;4.469147641;NA;0.165586998;NA;NA;NA;1.209484384
NA;NA;NA;3.633732995;NA;0.703756855;NA;NA;NA;2.639104314
NA;NA;NA;0.71522218;NA;0;NA;NA;NA;0
NA;NA;NA;0.661901378;NA;0;NA;NA;NA;0
NA;NA;NA;2.186524581;NA;0.603599469;NA;NA;NA;0.749884031
NA;NA;NA;1.637654278;NA;0.363926608;NA;NA;NA;0.995160212
NA;NA;NA;0.704357478;NA;0;NA;NA;NA;0
NA;NA;NA;0;NA;0;NA;NA;NA;0
NA;NA;NA;2.535262899;NA;0;NA;NA;NA;0.370731954
NA;NA;NA;22.34164694;NA;7.161540358;NA;NA;NA;20.4974176
NA;NA;NA;34.55859521;NA;34.19042026;NA;NA;NA;36.86997103
NA;NA;NA;4.490016935;NA;2.220166503;NA;NA;NA;1.204968215
NA;NA;NA;3.449961629;NA;0;NA;NA;NA;1.383515019
NA;NA;NA;2.695876081;NA;0;NA;NA;NA;0.142965668
NA;NA;NA;17.39177197;NA;5.199706384;NA;NA;NA;10.21506354
NA;NA;NA;8.151429103;NA;0.697590241;NA;NA;NA;2.233787729
NA;NA;NA;1.092268421;NA;0;NA;NA;NA;0
NA;NA;NA;9.556994694;NA;3.785103625;NA;NA;NA;NA
NA;NA;NA;0.412280663;NA;0;NA;NA;NA;NA
NA;NA;NA;0.73586776;NA;0.143831699;NA;NA;NA;NA
NA;NA;NA;1.630529746;NA;1.914404064;NA;NA;NA;NA
NA;NA;NA;6.573199113;NA;5.00717296;NA;NA;NA;NA
NA;NA;NA;0.162483964;NA;0;NA;NA;NA;NA
NA;NA;NA;0;NA;0;NA;NA;NA;0
NA;NA;NA;0.806560817;NA;0.106212162;NA;NA;NA;0.450818167
NA;NA;NA;0;NA;0;NA;NA;NA;0
NA;NA;NA;0;NA;0;NA;NA;NA;0
NA;NA;NA;0;NA;0;NA;NA;NA;0
NA;NA;NA;6.349850978;NA;2.19188168;NA;NA;NA;5.097229761
NA;NA;NA;1.327461715;NA;0;NA;NA;NA;0.194734923
NA;NA;NA;0;NA;0;NA;NA;NA;0
NA;NA;NA;0;NA;0;NA;NA;NA;0
NA;NA;NA;0;NA;0;NA;NA;NA;0
NA;NA;NA;0.84399271;NA;0;NA;NA;NA;0.090974442
NA;NA;NA;6.324673432;NA;1.379358315;NA;NA;NA;1.431343117
NA;NA;NA;25.730518;NA;7.806105803;NA;NA;NA;14.79863313
NA;NA;NA;4.065810261;NA;0.689883671;NA;NA;NA;0.697249114
NA;NA;NA;1.340781413;NA;0;NA;NA;NA;1.083042956
NA;NA;NA;1.009495017;NA;0.481348159;NA;NA;NA;0.227374771
NA;NA;NA;0;NA;0;NA;NA;NA;0
NA;NA;NA;0.472386639;NA;0;NA;NA;NA;0
NA;NA;NA;0.266415413;NA;0;NA;NA;NA;0
NA;NA;NA;5.634499231;NA;0;NA;NA;NA;1.083850209
NA;NA;NA;0.975102807;NA;0;NA;NA;NA;0.165157383
NA;NA;NA;2.021031429;NA;0;NA;NA;NA;0.252977582
NA;NA;NA;7.01711172;NA;0.074260913;NA;NA;NA;2.753828046
NA;NA;NA;4.728848863;NA;0.512517532;NA;NA;NA;2.013489793
NA;NA;NA;5.84191435;NA;1.482212738;NA;NA;NA;2.907944843
NA;NA;NA;0.694631394;NA;0;NA;NA;NA;0.24908675
NA;NA;NA;0.141499934;NA;0;NA;NA;NA;0
NA;NA;NA;2.371486898;NA;0;NA;NA;NA;0.538160479
NA;NA;NA;1.306214498;NA;0;NA;NA;NA;0.11401527
NA;NA;NA;11.70538592;NA;8.382121416;NA;NA;NA;10.36707154
NA;NA;NA;15.44231322;NA;3.77811272;NA;NA;NA;8.906120238
NA;NA;NA;0.292474242;NA;0;NA;NA;NA;0
NA;NA;NA;0.091839879;NA;0;NA;NA;NA;0.122433671
NA;NA;NA;3.459369798;NA;0;NA;NA;NA;0
NA;NA;NA;4.883961166;NA;0;NA;NA;NA;2.007270871
NA;NA;NA;20.40671991;NA;8.509572513;NA;NA;NA;15.57429981
NA;NA;NA;0;NA;0;NA;NA;NA;1.476561965
NA;NA;NA;0;NA;0;NA;NA;NA;0
NA;NA;NA;0;NA;0;NA;NA;NA;0
NA;NA;NA;7.254263869;NA;1.46885377;NA;NA;NA;2.445024775
NA;NA;NA;6.810112275;NA;4.136696065;NA;NA;NA;6.39569577
NA;NA;NA;4.179257198;NA;1.652925571;NA;NA;NA;3.163349123
NA;NA;NA;6.725538499;NA;2.784165719;NA;NA;NA;5.984503455
NA;NA;NA;0.833721774;NA;0.953495219;NA;NA;NA;0.949677687
NA;NA;NA;0;NA;0;NA;NA;NA;0
NA;NA;NA;0.899894987;NA;0;NA;NA;NA;0
NA;NA;NA;6.336625244;NA;0;NA;NA;NA;0.166153157
NA;NA;NA;2.043676371;NA;0;NA;NA;NA;0
NA;NA;NA;1.343494139;NA;0;NA;NA;NA;0.409894782
NA;NA;NA;7.745711906;NA;0.329563622;NA;NA;NA;3.631229658
NA;NA;NA;5.72521271;NA;0.251615239;NA;NA;NA;2.362427325
NA;NA;NA;5.36896965;NA;1.03498961;NA;NA;NA;2.853897103
NA;NA;NA;1.71650896;NA;0;NA;NA;NA;0.25407772
NA;NA;NA;0.91994077;NA;0;NA;NA;NA;0
NA;NA;NA;9.227445628;NA;0.472167291;NA;NA;NA;3.181059791
NA;NA;NA;1.462111063;NA;0;NA;NA;NA;0.356358191
NA;NA;NA;1.860712586;NA;0;NA;NA;NA;0.271309645
NA;NA;NA;0;NA;0.652133139;NA;NA;NA;0.322134479
NA;NA;NA;0;NA;0.116866815;NA;NA;NA;0
NA;NA;NA;0;NA;0;NA;NA;NA;0
NA;NA;NA;0;NA;0;NA;NA;NA;0
NA;NA;NA;0;NA;0;NA;NA;NA;0
NA;NA;NA;0.22775697;NA;0.084341009;NA;NA;NA;0.371951738
NA;NA;NA;0;NA;0.100863837;NA;NA;NA;0
NA;NA;NA;0;NA;0;NA;NA;NA;0
NA;NA;NA;0;NA;0;NA;NA;NA;0
NA;NA;NA;0;NA;0;NA;NA;NA;0.067008436
NA;NA;NA;0;NA;0;NA;NA;NA;0
NA;NA;NA;0.170177122;NA;0;NA;NA;NA;0
NA;NA;NA;7.673486129;NA;2.958566198;NA;NA;NA;5.530104628
NA;NA;NA;0.085018053;NA;0.165492788;NA;NA;NA;0
NA;NA;NA;0;NA;0;NA;NA;NA;0
NA;NA;NA;0;NA;0;NA;NA;NA;0
NA;NA;NA;0.222764215;NA;0;NA;NA;NA;0.110607239
NA;NA;NA;1.603673515;NA;0;NA;NA;NA;0.470447046
NA;NA;NA;1.218770983;NA;0;NA;NA;NA;0.089145362
NA;NA;NA;0.990615761;NA;0.417243314;NA;NA;NA;1.212319668
NA;NA;NA;1.197334768;NA;0;NA;NA;NA;0
NA;NA;NA;7.046238634;NA;1.727898938;NA;NA;NA;4.548513979
NA;NA;NA;0.469158724;NA;0;NA;NA;NA;0.140545659
NA;NA;NA;0.31079864;NA;0.092521936;NA;NA;NA;0
NA;NA;NA;5.919144316;NA;2.095201048;NA;NA;NA;4.46436887
NA;NA;NA;3.839177959;NA;1.270159338;NA;NA;NA;2.592420831
NA;NA;NA;0;NA;0;NA;NA;NA;0
NA;NA;NA;0;NA;0;NA;NA;NA;0
NA;NA;NA;0.28901736;NA;0;NA;NA;NA;0
NA;NA;NA;0.308074624;NA;0;NA;NA;NA;0.082135703
NA;NA;NA;0.532582695;NA;0;NA;NA;NA;0
NA;NA;NA;5.510378443;NA;0.45728854;NA;NA;NA;2.844159789
NA;NA;NA;14.94266037;NA;3.770087553;NA;NA;NA;6.803020181
NA;NA;NA;38.41007489;NA;17.70863585;NA;NA;NA;34.03833806
NA;NA;NA;3.729347858;NA;3.007376543;NA;NA;NA;3.920705888
NA;NA;NA;2.430694725;NA;0;NA;NA;NA;0
NA;NA;NA;2.10406106;NA;0;NA;NA;NA;0
NA;NA;NA;9.182035734;NA;0;NA;NA;NA;0.898138636
NA;NA;NA;6.971090122;NA;0;NA;NA;NA;0.310898974
NA;NA;NA;8.466911283;NA;3.398050712;NA;NA;NA;4.424560569
NA;NA;NA;NA;NA;0.352166355;NA;NA;NA;6.17844115
NA;NA;NA;NA;NA;13.47795188;NA;NA;NA;31.31141256
NA;NA;NA;NA;NA;0;NA;NA;NA;0.422876281
NA;NA;NA;NA;NA;4.12963743;NA;NA;NA;7.83813344
NA;NA;NA;NA;NA;3.250122926;NA;NA;NA;6.32459693
NA;NA;NA;NA;NA;0.818044593;NA;NA;NA;2.414827373
NA;NA;NA;NA;NA;0.154283966;NA;NA;NA;0.226316296
NA;NA;NA;NA;NA;0.470692417;NA;NA;NA;0.736497652
NA;NA;NA;NA;NA;1.787906537;NA;NA;NA;4.247855054
NA;NA;NA;NA;NA;0.101495257;NA;NA;NA;0.184266171
NA;NA;NA;NA;NA;4.7530749;NA;NA;NA;8.099483621
NA;NA;NA;NA;NA;0.895542694;NA;NA;NA;1.3155015
NA;NA;NA;NA;NA;0;NA;NA;NA;0
NA;NA;NA;NA;NA;0;NA;NA;NA;0
NA;NA;NA;NA;NA;0.779402292;NA;NA;NA;4.977483472
NA;NA;NA;NA;NA;0;NA;NA;NA;0.069254413
NA;NA;NA;NA;NA;0;NA;NA;NA;0.494835678
NA;NA;NA;NA;NA;1.429176199;NA;NA;NA;7.292697831
NA;NA;NA;NA;NA;6.407508419;NA;NA;NA;11.6686065
NA;NA;NA;NA;NA;1.155490571;NA;NA;NA;5.285862618
NA;NA;NA;NA;NA;1.319812408;NA;NA;NA;5.704021027
NA;NA;NA;NA;NA;0;NA;NA;NA;0.555729241
NA;NA;NA;NA;NA;0;NA;NA;NA;0
NA;NA;NA;NA;NA;4.894324399;NA;NA;NA;11.37122569
NA;NA;NA;NA;NA;2.458294908;NA;NA;NA;4.32087647
NA;NA;NA;NA;NA;0;NA;NA;NA;0
NA;NA;NA;NA;NA;0;NA;NA;NA;0
NA;NA;NA;NA;NA;0;NA;NA;NA;0
NA;NA;NA;NA;NA;0;NA;NA;NA;0
NA;NA;NA;NA;NA;0;NA;NA;NA;0
NA;NA;NA;NA;NA;0.128180222;NA;NA;NA;0
NA;NA;NA;NA;NA;16.62016574;NA;NA;NA;15.61293456
NA;NA;NA;NA;NA;1.122478945;NA;NA;NA;1.037261407
NA;NA;NA;NA;NA;4.487318678;NA;NA;NA;10.05699455
NA;NA;NA;NA;NA;0;NA;NA;NA;0
NA;NA;NA;NA;NA;0;NA;NA;NA;0
NA;NA;NA;NA;NA;0;NA;NA;NA;0
NA;NA;NA;NA;NA;0.251712175;NA;NA;NA;0
NA;NA;NA;NA;NA;0;NA;NA;NA;0
NA;NA;NA;NA;NA;0.583745255;NA;NA;NA;0
NA;NA;NA;NA;NA;0;NA;NA;NA;0
NA;NA;NA;NA;NA;0;NA;NA;NA;0
NA;NA;NA;NA;NA;0;NA;NA;NA;0
NA;NA;NA;NA;NA;5.275292112;NA;NA;NA;4.178700876
NA;NA;NA;NA;NA;0;NA;NA;NA;0
NA;NA;NA;NA;NA;1.310763941;NA;NA;NA;1.415433373
NA;NA;NA;NA;NA;0;NA;NA;NA;0
NA;NA;NA;NA;NA;0;NA;NA;NA;0
NA;NA;NA;NA;NA;0;NA;NA;NA;0
NA;NA;NA;NA;NA;0;NA;NA;NA;0
NA;NA;NA;NA;NA;0.356032507;NA;NA;NA;3.239008769
NA;NA;NA;NA;NA;8.442675754;NA;NA;NA;14.59852976
NA;NA;NA;NA;NA;0;NA;NA;NA;0.096692205
NA;NA;NA;NA;NA;0;NA;NA;NA;0.082672602
NA;NA;NA;NA;NA;12.12396027;NA;NA;NA;14.47893798
NA;NA;NA;NA;NA;0;NA;NA;NA;0
NA;NA;NA;NA;NA;0;NA;NA;NA;0
NA;NA;NA;0;NA;0;NA;NA;NA;0
NA;NA;NA;3.233490145;NA;2.389948371;NA;NA;NA;3.160992481
NA;NA;NA;14.38944023;NA;0.432724855;NA;NA;NA;1.480287656
NA;NA;NA;0;NA;0;NA;NA;NA;0
NA;NA;NA;0;NA;0;NA;NA;NA;0
NA;NA;NA;0;NA;0;NA;NA;NA;0
NA;NA;NA;0;NA;0;NA;NA;NA;0
NA;NA;NA;0;NA;0;NA;NA;NA;0
NA;NA;NA;0;NA;0;NA;NA;NA;0
NA;NA;NA;11.57964927;NA;4.181745117;NA;NA;NA;8.865282812
NA;NA;NA;0.120525699;NA;0;NA;NA;NA;0
NA;NA;NA;0;NA;0;NA;NA;NA;0
NA;NA;NA;0;NA;0;NA;NA;NA;0
NA;NA;NA;0;NA;0;NA;NA;NA;0
NA;NA;NA;3.601331787;NA;0.15322377;NA;NA;NA;1.570110574
NA;NA;NA;10.99954222;NA;8.592046129;NA;NA;NA;8.738612313
NA;NA;NA;15.73505286;NA;4.306394796;NA;NA;NA;14.53858526
NA;NA;NA;7.48611508;NA;0.322950075;NA;NA;NA;4.968981757
NA;NA;NA;0;NA;0;NA;NA;NA;0
NA;NA;NA;0;NA;0;NA;NA;NA;0
NA;NA;NA;0;NA;0;NA;NA;NA;0
NA;NA;NA;0;NA;0;NA;NA;NA;0
NA;NA;NA;0;NA;0;NA;NA;NA;0
NA;NA;NA;0.417449841;NA;0;NA;NA;NA;0
NA;NA;NA;0;NA;0;NA;NA;NA;0
NA;NA;NA;0.577397064;NA;0;NA;NA;NA;0
NA;NA;NA;0.121436565;NA;0;NA;NA;NA;0
NA;NA;NA;0.703901466;NA;0;NA;NA;NA;0.109685014
NA;NA;NA;25.76027462;NA;31.15982714;NA;NA;NA;32.19940737
NA;NA;NA;24.79250802;NA;25.02086592;NA;NA;NA;30.98437255
NA;NA;NA;0;NA;0;NA;NA;NA;0
NA;NA;NA;15.76891246;NA;8.999288874;NA;NA;NA;12.97623854
NA;NA;NA;31.63158351;NA;22.50048338;NA;NA;NA;29.98327553
NA;NA;NA;0.842923703;NA;2.239472937;NA;NA;NA;3.735610606
NA;NA;NA;0;NA;0;NA;NA;NA;0
NA;NA;NA;0;NA;0;NA;NA;NA;0
NA;NA;NA;3.539876896;NA;0;NA;NA;NA;0.659454155
NA;NA;NA;2.768017487;NA;1.86501455;NA;NA;NA;3.569386355
NA;NA;NA;2.059516157;NA;0.699006755;NA;NA;NA;0.756546572
NA;NA;NA;3.750154499;NA;2.941861238;NA;NA;NA;5.182304436
NA;NA;NA;0.608416626;NA;0.245403703;NA;NA;NA;0.849532507
NA;NA;NA;11.95204436;NA;4.664590635;NA;NA;NA;9.731165621
NA;NA;NA;11.71950958;NA;8.64557658;NA;NA;NA;7.239380814
NA;NA;NA;0.556561394;NA;1.374544086;NA;NA;NA;0.54536424
NA;NA;NA;0;NA;0;NA;NA;NA;0
NA;NA;NA;7.650858902;NA;3.398686205;NA;NA;NA;6.432742702
NA;NA;NA;14.8777408;NA;12.6315076;NA;NA;NA;13.5371441
NA;NA;NA;3.1609049;NA;2.670479;NA;NA;NA;3.4203575
NA;NA;NA;6.474479205;NA;5.213121016;NA;NA;NA;5.436312005
NA;NA;NA;32.93584865;NA;30.4764998;NA;NA;NA;31.67548619
NA;NA;NA;0.832409628;NA;0.250410413;NA;NA;NA;1.115062897
NA;NA;NA;0.064796403;NA;0;NA;NA;NA;0
NA;NA;NA;0.0659729;NA;0;NA;NA;NA;0
NA;NA;NA;0.122353;NA;0;NA;NA;NA;0
NA;NA;NA;0.5550229;NA;0;NA;NA;NA;0.114249
NA;NA;NA;0.3187242;NA;0;NA;NA;NA;0
NA;NA;NA;2.179422866;NA;0;NA;NA;NA;4.473496703
NA;NA;NA;0;NA;0;NA;NA;NA;0
NA;NA;NA;0;NA;0;NA;NA;NA;0
NA;NA;NA;0;NA;0;NA;NA;NA;0
NA;NA;NA;0;NA;0;NA;NA;NA;0
NA;NA;NA;0;NA;0;NA;NA;NA;0
NA;NA;NA;0;NA;0;NA;NA;NA;0
NA;NA;NA;0;NA;0;NA;NA;NA;0
NA;NA;NA;0;NA;0;NA;NA;NA;0
NA;NA;NA;0;NA;0;NA;NA;NA;0
NA;NA;NA;0;NA;0;NA;NA;NA;0
NA;NA;NA;1.496109;NA;0;NA;NA;NA;0.4063139
NA;NA;NA;17.2897733;NA;14.803965;NA;NA;NA;16.7278477
NA;NA;NA;4.7361997;NA;0;NA;NA;NA;1.3062716
NA;NA;NA;0;NA;0;NA;NA;NA;0
NA;NA;NA;0;NA;0;NA;NA;NA;0
NA;NA;NA;0;NA;0;NA;NA;NA;0
NA;NA;NA;10.3448874;NA;7.9558283;NA;NA;NA;16.6423194
NA;NA;NA;0.174299;NA;0;NA;NA;NA;0
NA;NA;NA;0;NA;0;NA;NA;NA;0
NA;NA;NA;0.945610901;NA;0;NA;NA;NA;1.098849101
NA;NA;NA;0;NA;0;NA;NA;NA;0
NA;NA;NA;3.408507;NA;0;NA;NA;NA;1.0829839
NA;NA;NA;4.7846163;NA;5.274951;NA;NA;NA;6.1047045
NA;NA;NA;0.058552;NA;1.351382;NA;NA;NA;1.0787229
NA;NA;NA;0;NA;0;NA;NA;NA;0
NA;NA;NA;0;NA;0;NA;NA;NA;0
NA;NA;NA;0;NA;0;NA;NA;NA;0
NA;NA;NA;13.172308;NA;0.9041234;NA;NA;NA;6.1270621
NA;NA;NA;0;NA;0;NA;NA;NA;0
NA;NA;NA;13.73339603;NA;7.492547184;NA;NA;NA;8.947085327
NA;NA;NA;1.287785021;NA;1.065837785;NA;NA;NA;3.071999162
NA;NA;NA;0;NA;0;NA;NA;NA;0
NA;NA;NA;0;NA;0;NA;NA;NA;0
NA;NA;NA;0;NA;0;NA;NA;NA;0
NA;NA;NA;0;NA;0;NA;NA;NA;0.483718
NA;NA;NA;0;NA;0;NA;NA;NA;1.773631
NA;NA;NA;0;NA;0;NA;NA;NA;0
NA;NA;NA;0;NA;0;NA;NA;NA;0
NA;NA;NA;0;NA;0;NA;NA;NA;0
NA;NA;NA;0;NA;0;NA;NA;NA;0
NA;NA;NA;0;NA;0;NA;NA;NA;0
NA;NA;NA;11.634934;NA;6.070082303;NA;NA;NA;9.546592001
NA;NA;NA;0.808396943;NA;0.417272281;NA;NA;NA;0
NA;NA;NA;0;NA;0;NA;NA;NA;0
NA;NA;NA;0;NA;0;NA;NA;NA;0
NA;NA;NA;0;NA;0;NA;NA;NA;0
NA;NA;NA;8.4582;NA;13.0631658;NA;NA;NA;10.452672
NA;NA;NA;0;NA;0;NA;NA;NA;0
NA;NA;NA;0;NA;0;NA;NA;NA;0
NA;NA;NA;0;NA;0;NA;NA;NA;0
NA;NA;NA;0.7607284;NA;0;NA;NA;NA;2.346730001
NA;NA;NA;7.699291326;NA;7.99101551;NA;NA;NA;11.0899902
NA;NA;NA;0;NA;0;NA;NA;NA;0
NA;NA;NA;0;NA;0;NA;NA;NA;0
NA;NA;NA;0;NA;0;NA;NA;NA;0
NA;NA;NA;0;NA;0;NA;NA;NA;0
NA;NA;NA;4.567429411;NA;1.294941313;NA;NA;NA;3.789143502
NA;NA;NA;0;NA;0;NA;NA;NA;0
NA;NA;NA;0;NA;0;NA;NA;NA;0
NA;NA;NA;3.920549084;NA;0.729404688;NA;NA;NA;4.898876126
NA;NA;NA;0.069231684;NA;0;NA;NA;NA;0
NA;NA;NA;0;NA;0;NA;NA;NA;0
NA;NA;NA;0.052307776;NA;0;NA;NA;NA;0
NA;NA;NA;8.752235093;NA;4.77421592;NA;NA;NA;5.932837315
NA;NA;NA;0.338328065;NA;0.500000168;NA;NA;NA;0.127961031
NA;NA;NA;0;NA;0.100000001;NA;NA;NA;0
NA;NA;NA;0;NA;0;NA;NA;NA;0
NA;NA;NA;11.50315212;NA;4.500000166;NA;NA;NA;9.142461126
NA;NA;NA;3.723577341;NA;5.405456732;NA;NA;NA;8.078007061
NA;NA;NA;4.437404474;NA;0;NA;NA;NA;0
NA;NA;NA;0;NA;0;NA;NA;NA;0
NA;NA;NA;0;NA;0;NA;NA;NA;0
NA;NA;NA;0;NA;0;NA;NA;NA;0
NA;NA;NA;0;NA;0;NA;NA;NA;0
NA;NA;NA;0;NA;0;NA;NA;NA;0
NA;NA;NA;0;NA;0;NA;NA;NA;0
NA;NA;NA;0;NA;0;NA;NA;NA;0
NA;NA;NA;0;NA;0;NA;NA;NA;0
NA;NA;NA;0;NA;0;NA;NA;NA;0
NA;NA;NA;0;NA;0;NA;NA;NA;0
NA;NA;NA;0;NA;0;NA;NA;NA;0
NA;NA;NA;0;NA;0;NA;NA;NA;0
NA;NA;NA;0;NA;0;NA;NA;NA;0
NA;NA;NA;15.05559625;NA;17.10000111;NA;NA;NA;16.49938435
NA;NA;NA;0;NA;0.100000033;NA;NA;NA;0
NA;NA;NA;0;NA;0;NA;NA;NA;0
NA;NA;NA;0;NA;0;NA;NA;NA;0
NA;NA;NA;0.507492094;NA;0;NA;NA;NA;0
NA;NA;NA;0;NA;0;NA;NA;NA;0
NA;NA;NA;8.43037648;NA;0;NA;NA;NA;6.022470942
NA;NA;NA;15.67720714;NA;5.167720933;NA;NA;NA;12.62654888
NA;NA;NA;9.430664251;NA;0;NA;NA;NA;3.660446762
NA;NA;NA;0;NA;0;NA;NA;NA;0.491612391
NA;NA;NA;0;NA;0;NA;NA;NA;0.183213723
NA;NA;NA;0;NA;0;NA;NA;NA;0
NA;NA;NA;0;NA;0;NA;NA;NA;0.507456492
NA;NA;NA;7.889048906;NA;7.833859032;NA;NA;NA;5.600243218
NA;NA;NA;0;NA;0.105394795;NA;NA;NA;0
NA;NA;NA;2.982144057;NA;0.209342506;NA;NA;NA;0.150683814
NA;NA;NA;1.324180087;NA;0.314609098;NA;NA;NA;0
NA;NA;NA;0;NA;0.103496988;NA;NA;NA;0
NA;NA;NA;0.301514355;NA;0;NA;NA;NA;0
NA;NA;NA;0.732863483;NA;0;NA;NA;NA;0
NA;NA;NA;0;NA;0;NA;NA;NA;0
NA;NA;NA;5.535959233;NA;2.885899019;NA;NA;NA;2.936328741
NA;NA;NA;0;NA;0;NA;NA;NA;0
NA;NA;NA;0;NA;0;NA;NA;NA;0
NA;NA;NA;4.21918807;NA;0.103779298;NA;NA;NA;0.917711449
NA;NA;NA;16.35763162;NA;3.700560884;NA;NA;NA;11.54443657
NA;NA;NA;3.254056273;NA;0.700398386;NA;NA;NA;2.563145384
NA;NA;NA;6.043266469;NA;2.378228143;NA;NA;NA;6.73729209
NA;NA;NA;7.376681963;NA;2.771709037;NA;NA;NA;4.187218504
NA;NA;NA;1.804428124;NA;0;NA;NA;NA;0.53559233
NA;NA;NA;1.182741121;NA;0.137972678;NA;NA;NA;1.013983436
NA;NA;NA;0.704876041;NA;0.094224626;NA;NA;NA;0.115037205
NA;NA;NA;0.342231328;NA;0.432632493;NA;NA;NA;0
NA;NA;NA;0.515655763;NA;0;NA;NA;NA;0
NA;NA;NA;4.839512135;NA;0;NA;NA;NA;0.651771856
NA;NA;NA;10.67553556;NA;2.572950697;NA;NA;NA;6.358128159
NA;NA;NA;0.613721662;NA;0.30965801;NA;NA;NA;0.733335331
NA;NA;NA;1.159352558;NA;0;NA;NA;NA;0
NA;NA;NA;1.107941931;NA;0;NA;NA;NA;0.154330727
NA;NA;NA;12.30403191;NA;3.823874737;NA;NA;NA;4.209907162
NA;NA;NA;0.293282853;NA;0;NA;NA;NA;0.392344294
NA;NA;NA;5.474184172;NA;0.087814622;NA;NA;NA;3.584688702
NA;NA;NA;14.59558598;NA;9.28099001;NA;NA;NA;14.07662679
NA;NA;NA;24.67834595;NA;8.581504645;NA;NA;NA;10.46512877
NA;NA;NA;8.015319353;NA;2.617352212;NA;NA;NA;4.691837511
NA;NA;NA;4.699202961;NA;1.618581449;NA;NA;NA;2.651789415
NA;NA;NA;0.405849213;NA;0;NA;NA;NA;0.233178016
NA;NA;NA;0.181931199;NA;0;NA;NA;NA;0
NA;NA;NA;0.446951679;NA;0;NA;NA;NA;0
NA;NA;NA;0.932003632;NA;0;NA;NA;NA;0
NA;NA;NA;0.629123376;NA;0;NA;NA;NA;0
NA;NA;NA;0;NA;0;NA;NA;NA;0
NA;NA;NA;0;NA;0;NA;NA;NA;0
NA;NA;NA;1.217359336;NA;0;NA;NA;NA;0
NA;NA;NA;9.602479603;NA;1.943951137;NA;NA;NA;4.141843482
NA;NA;NA;12.21592428;NA;3.407845818;NA;NA;NA;13.42302283
NA;NA;NA;13.34738679;NA;10.06459844;NA;NA;NA;13.43261343
NA;NA;NA;10.27796758;NA;14.43966875;NA;NA;NA;11.33341522
NA;NA;NA;0.311579944;NA;0;NA;NA;NA;0.226124782
NA;NA;NA;3.456493688;NA;0;NA;NA;NA;0.417831475
NA;NA;NA;1.37739509;NA;0.077335388;NA;NA;NA;0.16363712
NA;NA;NA;0;NA;0;NA;NA;NA;0
NA;NA;NA;0;NA;0;NA;NA;NA;0
NA;NA;NA;0;NA;0;NA;NA;NA;0
NA;NA;NA;0.189922782;NA;0;NA;NA;NA;0.107663817
NA;NA;NA;1.809572709;NA;0.151453033;NA;NA;NA;0.457629516
NA;NA;NA;3.281834678;NA;2.206049537;NA;NA;NA;1.676155903
NA;NA;NA;6.956934906;NA;0.604256761;NA;NA;NA;1.865028375
NA;NA;NA;4.823217973;NA;1.608033615;NA;NA;NA;2.935606103
NA;NA;NA;4.88224473;NA;0.330921966;NA;NA;NA;1.167905504
NA;NA;NA;6.194627109;NA;0.089312051;NA;NA;NA;2.061003965
NA;NA;NA;21.69291803;NA;4.284678994;NA;NA;NA;12.99254167
NA;NA;NA;3.656146193;NA;1.853695667;NA;NA;NA;2.676621097
NA;NA;NA;1.41660559;NA;1.43000759;NA;NA;NA;1.535649086
NA;NA;NA;0.995708383;NA;0.360181094;NA;NA;NA;0.337355675
NA;NA;NA;1.721867736;NA;0;NA;NA;NA;0.162594379
NA;NA;NA;0.594848917;NA;0;NA;NA;NA;0
NA;NA;NA;2.866960469;NA;0;NA;NA;NA;0.256617135
NA;NA;NA;0.625436022;NA;0.488596167;NA;NA;NA;0.486274722
NA;NA;NA;0;NA;0;NA;NA;NA;0
NA;NA;NA;0.440382481;NA;0.080390493;NA;NA;NA;0
NA;NA;NA;0.145607694;NA;0;NA;NA;NA;0
NA;NA;NA;1.148482025;NA;0;NA;NA;NA;0.223673486
NA;NA;NA;2.235629677;NA;0.958966634;NA;NA;NA;1.517128697
NA;NA;NA;0.965581625;NA;0;NA;NA;NA;0.16229552
NA;NA;NA;0.925596019;NA;0;NA;NA;NA;0
NA;NA;NA;2.109150836;NA;0;NA;NA;NA;0.132397179
NA;NA;NA;4.89255622;NA;0.813271605;NA;NA;NA;2.418600369
NA;NA;NA;4.667431276;NA;0.532264556;NA;NA;NA;5.004300513
NA;NA;NA;1.449545602;NA;0.452023598;NA;NA;NA;0.6535156
NA;NA;NA;0;NA;0.243726855;NA;NA;NA;0
NA;NA;NA;0.348964802;NA;0.06303419;NA;NA;NA;0
NA;NA;NA;0.111291579;NA;0.140433415;NA;NA;NA;0
NA;NA;NA;0;NA;0.595710296;NA;NA;NA;0
NA;NA;NA;0;NA;0.579420962;NA;NA;NA;0
NA;NA;NA;0;NA;0.439974085;NA;NA;NA;0
NA;NA;NA;0;NA;0.34328932;NA;NA;NA;0.089033209
NA;NA;NA;0;NA;0.819907505;NA;NA;NA;0
NA;NA;NA;0;NA;0;NA;NA;NA;0
NA;NA;NA;0;NA;0;NA;NA;NA;0
NA;NA;NA;0;NA;0;NA;NA;NA;0
NA;NA;NA;0.237036856;NA;0;NA;NA;NA;1.254549854
NA;NA;NA;0;NA;0;NA;NA;NA;0.111970445
NA;NA;NA;3.055387055;NA;0;NA;NA;NA;0.741323674
NA;NA;NA;1.576394605;NA;0;NA;NA;NA;0.174547819
NA;NA;NA;2.284573212;NA;0;NA;NA;NA;0.623776055
NA;NA;NA;21.26269926;NA;17.9193894;NA;NA;NA;16.88118623
NA;NA;NA;12.95404179;NA;4.932027854;NA;NA;NA;6.183827409
NA;NA;NA;0.712956066;NA;0;NA;NA;NA;0.175789118
NA;NA;NA;1.114404238;NA;0;NA;NA;NA;1.017810814
NA;NA;NA;0.189425918;NA;0;NA;NA;NA;0
NA;NA;NA;0.425549018;NA;0;NA;NA;NA;0
NA;NA;NA;2.857748218;NA;0;NA;NA;NA;0
NA;NA;NA;1.079334354;NA;0;NA;NA;NA;0
NA;NA;NA;1.606042456;NA;0;NA;NA;NA;0
NA;NA;NA;0.141320154;NA;0;NA;NA;NA;0
NA;NA;NA;0.601594827;NA;0;NA;NA;NA;0
NA;NA;NA;0.815451096;NA;0;NA;NA;NA;0
NA;NA;NA;0;NA;0;NA;NA;NA;0
NA;NA;NA;0;NA;0;NA;NA;NA;0
NA;NA;NA;1.320537345;NA;0;NA;NA;NA;0
NA;NA;NA;1.466859749;NA;0;NA;NA;NA;0
NA;NA;NA;6.287750909;NA;0;NA;NA;NA;1.624272189
NA;NA;NA;0;NA;0.151827423;NA;NA;NA;0
NA;NA;NA;0.170953295;NA;0;NA;NA;NA;0
NA;NA;NA;0.839467907;NA;0;NA;NA;NA;0.211570919
NA;NA;NA;2.932544678;NA;0.301038524;NA;NA;NA;0.900496502
NA;NA;NA;0.612329834;NA;0.169672823;NA;NA;NA;0
NA;NA;NA;0.146022217;NA;0;NA;NA;NA;0
NA;NA;NA;0;NA;0;NA;NA;NA;0
NA;NA;NA;0;NA;0;NA;NA;NA;0
NA;NA;NA;0;NA;0;NA;NA;NA;0
NA;NA;NA;1.213472982;NA;0.07560156;NA;NA;NA;0
NA;NA;NA;1.742759084;NA;0.363019104;NA;NA;NA;0.490588211
NA;NA;NA;1.572817562;NA;0;NA;NA;NA;0.112010332
NA;NA;NA;0;NA;0.132234996;NA;NA;NA;0
NA;NA;NA;0;NA;0.078254424;NA;NA;NA;0
NA;NA;NA;1.16412528;NA;0.685938806;NA;NA;NA;0.335395124
NA;NA;NA;0;NA;0;NA;NA;NA;0
NA;NA;NA;0;NA;0;NA;NA;NA;0
NA;NA;NA;1.319912315;NA;0;NA;NA;NA;0.342121508
NA;NA;NA;1.269316203;NA;0;NA;NA;NA;0
NA;NA;NA;0;NA;0;NA;NA;NA;0
NA;NA;NA;0;NA;0;NA;NA;NA;0
NA;NA;NA;0.429287911;NA;0;NA;NA;NA;0
NA;NA;NA;24.05417936;NA;11.79174418;NA;NA;NA;20.23315987
NA;NA;NA;0.428326672;NA;0;NA;NA;NA;0
NA;NA;NA;0.331457567;NA;0;NA;NA;NA;0
NA;NA;NA;0.179181719;NA;0.185077169;NA;NA;NA;0
NA;NA;NA;0;NA;0;NA;NA;NA;0
NA;NA;NA;4.98923909;NA;0;NA;NA;NA;0
NA;NA;NA;0.313977502;NA;0;NA;NA;NA;0
NA;NA;NA;1.143942981;NA;0;NA;NA;NA;0
NA;NA;NA;0.289060798;NA;0;NA;NA;NA;0
NA;NA;NA;0.471865999;NA;0;NA;NA;NA;0
NA;NA;NA;0.122812728;NA;0;NA;NA;NA;0
NA;NA;NA;0.102403891;NA;0;NA;NA;NA;0
NA;NA;NA;12.1324367;NA;3.155283482;NA;NA;NA;2.946265041
NA;NA;NA;9.575676612;NA;2.733403577;NA;NA;NA;2.192186227
NA;NA;NA;20.9649178;NA;10.72034562;NA;NA;NA;21.66764213
NA;NA;NA;0.098596296;NA;0.11581435;NA;NA;NA;0.313296033
NA;NA;NA;0;NA;0;NA;NA;NA;0
NA;NA;NA;3.395791069;NA;1.31081298;NA;NA;NA;3.580265804
NA;NA;NA;1.419510267;NA;0.951424522;NA;NA;NA;0.694994783
NA;NA;NA;0;NA;0.093162791;NA;NA;NA;0
NA;NA;NA;0.069084362;NA;0;NA;NA;NA;0
NA;NA;NA;1.496165168;NA;0;NA;NA;NA;0.361619753
NA;NA;NA;0.212251911;NA;0;NA;NA;NA;0.166710074
NA;NA;NA;0.310345866;NA;0;NA;NA;NA;0
NA;NA;NA;10.81607555;NA;3.454898333;NA;NA;NA;4.197371182
NA;NA;NA;3.538023767;NA;0;NA;NA;NA;0.204863916
NA;NA;NA;4.713622675;NA;0.692611349;NA;NA;NA;2.261738983
NA;NA;NA;0.424017971;NA;0;NA;NA;NA;0.134323984
NA;NA;NA;10.13427574;NA;2.110245585;NA;NA;NA;9.766491519
NA;NA;NA;3.294229323;NA;2.857692048;NA;NA;NA;1.796238654
NA;NA;NA;0;NA;0;NA;NA;NA;0
NA;NA;NA;4.221180908;NA;0;NA;NA;NA;0
NA;NA;NA;9.619461092;NA;3.529151762;NA;NA;NA;6.435781369
NA;NA;NA;5.375612959;NA;0.215462264;NA;NA;NA;1.650502569
NA;NA;NA;0;NA;0;NA;NA;NA;0
NA;NA;NA;0;NA;0;NA;NA;NA;0
NA;NA;NA;0;NA;0;NA;NA;NA;0
NA;NA;NA;0;NA;0;NA;NA;NA;0
NA;NA;NA;0;NA;0;NA;NA;NA;0
NA;NA;NA;0;NA;0;NA;NA;NA;0
NA;NA;NA;0;NA;0;NA;NA;NA;0
NA;NA;NA;0;NA;0;NA;NA;NA;0
NA;NA;NA;0;NA;0;NA;NA;NA;0
NA;NA;NA;0;NA;0;NA;NA;NA;0
NA;NA;NA;0;NA;0;NA;NA;NA;0
NA;NA;NA;7.721076918;NA;1.659579441;NA;NA;NA;5.556218701
NA;NA;NA;1.988308476;NA;0.153578592;NA;NA;NA;0.521305326
NA;NA;NA;6.366911106;NA;0.763311202;NA;NA;NA;2.522492008
NA;NA;NA;1.733089167;NA;1.06533232;NA;NA;NA;1.691468346
NA;NA;NA;3.448689467;NA;1.310320142;NA;NA;NA;2.288937827
NA;NA;NA;4.492922411;NA;0.785233259;NA;NA;NA;1.89764908
NA;NA;NA;0;NA;0;NA;NA;NA;0
NA;NA;NA;0.632236534;NA;0;NA;NA;NA;0
NA;NA;NA;9.92095434;NA;5.932248124;NA;NA;NA;8.867225387
NA;NA;NA;0.969013898;NA;1.233232277;NA;NA;NA;0.964277431
NA;NA;NA;12.00880338;NA;9.827678224;NA;NA;NA;11.71405665
NA;NA;NA;9.659472595;NA;6.244083155;NA;NA;NA;9.227311217
NA;NA;NA;6.424671177;NA;2.132956844;NA;NA;NA;3.493240189
NA;NA;NA;6.348412506;NA;2.601242494;NA;NA;NA;5.22865032
NA;NA;NA;0;NA;0;NA;NA;NA;0
NA;NA;NA;0.165569703;NA;0;NA;NA;NA;0
NA;NA;NA;0.25048947;NA;0.096852569;NA;NA;NA;0
NA;NA;NA;13.88839936;NA;5.505394638;NA;NA;NA;11.65107985
NA;NA;NA;3.895511419;NA;2.534303309;NA;NA;NA;1.193063186
NA;NA;NA;0;NA;0;NA;NA;NA;0
NA;NA;NA;0;NA;0;NA;NA;NA;0
NA;NA;NA;0;NA;0;NA;NA;NA;0
NA;NA;NA;0;NA;0;NA;NA;NA;0
NA;NA;NA;0;NA;0.480380127;NA;NA;NA;0
NA;NA;NA;5.696017949;NA;3.273424678;NA;NA;NA;2.345440954
NA;NA;NA;0.820848557;NA;0;NA;NA;NA;0.242608755
NA;NA;NA;19.84007183;NA;12.70349116;NA;NA;NA;18.76781103
NA;NA;NA;6.433558954;NA;2.182247092;NA;NA;NA;4.236288985
NA;NA;NA;0;NA;0;NA;NA;NA;0
NA;NA;NA;0;NA;0;NA;NA;NA;0
NA;NA;NA;0;NA;0;NA;NA;NA;0
NA;NA;NA;0;NA;0;NA;NA;NA;0
NA;NA;NA;0;NA;0;NA;NA;NA;0
NA;NA;NA;0;NA;0;NA;NA;NA;0
NA;NA;NA;0;NA;0;NA;NA;NA;0
NA;NA;NA;0;NA;0;NA;NA;NA;0
NA;NA;NA;0;NA;0;NA;NA;NA;0
NA;NA;NA;0;NA;0;NA;NA;NA;0
NA;NA;NA;0;NA;0;NA;NA;NA;0
NA;NA;NA;3.857311099;NA;0;NA;NA;NA;1.188809191
NA;NA;NA;11.30828273;NA;1.694100984;NA;NA;NA;8.277403081
NA;NA;NA;0;NA;0;NA;NA;NA;0
NA;NA;NA;0;NA;0;NA;NA;NA;0
NA;NA;NA;2.097388388;NA;0;NA;NA;NA;1.15408049
NA;NA;NA;0.126912172;NA;0;NA;NA;NA;0
NA;NA;NA;2.606344982;NA;0;NA;NA;NA;2.420504358
NA;NA;NA;2.288744173;NA;2.551299771;NA;NA;NA;2.745910292
NA;NA;NA;0;NA;0;NA;NA;NA;0.161257114
NA;NA;NA;0;NA;0;NA;NA;NA;0
NA;NA;NA;14.04961375;NA;26.00556629;NA;NA;NA;23.15003021
NA;NA;NA;42.37810861;NA;43.77240006;NA;NA;NA;40.03167657
NA;NA;NA;19.08288012;NA;9.791439299;NA;NA;NA;19.94959008
NA;NA;NA;5.706679229;NA;0.553389769;NA;NA;NA;2.293832095
NA;NA;NA;0;NA;0;NA;NA;NA;0
NA;NA;NA;0;NA;0;NA;NA;NA;0
NA;NA;NA;2.700991177;NA;1.733787269;NA;NA;NA;2.150763132
NA;NA;NA;1.521813053;NA;0.199964271;NA;NA;NA;0.681581891
NA;NA;NA;7.239294674;NA;4.113957698;NA;NA;NA;7.459544262
NA;NA;NA;4.449927461;NA;1.580276517;NA;NA;NA;2.796660422
NA;NA;NA;0;NA;0;NA;NA;NA;0
NA;NA;NA;16.04301659;NA;14.65716321;NA;NA;NA;11.97263608
NA;NA;NA;19.32734144;NA;10.3779763;NA;NA;NA;10.7624253
NA;NA;NA;0;NA;0;NA;NA;NA;0.161247245
NA;NA;NA;0.252851142;NA;0;NA;NA;NA;0
NA;NA;NA;0;NA;0;NA;NA;NA;0.161239495
NA;NA;NA;0.15710422;NA;0;NA;NA;NA;0.161239327
NA;NA;NA;0.421723184;NA;0;NA;NA;NA;0.322582763
NA;NA;NA;1.539582643;NA;0;NA;NA;NA;1.935694744
NA;NA;NA;0;NA;0;NA;NA;NA;0
NA;NA;NA;3.412505129;NA;0.402944953;NA;NA;NA;2.418634552
NA;NA;NA;1.880018092;NA;0.305652966;NA;NA;NA;2.257842004
NA;NA;NA;0.511626922;NA;0.138736981;NA;NA;NA;0.483822714
NA;NA;NA;0.820637273;NA;0;NA;NA;NA;0.322823683
NA;NA;NA;0;NA;0;NA;NA;NA;0
NA;NA;NA;0;NA;0;NA;NA;NA;0
NA;NA;NA;2.140092001;NA;0.3708786;NA;NA;NA;2.579828067
NA;NA;NA;1.8393677;NA;3.987852602;NA;NA;NA;5.652051143
NA;NA;NA;45.6191888;NA;54.23195381;NA;NA;NA;45.66936399
NA;NA;NA;107.1899599;NA;118.4759947;NA;NA;NA;121.5604602
NA;NA;NA;38.17692927;NA;72.63240708;NA;NA;NA;58.01483584
NA;NA;NA;NA;NA;3.532416604;NA;NA;NA;8.21173161
NA;NA;NA;NA;NA;2.906990499;NA;NA;NA;0
NA;NA;NA;NA;NA;0;NA;NA;NA;0.483717084
NA;NA;NA;0.676656001;NA;0;NA;NA;NA;0
NA;NA;NA;1.184148032;NA;0;NA;NA;NA;0.161239653
NA;NA;NA;0;NA;0;NA;NA;NA;0
NA;NA;NA;0;NA;0;NA;NA;NA;0
NA;NA;NA;0;NA;0;NA;NA;NA;0
NA;NA;NA;0;NA;0;NA;NA;NA;0
NA;NA;NA;0;NA;0;NA;NA;NA;0
NA;NA;NA;0;NA;0;NA;NA;NA;0
NA;NA;NA;0;NA;0;NA;NA;NA;0
NA;NA;NA;0;NA;0;NA;NA;NA;0
NA;NA;NA;8.1969663;NA;0;NA;NA;NA;4.737864612
NA;NA;NA;0;NA;0;NA;NA;NA;0.638727247
NA;NA;NA;0;NA;0;NA;NA;NA;0
NA;NA;NA;15.440688;NA;6.634393002;NA;NA;NA;10.95491873
NA;NA;NA;0;NA;0;NA;NA;NA;0
NA;NA;NA;0;NA;0;NA;NA;NA;0
NA;NA;NA;0;NA;0;NA;NA;NA;0
NA;NA;NA;0;NA;0;NA;NA;NA;0
NA;NA;NA;0.845820061;NA;0;NA;NA;NA;0.483718044
NA;NA;NA;0;NA;0;NA;NA;NA;0
NA;NA;NA;0.676656001;NA;0;NA;NA;NA;1.612392003
NA;NA;NA;0;NA;0;NA;NA;NA;0
NA;NA;NA;11.441218;NA;6.1174988;NA;NA;NA;12.627546
NA;NA;NA;0.4146606;NA;0;NA;NA;NA;0
NA;NA;NA;0;NA;0;NA;NA;NA;0.644957
NA;NA;NA;0;NA;0;NA;NA;NA;0
NA;NA;NA;0;NA;0;NA;NA;NA;0
NA;NA;NA;6.5975599;NA;3.2941391;NA;NA;NA;6.1272316
NA;NA;NA;0;NA;0;NA;NA;NA;0
NA;NA;NA;0.0693213;NA;0;NA;NA;NA;0
NA;NA;NA;0.6520365;NA;0.331078;NA;NA;NA;0.1234333
NA;NA;NA;0;NA;0;NA;NA;NA;0
NA;NA;NA;0.0662443;NA;0;NA;NA;NA;0
NA;NA;NA;6.970679405;NA;3.274205305;NA;NA;NA;4.824548604
NA;NA;NA;13.1782931;NA;9.853695497;NA;NA;NA;11.91196849
NA;NA;NA;0;NA;0;NA;NA;NA;0.076458107
NA;NA;NA;0;NA;0;NA;NA;NA;0
NA;NA;NA;0.6727602;NA;2.1558171;NA;NA;NA;1.3035762
NA;NA;NA;9.6654309;NA;7.5334225;NA;NA;NA;6.5349075
NA;NA;NA;0;NA;0;NA;NA;NA;0
NA;NA;NA;5.8438023;NA;0.22594;NA;NA;NA;6.8806992
NA;NA;NA;5.5086873;NA;2.7685666;NA;NA;NA;5.1283966
NA;NA;NA;2.8438952;NA;1.9330164;NA;NA;NA;3.1236637
NA;NA;NA;1.999549;NA;0;NA;NA;NA;1.3655579
NA;NA;NA;5.7197302;NA;4.5;NA;NA;NA;4.8213483
NA;NA;NA;0.138552;NA;0.1;NA;NA;NA;0
NA;NA;NA;4.485249;NA;0;NA;NA;NA;1.121119
NA;NA;NA;0;NA;0;NA;NA;NA;0
NA;NA;NA;2.875788;NA;0.3;NA;NA;NA;0
NA;NA;NA;0;NA;0.1;NA;NA;NA;0
NA;NA;NA;0;NA;0;NA;NA;NA;0
NA;NA;NA;0;NA;0;NA;NA;NA;0
NA;NA;NA;0;NA;0;NA;NA;NA;0
NA;NA;NA;3.552444;NA;3.2;NA;NA;NA;0
NA;NA;NA;0;NA;0.1;NA;NA;NA;0
NA;NA;NA;0;NA;0;NA;NA;NA;0
NA;NA;NA;0;NA;0;NA;NA;NA;0
NA;NA;NA;0;NA;0;NA;NA;NA;0
NA;NA;NA;0;NA;0;NA;NA;NA;0
NA;NA;NA;0.84582;NA;0;NA;NA;NA;0
NA;NA;NA;4.567428;NA;2.1;NA;NA;NA;2.742711032
NA;NA;NA;0;NA;0.1;NA;NA;NA;0
NA;NA;NA;8.517376203;NA;7.100000007;NA;NA;NA;5.55930837
NA;NA;NA;0;NA;0;NA;NA;NA;0
NA;NA;NA;0;NA;0;NA;NA;NA;0
NA;NA;NA;0.507492;NA;0;NA;NA;NA;0
NA;NA;NA;7.149944606;NA;4.00000001;NA;NA;NA;2.882251221
NA;NA;NA;0;NA;0.100000001;NA;NA;NA;0.161239116
NA;NA;NA;0;NA;0;NA;NA;NA;0
NA;NA;NA;0;NA;0;NA;NA;NA;0
NA;NA;NA;0;NA;0;NA;NA;NA;0
NA;NA;NA;0;NA;0;NA;NA;NA;0
NA;NA;NA;0;NA;0;NA;NA;NA;0.161239
NA;NA;NA;20.470176;NA;10.8;NA;NA;NA;15.0878413
NA;NA;NA;5.582412;NA;6.000000001;NA;NA;NA;5.859323208
NA;NA;NA;0.507492;NA;0.4;NA;NA;NA;0.322478
NA;NA;NA;0;NA;0.1;NA;NA;NA;0
NA;NA;NA;0;NA;0;NA;NA;NA;0
NA;NA;NA;0;NA;0;NA;NA;NA;0
NA;NA;NA;0;NA;0;NA;NA;NA;0
NA;NA;NA;0;NA;0;NA;NA;NA;0
NA;NA;NA;0;NA;0;NA;NA;NA;0
NA;NA;NA;0;NA;0;NA;NA;NA;0
NA;NA;NA;9.98067601;NA;3.000000007;NA;NA;NA;2.995200023
NA;NA;NA;4.146155181;NA;6.874050538;NA;NA;NA;3.416377334
NA;NA;NA;22.24921879;NA;23.34986427;NA;NA;NA;24.73305834
NA;NA;NA;0;NA;0;NA;NA;NA;0
NA;NA;NA;0;NA;0;NA;NA;NA;0
NA;NA;NA;1.409447438;NA;0;NA;NA;NA;1.301291665
NA;NA;NA;0.352541434;NA;0;NA;NA;NA;0.139234976
NA;NA;NA;5.126607389;NA;0;NA;NA;NA;2.809712366
NA;NA;NA;1.670107627;NA;0;NA;NA;NA;0.839972781
NA;NA;NA;10.24712405;NA;5.789718141;NA;NA;NA;7.548256512
NA;NA;NA;0;NA;0;NA;NA;NA;0
NA;NA;NA;0;NA;0;NA;NA;NA;0
NA;NA;NA;0;NA;0;NA;NA;NA;0
NA;NA;NA;10.90118519;NA;4.062113441;NA;NA;NA;9.074404509
NA;NA;NA;3.666508922;NA;3.051706252;NA;NA;NA;3.022717143
NA;NA;NA;0;NA;0;NA;NA;NA;0
NA;NA;NA;0.082423459;NA;0;NA;NA;NA;1.217759156
NA;NA;NA;3.298358776;NA;0;NA;NA;NA;1.663690481
NA;NA;NA;0;NA;0;NA;NA;NA;0
NA;NA;0;0;NA;0;NA;NA;NA;0
NA;NA;0;0;NA;0;NA;NA;NA;0
NA;NA;5.259748289;0;NA;0;NA;NA;NA;0
NA;NA;5.614872582;14.41429415;NA;7.209175354;NA;NA;NA;11.05622889
NA;NA;0;0;NA;0.961068514;NA;NA;NA;1.812007579
NA;NA;2.762562993;7.430405954;NA;1.569698741;NA;NA;NA;2.150635323
NA;NA;0;0;NA;0;NA;NA;NA;0
NA;NA;0;0;NA;0;NA;NA;NA;0
NA;NA;0;0;NA;0;NA;NA;NA;0
NA;NA;0;0;NA;0;NA;NA;NA;0
NA;NA;0.885712052;0.481541974;NA;0;NA;NA;NA;0
NA;NA;7.324394617;14.4024932;NA;3.80776652;NA;NA;NA;7.909397794
NA;NA;0;0;NA;0;NA;NA;NA;0
NA;NA;0;0;NA;0;NA;NA;NA;0
NA;NA;0;0;NA;0;NA;NA;NA;0
NA;NA;0;0;NA;0;NA;NA;NA;0
NA;NA;0;0;NA;0;NA;NA;NA;0
NA;NA;0;0;NA;0;NA;NA;NA;0
NA;NA;0;0;NA;0;NA;NA;NA;0
NA;NA;0;0;NA;0;NA;NA;NA;0
NA;NA;0;0;NA;0;NA;NA;NA;0
NA;NA;0;0;NA;0;NA;NA;NA;0
NA;NA;11.15291505;32.33369745;NA;9.489900815;NA;NA;NA;23.04832099
NA;NA;0.063843093;0.270492667;NA;0.842689071;NA;NA;NA;0.642165652
NA;NA;0;0;NA;0;NA;NA;NA;0
NA;NA;0;0;NA;0.128400114;NA;NA;NA;0.240341699
NA;NA;0.329566835;0;NA;0;NA;NA;NA;0
NA;NA;0.181137732;0;NA;0;NA;NA;NA;0
NA;NA;22.74011694;24.41775944;NA;9.700924439;NA;NA;NA;23.37089272
NA;NA;11.69007694;12.50049431;NA;4.627306159;NA;NA;NA;9.490579438
NA;NA;1.168260404;5.447686008;NA;0.206394166;NA;NA;NA;0.981879392
NA;NA;0;4.86912039;NA;0;NA;NA;NA;0
NA;NA;0.066944368;0;NA;0;NA;NA;NA;0
NA;NA;3.456154668;0;NA;0;NA;NA;NA;0.118803399
NA;NA;8.330208932;2.515259215;NA;0.793654486;NA;NA;NA;2.642732908
NA;NA;0.179569049;0;NA;0;NA;NA;NA;0
NA;NA;2.232448781;0;NA;0.329900157;NA;NA;NA;0.933254798
NA;NA;0;0;NA;0;NA;NA;NA;0
NA;NA;0.14515127;0;NA;0;NA;NA;NA;0
NA;NA;2.005449941;0;NA;0;NA;NA;NA;0
NA;NA;4.229572074;0;NA;0;NA;NA;NA;0.795933513
NA;NA;1.380270196;0;NA;0;NA;NA;NA;0.365313777
NA;NA;4.971165014;11.1863232;NA;2.780667375;NA;NA;NA;5.55703397
NA;NA;9.553227853;7.791290902;NA;0.580977206;NA;NA;NA;1.423136785
NA;NA;22.90233051;13.5490887;NA;1.893639716;NA;NA;NA;4.088667532
NA;NA;26.85919527;5.201086814;NA;12.62590594;NA;NA;NA;25.42698951
NA;NA;0.15135654;0;NA;0;NA;NA;NA;0.417310143
NA;NA;0;0;NA;0;NA;NA;NA;0
NA;NA;0;0;NA;0;NA;NA;NA;0
NA;NA;0;0;0.361517133;0;NA;NA;NA;0
NA;NA;0;0;0;0;NA;NA;NA;0
NA;NA;0;0;0;0;NA;NA;NA;0
NA;NA;0;0;0;0;NA;NA;NA;0
NA;0;0;0;0;0;NA;NA;NA;0
NA;0;0;0;0.530178747;0;NA;NA;0;0
NA;0.167002905;0.143616943;0;0.159679311;0.206109941;NA;NA;0.18334359;0
NA;0.270370439;0.253355855;0;0;0;NA;NA;0.143663947;0
NA;0.811672089;1.08891807;0;1.271116482;0;NA;NA;0.434610051;0
NA;15.7373505;5.092682305;21.73477058;19.53704182;17.28153506;NA;NA;14.2147685;15.83271389
NA;3.404528866;1.472554601;2.641703521;4.017248356;2.766310947;NA;NA;2.924605878;3.617878833
NA;0;0.457726926;0.277441454;0;0.213005111;NA;NA;0;0.4474153
NA;0.328440116;0;0.104520101;0.389034841;0.123889372;NA;NA;0.147867039;0.091523979
NA;0.147870657;0;0.223766943;0;0.078450871;NA;NA;0.127277744;0.394831297
NA;0.155869864;0.144037621;0;0.246684195;0;NA;NA;0.176887905;0
NA;0.167014268;0.413805103;0.447247536;0.264761681;0.350241884;NA;NA;0.1047347;1.14220917
NA;1.269357801;2.16919654;0;0.470275809;0;NA;NA;0.252081151;0
NA;0.725646242;0.485151743;0.588700459;0.528301246;0.301008966;NA;NA;1.069243078;0.721712323
NA;0.873435621;1.069180378;0;7.350649672;0;NA;NA;0.230458159;0.137578438
NA;0;0;0;1.20331634;0;NA;NA;0;0
NA;0.821846308;0.465194257;0;0.334692798;0;NA;NA;0.219110125;0
NA;2.356969137;2.129580839;0;27.98483004;0;NA;NA;1.016693124;0
NA;2.857781609;3.39898086;4.724353851;26.91206139;0.639682881;NA;NA;2.905356274;3.057668101
NA;3.194009796;3.671152057;2.55971353;12.52378505;0.491624413;NA;NA;3.009788922;0.719994242
NA;3.361135917;5.238836806;3.774678463;2.028982659;0.228212834;NA;NA;0.970304287;1.245614347
NA;31.89101515;21.6899397;32.94341288;41.26695549;15.2843404;NA;NA;32.9470429;23.18438265
NA;0.113411552;0;0;0.859600588;0;NA;NA;0.271816864;0
NA;0.441106649;0.395574052;0;0.985812855;0;NA;NA;0.17555626;0
NA;0.278843888;0.269315304;0;0.140380533;0;NA;NA;0.123135261;0.268697113
NA;0.210961886;1.54842681;0;0.232115711;0;NA;NA;0.203157968;0.102655929
NA;1.123861288;0.457534746;0;7.332747024;0;NA;NA;1.376278595;0.585321233
NA;0.481887032;0;0;0.207670469;0;NA;NA;0.20637342;0
NA;0.612168649;0;0;2.61083112;0;NA;NA;0.237534628;0
NA;0.483484374;0;0;0;0;NA;NA;0.196233949;0
NA;11.40399825;15.59861563;0;4.424758251;1.708109845;NA;NA;4.981057872;0.936720007
NA;5.488739036;3.193891662;0;4.279454695;0.758714786;NA;NA;3.807628606;1.161727752
NA;1.997647787;0;0;3.796787433;0;NA;NA;0.889555761;0
NA;2.826352133;1.757869064;0;4.598343781;0;NA;NA;1.390822115;0
NA;4.258845536;2.991985238;0;7.240701654;0;NA;NA;3.467099353;0.068788339
NA;0;0;0;0;0;NA;NA;0;0
NA;10.92553929;16.86937715;13.54472449;7.40693937;6.009289028;NA;NA;3.945417018;3.952051284
NA;27.30669534;23.3981339;17.11251682;38.39645319;6.991789494;NA;NA;26.08891674;9.179370661
NA;6.814599835;0;3.018587586;9.377368853;4.749626054;NA;NA;8.948345832;4.505644343
NA;0;0;0;0;0;NA;NA;0;0
NA;0.347429055;0;0;2.706113812;0;NA;NA;0.459031724;0
NA;0;0;0;0.077464493;0;NA;NA;0;0
NA;0.635799851;0.59012993;0;2.140738731;0;NA;NA;0.471241279;0
NA;1.909258792;2.990598755;0;8.657841089;0;NA;NA;1.092788427;0.56795672
NA;1.160970475;0.403979838;0;8.741294996;0;NA;NA;0.728209977;0.32633526
NA;34.93671418;56.41770746;26.82678754;27.65357434;25.31680935;NA;NA;15.13599163;23.64469657
NA;10.80816526;12.00971555;11.80901086;26.56465079;9.348045802;NA;NA;4.670907701;5.117577569
NA;25.69413381;20.37381556;3.639961776;58.80179929;7.757108558;NA;NA;15.24080553;7.944288429
NA;0.431939321;0;0;2.575200285;0;NA;NA;0;0
NA;0.327288638;0;0;7.209880585;0;NA;NA;0.387614641;0
NA;0;0;0;0;0;NA;NA;0;0
NA;0;0;0;0;0;NA;NA;0;0
NA;0;0;0;0.104941611;0;NA;NA;0;0
NA;0;0;0;0;0;NA;NA;0;0.086653372
NA;0;0;0;0;0;NA;NA;0;0
NA;0.071055656;0;0;0.262248368;0;NA;NA;0;0
NA;1.093592925;0.769535527;0;1.462727096;1.047640473;NA;NA;1.161517999;1.784514872
NA;0;0;0;0.091499221;0.200128763;NA;NA;0;0.251457255
NA;0;0;0;0;0;NA;NA;0;0.066316992
NA;0;0;0;0.336365648;0;NA;NA;0.080708204;0.08516084
NA;1.897856214;1.009211707;0;2.369864128;2.323924127;NA;NA;1.665718171;1.123267388
NA;0;0;0;0;0;NA;NA;0;0.070150969
NA;0;0;0;0.274623495;3.615428072;NA;NA;0;0
NA;4.990971419;2.009964673;0;7.826529478;1.826500345;NA;NA;4.649817822;2.335307114
NA;2.229785289;1.278942578;0.630983702;1.891881115;0;NA;NA;1.978487695;1.687280027
NA;0.820931621;0.299706332;0.778127568;0.895803827;0;NA;NA;0.573827602;0.295558399
NA;0;0;0;0.093124049;0;NA;NA;0;0
NA;1.342967425;0.557209138;2.262315373;1.903726828;0;NA;NA;1.153323669;0.604135856
NA;2.755705266;1.162703018;3.746914153;3.415004797;1.021139681;NA;NA;2.477224575;1.323522964
NA;0.383717491;0;0.53413647;0.33568631;0.297025087;NA;NA;0.228017338;0.305612856
NA;0.05380373;0;0;0;0;NA;NA;0.242846826;0
NA;0;0.120046945;0;0.219291313;0;NA;NA;NA;0.10739153
NA;0.536999381;0.209793205;0.208776274;0.613632236;0;NA;NA;NA;0.226809064
NA;0.265779957;0;0.448671285;0.541380179;0.137202871;NA;NA;NA;0.67420239
NA;0.165585931;0.157283247;0;0.089876676;0;NA;NA;NA;0
NA;1.787896171;1.782166957;0.68828169;1.940385943;0;NA;NA;NA;0
NA;5.289344318;4.180200288;3.17520264;10.79746078;0;NA;NA;NA;0.449930919
NA;18.83802696;23.79332007;8.674360514;11.43467309;1.29671517;NA;NA;NA;1.511328633
NA;10.31266435;14.57529272;5.737904814;10.09875399;0.347119515;NA;NA;NA;1.339220838
NA;5.075979144;6.350618945;1.052726381;4.538023018;0;NA;NA;NA;0
NA;1.708772747;1.037366886;0.471056069;1.137195298;0;NA;NA;NA;0
NA;11.08912931;11.69608628;17.12797279;31.84039412;8.699358412;NA;NA;NA;8.659445673
NA;11.90995024;12.35409283;4.388057787;9.816512202;0.141722446;NA;NA;NA;1.017287049
NA;5.344288299;18.12174509;5.260821292;7.126094114;0.643816608;NA;NA;NA;1.634021581
NA;6.171292922;8.741319011;1.353538468;16.61137588;2.73161235;NA;NA;NA;0.710528552
NA;0.685968445;1.255631425;0;1.262544979;0.242486692;NA;NA;NA;0.165087509
NA;3.980556754;5.592378478;14.10144212;14.42109748;2.970635279;NA;NA;NA;5.581514409
NA;3.882437434;4.319880094;5.188024178;9.246690834;2.128126855;NA;NA;NA;2.102510286
NA;0.341178824;0;0.326816532;0.724065224;0.222694549;NA;NA;NA;0.733289105
NA;0;0;0;0;0;NA;NA;NA;0
NA;0;0;0;0;0;NA;NA;0;0
NA;4.604357808;0;0;0.133127527;0;NA;NA;0;0
NA;1.746262999;1.151656059;0;2.753532336;0;NA;NA;NA;0.232944082
NA;1.682231204;0.827254339;1.521613461;1.820189699;0.935822973;NA;NA;NA;1.17067086
NA;0;0;0.288048533;0;0.161129634;NA;NA;NA;0.24900108
NA;2.615636899;2.652004061;0.335154748;3.428319419;0.475899457;NA;NA;NA;0.125794126
NA;3.770891999;6.097766004;1.24926885;3.288915304;0.1821758;NA;NA;NA;0
NA;15.73549086;19.32394548;12.91496585;7.557696078;5.829585107;NA;NA;NA;4.342225346
NA;13.07624863;18.51862152;12.37327249;8.187837581;4.312914974;NA;NA;NA;3.453839525
NA;20.2097452;13.13660231;10.77069098;15.33650107;2.877617447;NA;NA;NA;4.813254523
NA;7.329465322;2.648062747;3.964153757;6.745888807;0;NA;NA;NA;0
NA;3.900610269;6.516980384;9.487557267;61.64813023;0.348543293;NA;NA;NA;0.532364543
NA;17.0778221;23.61254879;14.04937393;10.48551365;2.040848625;NA;NA;NA;5.043023551
NA;0;0;0;0;0;NA;NA;NA;0
NA;0;0;0;0;0;NA;NA;NA;0
NA;0;0;0;0.317332525;0;NA;NA;NA;0
NA;0.609691426;0;1.051380184;1.785665126;0;NA;NA;NA;0.299428055
NA;1.059196708;1.270890151;1.0597489;1.321454252;0.256911328;NA;NA;NA;0.436797995
NA;0.634732377;0.707535827;0;2.900996986;0;NA;NA;NA;0
NA;34.17193562;35.75221295;19.76364259;28.08892901;10.37262233;NA;NA;NA;9.63061334
NA;10.98024999;5.830010895;6.251703651;8.983073557;4.460360261;NA;NA;NA;7.238082852
NA;0;0;0;0;0;NA;NA;NA;0.119505186
NA;0.072225543;0;0;0;0;NA;NA;NA;0
NA;11.80611538;6.007986914;15.05832332;14.79113816;7.432970228;NA;NA;NA;13.24404221
NA;4.786257091;2.330047527;3.471484812;4.017569746;0.588990867;NA;NA;NA;1.635777206
NA;2.391182429;2.632705889;0.697398022;1.825003066;0.150337173;NA;NA;NA;1.343573752
NA;6.909537008;3.892493604;5.524592054;6.73722576;0;NA;NA;NA;1.305602234
NA;1.051387853;0;0.82898292;0;1.200937753;NA;NA;NA;0.455347316
NA;2.332689365;1.618356815;0.877355106;1.0466053;0.645523364;NA;NA;2.364681183;0.785607339
NA;19.26186177;10.5775864;14.13184948;22.15762955;8.379750743;NA;NA;19.24047287;10.9835322
NA;3.494452652;1.14337162;3.905844897;2.64647235;0.396758961;NA;NA;2.455463385;1.348011542
NA;2.479866035;4.136421023;0.167937745;2.61321039;0.331368396;NA;NA;3.719893907;0
NA;7.420906944;12.38027531;6.702982773;5.29886357;1.086663639;NA;NA;5.634317943;3.781129682
NA;8.29309784;4.231661426;11.12521457;9.736747455;5.464379409;NA;NA;9.961906881;8.527920504
NA;4.421418243;3.415052895;2.987793095;2.753227379;0.599659386;NA;NA;1.235580736;2.883589136
NA;0;0;0.794935686;0;0.302357991;NA;NA;0;0.636527072
NA;2.359460061;0.983576525;1.75151821;3.155472712;0.216300536;NA;NA;2.220451917;1.645836398
NA;1.191959151;0.279103006;0;1.243952634;0;NA;NA;0;0
NA;1.298320713;1.842065816;2.260428043;1.383515673;0;NA;NA;0;0.420182713
NA;0;0.885554626;0;1.404840452;0;NA;NA;0;0
NA;1.031959917;0;0;0;0;NA;NA;1.324068613;0
NA;0.290324131;0;0;0.782343365;0;NA;NA;0;0
NA;16.35604729;21.26370665;9.903041126;15.78856043;11.84125498;NA;NA;17.02313908;5.85360642
NA;15.43565448;7.602547187;4.827765024;12.93193209;7.591155862;NA;NA;12.11753219;3.599573251
NA;0;0;0;0.817513902;0;NA;NA;0;0
NA;5.75312471;3.811595992;4.277053168;7.814708062;2.187092865;NA;NA;6.250846286;2.53349886
NA;12.30757845;4.81257453;10.75600777;10.26051502;4.611277989;NA;NA;9.678460915;5.845483575
NA;0;0;0;0;0;NA;NA;0;0
NA;0;0;0;0.15975542;0;NA;NA;0;0
NA;20.92093639;13.50502319;24.98172586;22.58469139;21.95619255;NA;NA;16.60855999;21.71556661
NA;12.92690927;8.864317985;11.97743559;17.35984027;7.815518832;NA;NA;15.00821747;12.21712783
NA;7.362244881;7.45979522;2.340805146;4.970802206;0.156926874;NA;NA;4.748089264;0
NA;8.058042031;8.120845137;6.66843236;4.032013658;2.73252286;NA;NA;5.569961001;NA
NA;1.002500988;1.004805892;0;0.150785216;0.473428757;NA;NA;0.692295982;NA
NA;3.934133579;6.383375375;0.677479915;4.051732034;2.005795506;NA;NA;1.928575175;NA
NA;0;0;0;0;1.464299644;NA;NA;0;NA
NA;0;0;0;0;1.056913719;NA;NA;0;NA
NA;2.794832901;2.728115276;0;1.967074731;1.75005416;NA;NA;1.397396188;NA
NA;5.243472197;5.30317879;3.457408518;6.432814376;2.835555608;NA;NA;4.500488968;NA
NA;6.829925928;5.187831894;10.50435589;6.594649312;2.443438977;NA;NA;5.821770109;NA
NA;12.94497868;8.493003917;10.00151294;8.588974221;0.515423596;NA;NA;8.080058811;NA
NA;1.540736763;1.240618558;0;1.331999176;0;NA;NA;0.393875264;NA
NA;1.776894633;1.198827472;0.531727143;0;0;NA;NA;0;NA
NA;0;0;0;0;0;NA;NA;0;NA
NA;0;0;NA;0;0;NA;NA;0;NA
NA;0.558500337;0.108010352;NA;1.002459612;0;NA;NA;0.385649363;NA
NA;34.86071527;25.90045766;NA;47.3143915;33.07404356;NA;NA;36.19045706;NA
NA;15.8962012;17.58743048;NA;26.2884131;9.233270868;NA;NA;20.81854528;NA
NA;16.63529095;5.471048522;NA;10.35079815;2.555557017;NA;NA;11.76282356;NA
NA;14.20697639;12.87606138;NA;11.38234214;4.516759395;NA;NA;11.39867156;NA
NA;5.61626915;2.466774046;NA;6.011115707;4.000177293;NA;NA;3.799187021;NA
NA;0.698615011;0;NA;0;0;NA;NA;0.505415245;NA
NA;0;0;NA;0.106181781;0;NA;NA;0.709093421;NA
NA;22.18751143;9.15161955;NA;22.46168197;4.414082248;NA;NA;15.08806307;5.997503165
NA;4.757842925;3.556827568;NA;8.505050271;1.077894115;NA;NA;5.626643766;6.230052271
NA;0;0;NA;0;1.856266831;NA;NA;0;0
NA;0;0;NA;0;0;NA;NA;0;0
NA;0;0;NA;0;0;NA;NA;0;0
NA;0.292080682;0;0;1.001432912;0;NA;NA;0;0
NA;6.292847507;NA;2.97221407;3.205555524;1.615920324;NA;NA;4.053417532;3.421506863
NA;0;NA;0.534546372;0;0;NA;NA;0;0
NA;4.314806528;NA;5.407862611;2.589794403;0.300204731;NA;NA;3.52341962;1.738091974
NA;10.42790517;NA;10.8345608;7.70319645;5.831717982;NA;NA;8.680801069;6.156758008
NA;0.537264081;NA;1.105514565;1.031012287;0;NA;NA;0;0
NA;0;NA;0;0;0;NA;NA;0;0
NA;0;NA;0;0;0;NA;NA;0;0
NA;0;NA;0;0;0;NA;NA;0;0
NA;7.789852601;NA;2.537477919;8.000410993;0;NA;NA;7.001010072;0.709943905
NA;0;NA;0;0;0;NA;NA;0;0
NA;3.221461206;NA;0.338699839;2.010275656;0;NA;NA;1.118948671;0
NA;13.31155617;NA;3.634607619;11.46721794;3.445600271;NA;NA;8.58508723;4.272480101
NA;0;NA;0;0;0;NA;NA;0;0
NA;4.26286193;NA;6.947560246;5.132907347;2.240339823;NA;NA;4.66122626;3.88133466
NA;15.73539762;4.35191025;8.462276708;12.88004367;9.292385874;NA;NA;10.84470253;5.560621331
NA;0;0;0;0;0;NA;NA;0;0
NA;0;0.121640029;0.186414674;0.12190558;1.58105391;NA;NA;0;3.810460768
NA;0;0.303532524;0;0.356863833;0;NA;NA;0;0
NA;6.001004189;3.859267749;6.140737785;4.000865446;2.51765259;NA;NA;5.151674037;3.315875348
NA;0;0;0;0;0.050577523;NA;NA;0;0
NA;1.163594821;0.502370567;2.602375996;0.831795761;2.494674141;NA;NA;0.407950473;1.925332386
NA;4.079404719;2.079506604;15.32647823;5.731085747;8.27264732;NA;NA;4.858211821;9.195607209
NA;0;0;0;0;0;NA;NA;0;0
NA;0;0;0;0;0;NA;NA;0;0
NA;0;0;0;0;0;NA;NA;0;0
NA;6.150592973;4.144862739;5.302488843;5.022753531;0.396765404;NA;NA;5.395015934;3.504072218
NA;0;0.261986231;0;0.601591584;0;NA;NA;0;0
NA;0;0;0;0.389573229;0;NA;NA;0;0
NA;0;0.619122213;0;0.086605025;0;NA;NA;0;0
NA;21.00631121;18.00385319;16.29415717;24.04731779;16.37174831;NA;NA;21.25464456;16.49794862
NA;0;0;2.244690141;NA;0.848351194;NA;NA;0;0.890667688
NA;13.01480726;12.63084984;7.387046395;NA;4.542253216;NA;NA;10.76405821;7.997681786
NA;13.98518097;21.75216973;16.18184257;NA;8.987506662;NA;NA;15.66906407;10.34195959
NA;20.36535976;16.84675674;15.48006453;NA;21.05533421;NA;NA;23.9660798;17.44868813
NA;8.967705142;0;7.616300966;NA;15.86510412;NA;NA;10.88994978;6.991956018
NA;0;NA;1.184148977;NA;0.867788636;NA;NA;1.418704617;2.515004724
NA;10.70198486;NA;5.582448074;NA;1.30000005;NA;NA;3.967129843;1.456730889
NA;0;0;0;NA;0.200000132;NA;NA;0;0
NA;0;0;0;NA;0;NA;NA;0;0
NA;0;0;2.706624082;NA;2.100000003;NA;NA;0;1.049636036
NA;3.999983036;3.905883914;1.860804023;NA;0.400000001;NA;NA;1.983811018;0.517379803
NA;1.000010082;0;0.507494218;NA;0.400000002;NA;NA;0;0.318190581
NA;0;0;0;NA;0;NA;NA;0;0
NA;1.000010197;0;0;0;0;NA;NA;0;0
NA;5.871144667;NA;0.676665537;NA;0.300000008;NA;NA;1.128947321;0.102348202
NA;2.793105153;NA;0.169176346;NA;0;NA;NA;0;0.119177364
NA;0;NA;1.691642083;NA;0.1;NA;NA;0;0
NA;0;NA;0;NA;0;NA;NA;0;0
NA;0;NA;0;NA;0;NA;NA;0;0
NA;0;NA;0.338328;NA;0.1;NA;NA;0;0
NA;0;0;0;0;0;NA;NA;0;0
NA;0;0;0;NA;0;NA;NA;NA;0
NA;6.669086002;3.62443604;1.691640011;NA;0.1;NA;NA;NA;0
NA;1;0.375566002;3.214116002;0;3.2;NA;NA;NA;2.4308319
NA;0;0;0;0;0;NA;NA;NA;0
NA;0;0;0;0;0;NA;NA;NA;0
NA;0;0;0;0;0;NA;NA;NA;0
NA;0;0;0;0;0;NA;NA;NA;0
NA;0;0;0;0;0;NA;NA;NA;0
NA;0;0;0;0;0;NA;NA;NA;0
NA;1.00001;1.000009;0;0.544796;0;NA;NA;NA;0
NA;0;0;0;0;0;NA;NA;0;0
NA;0;0;0;0.241931;0;NA;NA;0;0
NA;0;0;1.69164;0.213296;0.1;NA;NA;0;1.9003228
NA;0;0;0;0;0;NA;NA;0;0.1654814
NA;2.000002;1.396079004;3.044952002;0;1.000000006;NA;NA;1.000043;0.3392247
NA;0.999999005;0.603924107;1.691640406;0.766526762;0.700001496;NA;NA;1.000049005;0.631053014
NA;6.000001003;5.999987637;9.642349442;4.233489625;4.28609181;NA;NA;8.000020004;7.145022563
NA;0;1.000010072;0;0;0;NA;NA;0;0
NA;5;4.004828003;4.229100001;2.938763002;1.609090002;NA;NA;5.000001;4.09429
NA;12.14203013;8.940758711;5.58430823;11.74512457;3.309149718;NA;NA;10.00011846;3.541992282
NA;2.815087109;2.072675413;0.169253248;3.374834446;0;NA;NA;0;0
NA;0;0;0;0;0;NA;NA;0;0
NA;0;0;0;0;0;NA;NA;0;0
NA;0;0;0;0;0;NA;NA;0;0
NA;0;0;0;0;0;NA;NA;0;0
NA;0;0;0.507492;1;0;NA;NA;1.132731;0
NA;0;0;1.353312;0;1.9;NA;NA;0.476381;1.215445
NA;0;0;0;0;0;NA;NA;0.210256;0
NA;1.04277;0.999999;1;2.000033;12.850639;NA;NA;0.1806;2.1715056
NA;0;0;0;0;0;NA;NA;0;0
NA;17.000024;15.00000203;3.721608001;18.50976102;8.079264512;NA;NA;17.999994;12.7858872
NA;0;0;0;0;0;NA;NA;0;0
NA;0;0;0;0.134238;0;NA;NA;0;0
NA;0;0;0;0;0;NA;NA;0;0
NA;0.849826;0.869682002;2.3;0;0;NA;NA;0;0.5994578
NA;0;0;0;0;0;NA;NA;0;0
NA;0;0.130317;0;0.355958;0;NA;NA;0;0
NA;0.150226;0;0;0;0;NA;NA;0;0
NA;0;0;0;0;0;NA;NA;0.999951;0
NA;0;0;0;0;0;NA;NA;0;0
NA;5.08655;5.765337;1.8;4.999978;0;NA;NA;5.999985;1.5716605
NA;3.915234;6.234693;0;5.000001;0;NA;NA;12.43418;0
NA;0.9982;0.892016001;1.700000002;0.999999;0.730096903;NA;NA;2.565764;2.2624883
NA;2.999966;1.943522;2.7;1.998122;5.6697462;NA;NA;0.844465;3.6143952
NA;0;0;0;0;0;NA;NA;0;0
NA;1.999965;0.639184002;0;1.001763008;0;NA;NA;0.155535;0
NA;15.76652931;13.52903968;14.25315935;13.00170566;7.612892637;NA;NA;22.60485245;9.419943681
NA;8.9311617;7.440839278;11.6109995;6.91320589;2.808488828;NA;NA;0.366602996;6.338601314
NA;0;0;3.65396623;3.007628576;0;NA;NA;0;1.961652158
NA;0;0;0;0;0;NA;NA;0;0
NA;0.968918182;0;0;0;0;NA;NA;0.600182351;0
NA;1.071191999;0;0;0;0;NA;NA;0;0
NA;0.064300001;0;0;0;0;NA;NA;0;0
NA;0;0;0;0;0;NA;NA;0;2.1151375
NA;14.43976385;5.06123722;10.35806322;7.109123229;2.141733517;NA;NA;3.428365202;7.163021613
NA;0;0;2.888327996;3.000017399;0;NA;NA;0.274449086;2.250053482
NA;0;0;0.169200747;0;0;NA;NA;0;0.182553381
NA;0;0.162833876;0.853248596;1.035940617;0;NA;NA;0;0.070552929
NA;0;0;0;0;0;NA;NA;0;0
NA;9.490394082;8.098509021;6.390463363;9.019465418;5.280503476;NA;NA;5.997267084;6.002147663
NA;28.00333013;23.66266013;24.70846917;38.26137353;28.53109021;NA;NA;33.08141156;25.79757591
NA;0;0;0;0;0;NA;NA;0;0
NA;0;0;0;0;0;NA;NA;0;0
NA;0;0;0;0;0;NA;NA;0;0
NA;0;0;0;0;0;NA;NA;0;0
NA;13.74246318;9.062615766;18.33637922;21.687142;10.68522118;NA;NA;11.37921214;15.39246618
NA;4.222987758;3.54766688;8.959077352;4.331260569;4.789588576;NA;NA;3.767693011;5.815150706
NA;24.67664641;13.56425038;16.10156822;29.59360942;22.44093532;NA;NA;23.18636341;15.25332294
NA;0;0;0;0;0.716997998;NA;NA;0;0
NA;2.697310814;1.91254868;7.970320652;3.087678653;0.244914026;NA;NA;2.246578044;0.9182484
NA;0;0;0;0;0;NA;NA;0;0
NA;0;0;0;0;0;NA;NA;0;0
NA;0;0;0;0;0;NA;NA;0;0
NA;0;0;0;0;0;NA;NA;0;0
NA;0;0;0;0;0;NA;NA;0;0
NA;1.000010391;0.999985318;0;1.000010305;0;NA;NA;0.191400075;0
NA;0.959616897;0;0;2.00007118;0;NA;NA;0.808637756;0
NA;0;0;0;0;0;NA;NA;0;0
NA;0;0;0;0;0;NA;NA;0;0
NA;0;0;0;0;0;NA;NA;0;0
NA;0.143288002;1.00000003;2.537460024;1.000010049;0.500000025;NA;NA;1.000001013;0.844616402
NA;1.897199007;2.000070506;3.21411609;1.221117361;0;NA;NA;2.000022007;0.073214111
NA;0.111916;0.185520043;0;0;0;NA;NA;0.176652001;0
NA;18.12178564;17.82240342;4.000932493;13.78826298;1.501904295;NA;NA;14.82351585;0.951059584
NA;4.850649501;1.666962866;0;0.154771802;0;NA;NA;2.003413053;0
NA;0.564691252;0;0;0;0;NA;NA;1.115324974;0
NA;0;0;0;0;0;NA;NA;0.086300686;0
NA;6.650814041;5.104446221;2.814670806;10.43218228;5.729823384;NA;NA;6.432623816;5.088952943
NA;0;1.168697856;3.931156876;5.243854465;3.566279004;NA;NA;0.682374256;1.910685204
NA;4.203285639;3.979060521;9.092948821;5.095443418;3.624444576;NA;NA;2.662925599;5.815521804
NA;0;0;0;0;0;NA;NA;0;0
NA;1.23908755;0;0;1.000583587;0;NA;NA;0;0
NA;0;0;0;0;0;NA;NA;0;0
NA;0;0;0;0;0;NA;NA;0;0
NA;0;0;0;0.333518615;0;NA;NA;0;0
NA;0;0;0;0;0;NA;NA;0;0
NA;0;0;0;0;0;NA;NA;0;0
NA;0;0;0;0;0;NA;NA;0;0
NA;0;0.33832013;0;0;0;NA;NA;0;0
NA;0.737917177;0.869573766;0;0;0;NA;NA;0;0
NA;0;0;0;0;0;NA;NA;0;0
NA;6.325971441;5.069658807;1.853381566;6.000775524;0;NA;NA;3.150330489;1.451248376
NA;24.78691141;21.76675177;14.11942892;22.12038367;13.57784839;NA;NA;24.31232645;15.01240749
NA;1.114443495;2.240076192;0;1.388692415;0;NA;NA;1.028938673;0
NA;0;0.216686383;0;0;0;NA;NA;0;0
NA;0;0;0;0;0;NA;NA;0;0
NA;0;0;0;0;0;NA;NA;0;0
NA;0;0;0;0.325477295;0;NA;NA;0;0
NA;1.765738203;1.924304895;0;3.312451311;0;NA;NA;0.935732752;0
NA;3.476199108;2.467921472;0;1.158680905;0;NA;NA;1.417415296;0
NA;34.19483985;37.96823381;10.86853707;22.07502984;12.8633844;NA;NA;26.81405663;6.082891808
NA;1.765522331;0.811339419;0;1.254769918;0;NA;NA;1.64057876;0.365299217
NA;13.04330277;8.712041361;1.176499776;2.686197105;0.207198028;NA;NA;8.17731786;1.678122695
NA;6.61674431;15.08267371;5.427528332;4.176783449;0;NA;NA;5.759024141;0.742998394
NA;0;0;0;0;0;NA;NA;0;0
NA;0;0;0;0.44844308;0;NA;NA;0;0
NA;0;0;0;0;0;NA;NA;0.256830098;0
NA;0.358514068;0;0;0;0;NA;NA;0.687397197;0.085994193
NA;0;0;0;0;0;NA;NA;0;0
NA;19.97498421;13.64082014;19.18738633;21.82815777;5.682087974;NA;NA;16.53794931;14.41793761
NA;4.884413552;2.387992379;3.714277373;2.284119638;8.176244672;NA;NA;3.55519494;2.93644873
NA;1.422237729;0.483610949;0.198518456;2.434849273;0;NA;NA;0.656192157;0.11255657
NA;25.77018455;24.81261055;4.458764769;19.20852068;0.982141175;NA;NA;20.95875687;1.701906739
NA;0.256259019;0.334053506;0.100644302;2.991779098;0;NA;NA;1.488174353;0
NA;30.44176278;18.05031077;11.27466572;15.12943716;2.854014942;NA;NA;20.93656543;9.995015005
NA;1.919773134;3.141528544;4.291924136;0;0;NA;NA;2.295527059;0.436975341
NA;0;1.631333886;1.07182305;0;0;NA;NA;0;0
NA;11.64757839;13.61602262;13.708205;16.17448061;5.340383506;NA;NA;8.126514672;9.383180449
NA;2.365490311;0;10.46336555;3.219504863;3.639563764;NA;NA;0;3.727736075
NA;0.756279281;0;0.581714056;0.733087864;1.036767907;NA;NA;0.629238403;1.056455236
NA;0;0;0;0;0;NA;NA;0.125547932;0
NA;0.346603864;0;0;0;0;NA;NA;0;0.091919635
NA;0;0;0;0;0;NA;NA;0;0.128966669
NA;0.702315851;0;0;0;0;NA;NA;0.097283879;0.124433428
NA;0.345365652;0;0;0;0;NA;NA;0;0.113981681
NA;2.67719959;0;0;0;0;NA;NA;0.132176185;0.121928845
NA;0.875566884;0;0;0;0;NA;NA;0;0
NA;3.065171111;0;0;0;0;NA;NA;0;0.076140304
NA;3.52964346;0;0;1.76907334;0;NA;NA;0;0.209913198
NA;0;4.07651074;0.442203354;1.223106618;0.44500448;NA;NA;1.360519425;0
NA;0;3.683416708;1.256608508;4.863872314;0.371777706;NA;NA;2.320842503;0
NA;0;0.322073403;0;0.517905569;0;NA;NA;0.144235013;0
NA;1.873713862;5.146036013;2.062205393;4.095973168;0;NA;NA;1.73525693;0.139787891
NA;2.052423146;2.140159354;1.045514682;1.8328882;0.113619596;NA;NA;1.015368716;0.402930962
NA;8.919537832;10.27920004;7.625339859;7.734794459;2.996670144;NA;NA;8.314297551;6.850698249
NA;53.80873126;79.2993772;22.50584052;17.37850968;19.93041363;NA;NA;40.4807099;13.52897753
NA;93.98840341;39.56058334;58.09615393;36.23108881;51.2921521;NA;NA;68.50147955;60.88520687
NA;1.9565111;0;0.64391298;1.161989936;0.584528531;NA;NA;1.624919694;1.426223838
NA;1.059782144;0;0;0.289920288;0;NA;NA;0.240167459;0
NA;1.521151864;0;0;0;0;NA;NA;1.262291035;0
NA;0.874611582;0.128451645;0;1.388039384;0;NA;NA;0.489283106;0
NA;0.759539753;0.326785193;0;0.344514877;0;NA;NA;0.239596399;0
NA;0;0.464001551;0;0;0;NA;NA;0.459892068;0
NA;6.942770958;6.721510057;0;3.015089476;0;NA;NA;2.066740321;0
NA;7.424447889;0;0;3.407642916;0;NA;NA;6.928284104;0.94377205
NA;0;0;0;0;0;NA;NA;0;0
NA;0;0;0;10.18224726;0;NA;NA;0;0
NA;0;0;4.402288701;19.31590683;0;NA;NA;0;0
NA;0;0;0;0;0.140589239;NA;NA;0;0
NA;0;6.131827916;3.342484744;2.89608635;6.343165857;NA;NA;0;1.010003093
NA;0.599417559;0.079955132;0.339691527;1.385952736;0.536758035;NA;NA;0;0
NA;3.451496458;4.089449153;10.84622903;6.098178369;3.276071876;NA;NA;3.190017201;5.238990763
NA;0;0;0.215736415;0;0;NA;NA;0;0.064590363
NA;0;0;0;0;0;NA;NA;0;0.061073301
NA;0.493148053;0;0;0;0;NA;NA;0;0
NA;2.081164767;0;0;0;0;NA;NA;0;0.094593625
NA;2.928302128;2.718943289;0.145784458;1.690773204;0;NA;NA;0.661130763;0.5598015
NA;10.93235852;14.99505851;3.094805341;9.383825461;0;NA;NA;10.4310293;0.864546484
NA;0.418900975;1.076074762;0.493403796;4.631221553;0;NA;NA;0.273747208;0.148217858
NA;2.207211328;1.392138821;0.533804818;9.320993852;0;NA;NA;1.266138622;0
NA;0;0;0.281327987;1.301782597;0;NA;NA;0.129353606;0
NA;8.895914453;15.35015488;3.664519109;5.383340509;0.868760771;NA;NA;4.321410036;1.155650194
NA;3.665750602;5.341273798;1.495850013;2.62500476;0;NA;NA;2.88759376;0.810233318
NA;1.071750083;0;1.607303854;0.699097589;0.699513321;NA;NA;0.63446471;0.483667096
NA;1.18658623;0.155155237;1.479202629;2.044062176;0.643690263;NA;NA;1.317511913;0.350168776
NA;1.830049423;1.871482327;1.725755799;1.594089931;0.698956333;NA;NA;1.06566459;1.076797896
NA;2.820586493;1.505922546;7.410863433;4.546616908;2.566183552;NA;NA;3.419017838;3.101442306
NA;1.138359088;0;2.549080048;0.540710085;0.651028736;NA;NA;0.432187567;1.1556726
NA;0;0;0;0;0;NA;NA;0.166182988;0
NA;0;0;0.720993376;0;0;NA;NA;0.121202582;0
NA;2.693145429;0.90017179;0;0.808100976;0;NA;NA;0.373051765;0.086927877
NA;12.21334783;2.959760049;6.573916636;12.14696365;5.067500499;NA;NA;4.094360475;3.726400469
NA;3.983302658;1.291252298;3.418607271;3.679604503;1.020266852;NA;NA;3.705622195;2.32466673
NA;5.814922468;4.208212126;1.725293456;4.012082578;0.261469362;NA;NA;2.590827747;0.514983229
NA;4.060329786;5.0821859;1.085164405;3.264165964;1.080068014;NA;NA;2.693879983;0.279346436
NA;20.95389486;5.353090121;5.727139709;7.398822689;2.124745753;NA;NA;9.107168118;4.873977649
NA;2.153197132;0.118135578;0;3.389851421;0;NA;NA;1.364383688;0.180205103
NA;0;0;1.935617833;0.328527566;0.944880084;NA;NA;0.285138181;1.366467631
NA;0.22602767;0;0;0.109148684;0;NA;NA;0;0
NA;0;0;3.273252804;0.277609375;0;NA;NA;0.272018957;0.168330501
NA;0;0;0.84076182;0;0;NA;NA;0.110914128;0.920208806
NA;0;0;0;0;0;NA;NA;0;0
NA;1.521165137;0;0;0;0;NA;NA;0;0.163865718
NA;0;0;0;0;0;NA;NA;0;0.228373062
NA;0;0;0;0.294356557;0;NA;NA;0;0
NA;2.226992638;1.534045605;0;4.927304036;0;NA;NA;0.549432488;0
NA;0;0;0;0;0;NA;NA;0;0
NA;15.97080319;7.691852283;4.163700256;52.6013548;2.75631934;NA;NA;4.956676494;3.081092194
NA;5.630377059;1.593928356;0.400706952;4.532371996;0;NA;NA;1.076432976;0.104118534
NA;0;0;0;0;0;NA;NA;0;0
NA;0;0;0;0;0;NA;NA;0;0
NA;0;0.269116064;0;0.267122816;0;NA;NA;0;0
NA;21.43902492;7.981745971;3.526862916;5.618679519;0;NA;NA;2.551737138;0.908878541
NA;19.0457277;6.524635207;2.838817966;13.71490698;0;NA;NA;3.414016048;0.481507982
NA;1.141693643;0.575915191;0;4.159238976;0;NA;NA;0.097468276;0
NA;0;0;0;0;0;NA;NA;0;0
NA;0;0;0;0;0;NA;NA;0;0
NA;0;0;0;0;0;NA;NA;0;0
NA;0;0;0;0;0;NA;NA;0;0
NA;0.565218477;0;0;0.645156396;0;NA;NA;0.35435812;0.29769481
NA;11.89292432;3.699782316;7.411956725;13.02886121;2.5709236;NA;NA;11.2687107;4.460894854
NA;1.664401612;1.395448054;0.72137935;0.682706336;0.152950931;NA;NA;0.859822397;0.51892083
NA;4.698048635;2.445091784;0.771957281;7.138253665;0.455288311;NA;NA;1.719443235;0.444688929
NA;8.598953992;5.031543256;0.817428224;5.171773014;0;NA;NA;4.176011846;0.468882506
NA;2.430413567;1.120097395;2.549631431;2.573339466;0;NA;NA;0.716170253;0
NA;37.75520226;22.39227625;5.421258747;5.156069781;0.910155642;NA;NA;6.817983771;1.717562198
NA;81.5674225;139.6452138;19.71605838;16.35889247;30.25309865;NA;NA;49.8113067;10.4111778
NA;41.00833217;10.44157714;3.79268988;19.61976466;0;NA;NA;11.49995018;0.930222077
NA;0;0;0.122789806;0;0;NA;NA;0;0
NA;8.206045089;4.743404811;2.476267289;6.193586257;0;NA;NA;4.526550614;0.414778404
NA;4.351578045;0;0.834551884;0;0.187785889;NA;NA;1.981944098;0.306660503
NA;0;0;0.124718588;0;0;NA;NA;0;0
NA;0;0;0.895722077;0;0;NA;NA;0;0
NA;0;0;0;0;0;NA;NA;0;0
NA;9.321911428;3.785490483;12.59922823;7.444522372;5.877911571;NA;NA;4.043096467;6.642114069
NA;0.157719561;0.379832851;2.354543797;0.550488474;0.401269199;NA;NA;0;0.781457732
NA;1.375025001;0.374926046;0.394030047;0.496849736;0.101060477;NA;NA;0;0.763373731
NA;0;0;0;0;0;NA;NA;0;0
NA;0;0;0;0;0;NA;NA;0;0
NA;0;0;1.678931573;2.617616919;0;NA;NA;0;0
NA;13.83727841;7.596609869;12.77586295;11.45508594;13.58011688;NA;NA;7.816800363;14.01893062
NA;4.512894326;0.614579779;5.896460099;6.416597511;1.50331903;NA;NA;2.361320653;4.118481646
NA;0;0;0;0;0;NA;NA;0;0
NA;0;0;0;0;0;NA;NA;0;0
NA;2.910574652;0.73602686;3.874042688;4.858838562;4.968516152;NA;NA;0.350037117;1.75996574
NA;4.175050584;1.137783359;1.933926185;4.105488489;0.938024686;NA;NA;3.062862564;2.043771505
NA;0;0;0.143275392;0;0.368251891;NA;NA;0;0
NA;2.275040981;0;4.51711386;2.283754174;1.248053934;NA;NA;1.152468706;2.941380047
NA;0;0;0;0;0;NA;NA;0;0
NA;0;0;0;0;0;NA;NA;0;0
NA;14.70189601;6.52111402;18.24471627;17.29160424;3.075242909;NA;NA;10.75418626;9.721854445
NA;0;0;0;0;0;NA;NA;0;0
NA;0;0;0;0;0;NA;NA;0;0
NA;0;0;0;2.02404988;0;NA;NA;0;0
NA;0;0;0;2.71626974;0;NA;NA;0;0
NA;1.306208888;0.733742049;0;1.933377102;0;NA;NA;0;0
NA;0.234112247;0;0;0;0;NA;NA;0;0
NA;1.09107809;0;0.62532919;0;0;NA;NA;0;0
NA;0;0;0.492417194;0;0;NA;NA;0;0
NA;0;0;0.18672094;0;0;NA;NA;0;0
NA;0.644871574;1.385675221;2.840399593;2.049692118;0.425194764;NA;NA;1.35065222;0.581711003
NA;1.038333028;0;0;0;0.1000969;NA;NA;0;0
NA;63.25451121;38.07552132;13.67268643;5.905412022;10.21163173;NA;NA;16.39392596;3.049333685
NA;44.14931559;15.02689552;17.24039734;23.57924511;9.048266519;NA;NA;20.64391103;13.70544308
NA;11.41772408;3.287490961;7.028969711;9.568003526;2.786145606;NA;NA;6.501709885;4.895179247
NA;1.716577817;0;0;0;0;NA;NA;0;0
NA;0;0;0;0;0;NA;NA;0;0
NA;7.51335374;2.734589855;1.517579218;7.223421947;0;NA;NA;1.331791846;0.283839783
NA;6.902206692;4.014794823;2.84984226;5.926347481;0;NA;NA;2.411161374;0
NA;20.73529634;16.32079104;3.337387504;13.43961086;3.66932869;NA;NA;9.070578702;1.32788672
NA;1.705509482;1.340885198;0.255767813;1.586142122;0;NA;NA;1.216132345;0.114413309
NA;1.914312161;1.177352341;2.572792442;2.681237592;1.046134022;NA;NA;1.133222341;0.662913063
NA;0;0;0;0;0;NA;NA;0;0
NA;0.814103751;0;0;2.07960486;0;NA;NA;0;0
NA;1.308235197;0;0.254925829;1.843012365;0.472641838;NA;NA;0;0
NA;0;0;0.706301044;0;0.303721535;NA;NA;0;0
NA;25.88765566;17.11937838;7.132365454;16.8241485;7.59291082;NA;NA;13.3655261;5.173003686
NA;11.51768235;5.836879066;7.445991877;12.71350415;0;NA;NA;2.839953373;1.69028586
NA;0;0;0.240560699;0;0;NA;NA;0;1.444064177
NA;10.9354109;5.564312609;5.758523667;10.88052143;3.333802826;NA;NA;4.081105208;3.211960069
NA;2.719416407;0;0.304347412;2.224504966;1.273835026;NA;NA;0;1.071295788
NA;0;0.663459548;0.395251209;0;0.192740748;NA;NA;1.193196759;0.257740645
NA;1.935799803;0.563163338;0.113510922;1.585052601;0.130759197;NA;NA;0;0
NA;17.74544399;9.970559464;15.05672976;18.35269611;2.356332508;NA;NA;12.5112485;5.001875889
NA;9.56233486;5.022452179;4.800262594;6.495321674;0.772911784;NA;NA;4.543189425;2.546402018
NA;2.876095401;2.152935455;0.654972915;3.312353413;0;NA;NA;2.32228127;0.346636863
NA;0;0;0;0;0;NA;NA;0;0
NA;0;0;0;0;0;NA;NA;0;0
NA;0;0.094982476;0;0;0;NA;NA;0;0
NA;0;0;0;0;0;NA;NA;0;0
NA;39.41124147;31.32921447;7.101521535;13.66067373;2.139317709;NA;NA;15.5970033;3.834570736
NA;19.29279128;9.474053064;7.26107242;10.46428341;0.878882865;NA;NA;6.959240575;2.183337117
NA;2.598198523;0.335554557;0;2.091835289;6.193920141;NA;NA;0;0
NA;10.48516803;4.548916238;19.79466089;11.42414748;5.134466744;NA;NA;7.04370536;13.08212253
NA;0;0;0;0.190455212;6.658587362;NA;NA;0;0.129319789
NA;0;0;0;0;0;NA;NA;0;0
NA;11.60931812;6.152059039;5.847974822;8.083746315;3.852855038;NA;NA;5.522535937;3.564983466
NA;4.246120179;0.484759229;6.800589615;2.711940534;3.370069795;NA;NA;1.925807165;3.343071585
NA;0;0;0.120406473;0;0;NA;NA;0;0
NA;0;0;0;0;0;NA;NA;0;0
NA;0;0;0;0;0;NA;NA;0;0
NA;0;1.223148192;1.087668716;1.538438928;0.666391166;NA;NA;0;0
NA;0;0;0;0.310025455;0;0.453575861;NA;0;0
NA;6.686952566;1.176189343;2.749144449;3.715496494;0.15240782;2.895046986;NA;3.522625474;0
NA;4.603004577;2.336321544;4.001145733;5.331757107;0.302613213;0.076960737;NA;2.279787823;0
NA;0.44489469;0;0;0.126676076;0;0.101753214;NA;0;0
NA;0;0;0;0.329494371;0;0;NA;0;0
NA;0.773782697;0;0;0.697646338;0;0.053330338;NA;0.436758263;0
NA;11.94107097;6.927020403;5.071325458;10.23090421;1.272571333;7.881230739;NA;6.753274216;3.162458506
NA;0;0;0.13935158;0;0;0.879176005;NA;0;0
NA;13.49008519;10.99847403;12.03783849;6.169356988;0.653384235;9.021309668;NA;6.606692078;1.808536781
NA;1.600588665;0;4.400020337;0.966501143;0.273896034;0.294070192;NA;0;1.014810384
NA;0.139822799;0;0;0;0;0;NA;0;0
NA;0;0;0;0.598528306;0;0.565465546;NA;0;0
NA;0;0;0.35233082;0;0;1.49231248;NA;0;0
NA;12.92752509;4.553345364;21.04000929;7.461264717;5.235807986;3.620208228;NA;6.571326082;10.1608287
NA;16.80313082;7.632044374;14.35741123;18.74839273;2.669718369;0.209585006;NA;11.97615361;4.047072717
NA;2.221070215;1.512684631;12.62843085;1.551406325;2.917473464;0;NA;1.586264779;9.895850411
NA;0;0;0;0;0;0;NA;0;0
NA;5.359837137;3.350080097;4.783159293;9.470918384;1.050374258;0.924512035;NA;5.335046755;2.516577016
NA;0;0;0;0;0;0;NA;0;0
NA;0;0;0.192924813;0;0;0;NA;0;0
NA;2.570956394;2.354186015;0.719883364;1.352708456;0;0;NA;2.460294312;0.169351906
NA;2.562109974;1.079193221;2.68713824;2.393820077;0;1.790539548;NA;1.124722307;0.703255104
NA;0;0.425135804;0;0;0;0.101221836;NA;0;0
NA;10.1878253;6.957443673;14.92352992;15.43351339;24.08635794;4.8144253;NA;12.87151823;12.36100514
NA;0;0;0.232628804;0;0;0;NA;0;0
NA;0;0;0;0;0;0;NA;0;0
NA;0;0;0;0;0;0;NA;0;0
NA;0;0;0;0;0;0;NA;0;0
NA;0;0;0;0;0;0;NA;0;0
NA;0;0;0;0;0;0;NA;0;0
NA;0.118587468;0;0;0;0;0;NA;0;0
NA;0;0;0;0;0;0;NA;0;0
NA;0;0;0.822741329;0.999988674;0.068802028;2.389493321;NA;0.801858017;0.892932729
NA;8.999935958;7.92183644;3.986526678;7.000854198;3.56447022;4.958235402;NA;10.00025545;4.197857101
NA;1.99996668;1.000001162;9.52218872;0.999923504;0.57216476;13.085448;NA;1.00000003;4.557526715
NA;2.000028801;2.000041183;5.30240583;3.002734251;0.310828996;3.728470724;NA;4.000210165;4.74234972
NA;1.000003483;0.431680371;0.598922796;0.393670817;0;2.022054406;NA;1.026315152;0.443599815
NA;0.356530704;0;0;0;0;1.3969955;NA;0;0
NA;0;0;0;0;0;0;NA;0;0
NA;0;0;0;0;0;0;NA;0;0
NA;6.498438736;6.530489533;2.825473326;3.606332218;0.751617694;3.873420603;NA;4.903146417;1.96704486
NA;7.1130997;6.039892018;4.62280337;3.001724748;0.619297268;8.27443441;NA;3.718958343;2.327712885
NA;0;NA;3.681448437;0;0.98044542;0;NA;0;2.578592185
NA;0;NA;0;0;3.501319927;0;NA;0;0
NA;0;NA;0.0673303;0;0;0;NA;0;0
NA;0;NA;0;0;0;0;NA;0;0
NA;0;0;0;0;0;0;NA;0;0
NA;0;0;0;0;0;0;NA;0;0
NA;0;0;0;0;0;0;NA;0;0
NA;0;0;0;0;0;8.1776833;NA;0;0
NA;5.209868222;3.042374319;5.86878274;8.114169175;3.886217392;3.591346446;NA;4.35217252;5.497719197
NA;4.062409101;3.315005437;11.80887123;5.112554552;5.276568197;6.079361729;NA;4.031931803;6.176868422
NA;3.013383547;2.009653823;5.307177953;4.236665445;2.164819272;0.15790066;NA;2.001797927;2.835635652
NA;0;0.515976237;0.055395556;0;0;0;NA;0;0
NA;1.000022596;0.484157978;0;0.102263285;0;0;NA;0;0
NA;11.00002911;11.00002841;16.61372917;14.8991998;13.4448429;3.218235318;NA;13.99996089;13.85331513
NA;6.000035049;6.897777199;5.474756733;6.000039273;3.074610814;3.9002171;NA;7.424403889;5.077293908
NA;3.338181471;1.102285884;4.190367728;4.000204915;1.82143796;4.486199104;NA;2.207040246;3.498481292
NA;2.945705201;1.931686789;0.617045291;1.002939057;0.146701728;0.244117659;NA;1.02499778;0.5045275
NA;7.236410733;6.179888492;8.248055831;6.024591738;3.359089909;3.204190051;NA;6.551921836;3.976278583
NA;0;0;0.079095242;0;0;0;NA;0;0
NA;5.075774242;2.893228049;4.457832964;3.219203045;2.82288289;0;NA;4.310859223;4.936955629
NA;0;0;0;0;0;0;NA;0;0
NA;0;0;0;0;0;0;NA;0;0
NA;0;0;0;0;0;0;NA;0;0
NA;0;0;0;0;0;0;NA;0;0
NA;0.0994;0;0;0;0;0;NA;0;0
NA;11.530303;10.000001;4.4780985;21.234394;3.3584347;4.8063257;NA;10.423693;5.4672083
NA;0.518462;0.314027;0.0976471;0;0;0.9891493;NA;0.073;0
NA;6.96108601;3.685972001;6.388506701;6.384706002;2.962543001;0;NA;6.039638;4.900728
NA;0;0;0;0;0;0;NA;0;0
0;0;0;0;0;0;0;NA;0;0
0.148919165;0;0;0.404705502;0;0;0;NA;0;0.170877
0;0;0;1.178523749;0;0.509391714;0;NA;0;0.137842203
0;2.391344009;2.519098143;0.110226003;3.716501143;0.109250013;0;NA;3.252936007;0.303266102
0;1.833901411;0;0.386606302;0.66481601;0;0;NA;1.950062;0.0950417
0;0;0;0;0;0;0;NA;0;0
0;0;0;0;0;0;0;NA;0;0
0.1890498;0.988507;1.364707;0;1.030838;0;0.9716018;NA;2.741629;0
0;13.679639;5.651826;6.6245236;12.428784;8.130285;0;NA;13.099976;8.752326
0;3.569356001;NA;0;0.649276;0;0.7641176;NA;1.800045;0.0746761
0.996651619;1.214660007;NA;0.0793665;0;0;0.3604706;NA;0.200039;0
0;0.517418013;0.066600003;0;0.096100014;0.233213567;6.1146966;NA;0.4001;0.0831765
9.654210962;2.725202015;2.459445191;3.911041519;5.986337797;0.512049924;2.4742895;NA;3.357532017;2.085820114
9.108223675;14.08791242;7.396195051;12.40569227;9.808724215;4.698923853;7.046895686;NA;10.96619852;8.894026945
2.340420343;5.507960879;0;6.150175603;5.117082679;4.471352699;4.642579204;NA;4.012794291;8.673455002
0;0;0;0;0;0;0;NA;0;0
0;0;0;0;0;0;0;NA;0;0
3.898552001;2.276599;1.143167;1.6885961;2.788959001;0;3.761991;NA;1.644164;1.1453265
0;0;0;0;0;0;0;NA;0;0
0.102176854;0;0;0.164706115;0.138009805;0.206974511;1.8283258;NA;0;0.070223202
0.244711455;0.10181004;0.078800124;1.841179408;0.321966123;0.054481564;0.1083529;NA;0.333617044;0.979143847
2.455479266;0;0;0;0;0.066103339;2.1621358;NA;0;0
2.99543576;7.475314923;5.55772034;10.83458932;8.71786256;4.910907288;5.2551223;NA;7.018530555;8.811648767
0;3.552602284;1.597695053;1.186044345;2.255866387;0.254908734;0.656000002;NA;1.767059621;0.386150392
0;3.600416644;1.823251934;5.097321186;4.419184584;1.295444079;0.348280611;NA;2.190914954;4.57247195
0;0.499515681;0;0;0;0;0;NA;0.081700267;0.096591109
0.064977625;0.479416193;0;1.080545117;0.349304204;0;0.6982896;NA;0;0.917306344
0;0;0;0;0;0;0;NA;0;0
0;0;0;0;0;0;0;NA;0;0
0;0;0;0;0;0;0;NA;0;0
0;0;0;0;0;0;0;NA;0;0
0;0;0;0;0;0;0;NA;0;0
3.639366508;12.70289623;12.78860301;10.07565461;15.7326711;3.779470827;4.4709411;NA;15.935646;6.344172701
3.655943231;13.45330982;14.29241387;5.614292515;11.62845665;5.071016092;0.1679005;NA;12.68615502;5.771725258
4.666226043;5.898531345;3.799403728;1.691859794;2.546287627;1.215844796;1.824163001;NA;4.326611239;1.48894106
0;0;0;0;0;0;0;NA;0;0
0;0;NA;0;0;0;0;NA;0;0
0.90063341;0;NA;0;0;0;0;NA;0;0
0;0;NA;0;0;0;0;NA;0;0
0;0;0.1567;0;0;0;0;NA;0;0
0;0;0;0;0;0;0;NA;0;0
0;0;0;0;0;0;0;NA;0;0
3.006425302;6.145068037;4.826709;3.112865;5.976911001;3.4605301;6.422697;NA;5.541987;2.6888388
11.41455358;29.92167667;24.51691831;23.81993674;31.36077584;13.36833065;17.27709525;NA;28.43680822;18.12071889
0.158375514;10.10185458;7.276254918;18.1017418;7.060501066;9.305798947;6.510960581;NA;8.54804587;11.7035595
0;0.191365683;0;0.063982162;0;0;2.045058816;NA;0;0.483077487
0;1.593378461;0.175294151;3.473578466;1.365379997;4.031813289;0.143086;NA;1.349774116;4.180398486
0;0;0;0;0;0;0;NA;0;0
0;2.871824182;3.204164232;1.269259002;4.019265057;0.382639704;0;NA;3.464718001;1.355650501
19.03679717;31.33452329;21.1091003;38.85772102;43.70162525;29.11583599;22.38600142;NA;27.93815829;36.83570704
0;0.592308175;0;0;0;0;0;NA;2.549202084;0.252442203
0;0;0;0;0;0;0;NA;0;0
0;0;0;0;0;0;0;NA;0;0
0;0;0;0;0;0;0;NA;0;0
0;0;0;0;0;0;0;NA;0;0
0;0;0;0;0;0;0;NA;0;0.0524567
1.000000533;0;0;0;0;0.058838419;0;NA;0;0
11.55113426;2.520859474;2.749859684;3.138503064;2.500000374;1.600477066;5.022724;NA;2.724620004;1.58264301
7.458748633;3.626246552;1.814943412;1.689551651;2.460929434;0.452256077;5.691755792;NA;2.225539929;0.669620781
7.690867146;0;0;0.221371441;0.597133448;0;2.340362183;NA;0;0
20.0230817;0;0;0.17006437;0;0;14.49916766;NA;0;0
7.590333865;10.49957656;7.087061144;7.118849598;6.536229013;3.235631322;19.48287795;NA;7.722675976;5.014945955
3.277779635;0.878491676;0.824778734;0.072396166;0.878864153;0.327903911;3.616659061;NA;0.455096187;0
0;1.447035888;2.620310565;3.977771246;1.714163575;0.414664901;1.17655566;NA;1.226555228;1.333340237
0.285103109;19.35918463;19.01035948;24.91944267;19.10636277;20.08261985;8.426822057;NA;18.69682954;15.60856329
0;9.120731344;8.128354186;9.699667043;6.570816984;4.059203669;2.021881593;NA;6.378144566;5.478254629
0;0.816136544;0.269127295;0.672991044;0.629007268;0;0.252541048;NA;0.19151246;0.250524444
0;2.633375563;0.18322409;0.106352372;1.663716872;0;2.906102576;NA;2.324266431;0
0;2.052571418;NA;0;0.313360545;0;0;NA;1.180841006;0
0;0;NA;0;0;0;0;NA;0;0
0;0;NA;0.103891;0;0;0;NA;0;0
0.45158374;0;NA;0;0;0;0;NA;0;0
1.298705521;10.24589498;2.870643041;7.239926567;8.992327651;2.80012935;5.294642469;NA;8.917578361;4.847479296
3.43752387;37.73038603;24.4778585;25.95170704;28.73773663;6.643895464;12.00196913;NA;25.21612777;10.76564619
1.112919762;13.49814349;13.95447645;3.787375422;6.530699668;4.022700151;2.310861486;NA;13.13120341;4.413475416
0;0.146936638;0;0.284511811;0.206281922;0.13114429;0;NA;0;0.05940967
0.851101846;0;0;0;0;0;1.446260346;NA;0;0.107827321
0.239222798;0.05512844;0;0;0.185973839;0;0.290879077;NA;0;0
3.546088375;0.879886239;0.44287315;0.832224255;1.712642765;0;5.01945732;NA;0.751576707;0.134293031
48.46060568;17.2937799;19.01452174;22.11162463;14.94660065;9.24131561;36.6819821;NA;17.76291609;14.79306047
0;0.772469435;0;5.641123198;0;2.642720924;0;NA;0;4.079964849
0;0;0;0;0;0;0;NA;0;0.059688957
0;0;0;0;0;0;0;NA;0;0
0;0;0;0;0;15.09003541;0;NA;0;0
17.64622774;0.770553336;0.964450009;1.635750824;0.726168342;1.223766733;14.00470641;NA;0.817895924;1.565629919
0;43.17961419;17.18129462;13.26209233;18.55203074;7.156290147;3.532922446;NA;17.13722809;10.43148502
0;0;0;0;0;0;0;NA;0;0
0;0;0;0;0;0;0;NA;0;0
0;0;0;0;0;0;0;NA;0;0
0;0;0;0;0;0;0;NA;0;0
0;0;0;0;0;0;0;NA;0;0.055429244
0;26.95081325;15.96208206;24.99826268;29.48487056;24.3121015;0.802480452;NA;27.70120388;23.65633511
0;20.24196126;5.673300761;11.79390273;11.45476172;7.78869515;0.211227571;NA;9.034272919;13.05547395
0;0.120960442;8.730816103;0;3.934202338;0;0;NA;7.600756488;0
0;0.109754929;0;0;0;0;0;NA;0;0.280666697
0;0.072631428;0;0;0.056734012;0;0;NA;0;0.113145935
0;0;0;0;0.17977008;0;1.136941255;NA;0;0
0;0;0;0;0;0;0.360832675;NA;0;0.080929554
0.132581367;0;0;0;0;0;0;NA;0;0
19.08279205;21.53457667;23.89823131;12.97280415;17.61103082;6.90401594;22.3943532;NA;17.78272942;8.899101062
1.552542307;18.3416448;8.651033641;5.463650059;20.35011912;8.625225014;5.426811501;NA;8.0556392;4.857070512
0;0;0;0;1.869032752;0;NA;NA;0;0
0;0;0;0;0;0;NA;NA;0;0
0;0;0;0;0;0;NA;NA;0;0
0;0;0;0;0;0;NA;NA;0;0
0;0;0;0;0;0;NA;NA;0;0
0;0;0;0;0;0;NA;NA;0;0
0;0;0;0;0;0;NA;NA;0;0
0.083738064;0.452256422;0.120332699;0.133709853;0.478002451;0;NA;NA;0;0
0;0;0;0;0;0;NA;NA;0;0
0.377631984;0;0;0;0;0;NA;NA;0;0
0.641740221;0;0;0;0;0;NA;NA;0;0
0.617359127;0;0;0;0;0;NA;NA;0;0
0;0;0;0;0;0;NA;NA;0;0
0;0;0;0;0.120910816;0;NA;NA;0;0
1.36167589;4.080776799;2.751069255;2.140406317;4.803918652;0.559380117;NA;NA;2.622260794;1.108432164
0;5.339265624;2.358061576;3.031591302;4.090700834;2.158704736;NA;NA;2.863078416;2.667815721
0.095160488;0.203214193;0;0.203324861;0.078438754;0;NA;NA;0;0.921357052
0.141068942;0.622291252;0;0.506600083;0.780619105;0;NA;NA;0.144615666;0.199532709
0.285652989;19.57724721;14.24853717;4.508853632;6.926268016;0;NA;NA;6.014108954;0.852346468
1.713649869;18.7548729;8.957888422;6.00881003;5.775544055;3.21578964;NA;NA;5.259653742;1.265628563
1.428197;33.63927472;16.65445667;9.556869917;22.59665294;10.18001313;NA;NA;16.26061658;5.151642903
0;15.51033936;8.475900916;21.92076333;9.352970118;12.6276627;NA;NA;10.95111225;18.60885502
0.546231317;0;0;2.328259158;0;0.194673963;NA;NA;0.062017107;0.15084284
0;0.119845968;0;0.187618911;0;0.17652362;0;NA;0;0.067706128
0.145887171;0.149029781;0;0;0;0;5.073679864;NA;0;0.155934882
0.510698381;0.23315049;0;0.27009345;0.64334839;0;18.3021197;NA;0;0.301488682
2.852607863;0.339344728;0.202485673;2.177056719;1.00854421;0;2.893502821;NA;0.139677224;0
5.225673392;32.23110807;22.48256006;13.52563191;32.02018233;2.700838743;0;NA;21.44627147;7.264399772
0;13.26076023;7.196161357;9.480943826;7.836437537;3.025062875;29.56184694;NA;6.347492516;4.807859374
0.802178855;0;0;0.544453946;0;0;0;NA;0;1.474618754
0.305628832;14.98930592;5.240108099;3.607838381;9.415048463;0;0;NA;3.336232131;0.319393699
4.394469334;2.66535866;1.958772826;1.653871896;6.289066938;0;26.37686118;NA;0;0.552358939
5.536471697;NA;66.44916022;39.02429846;17.84911283;32.39174512;49.13334046;NA;24.3297381;22.1290516
3.927264357;77.3982916;55.4747058;18.17921816;44.34816914;7.711799372;37.67501519;NA;45.89570411;9.39110681
20.19308967;5.42608905;4.140666955;0.721535653;0;1.862112711;45.84065674;NA;4.809432454;0.35482007
5.583159064;30.79634381;0;16.26902234;0;9.529336106;0;NA;7.513361959;10.33076149
10.43699084;NA;54.26473329;49.79984705;57.61367266;32.47418403;49.74779449;NA;39.4854999;39.04761048
0;56.77766632;9.904054896;20.76004463;24.06090091;22.59895194;0;NA;18.98793458;21.43461288
0.522018975;11.43976115;0.967819649;2.452082869;2.248998236;0.972352168;0;NA;2.660256637;0.987578904
0.239160841;1.156418049;0;1.834411664;0;0;0;NA;0.208422489;0.58124517
0;0;0;0;19.06489816;0;0;NA;0.242655292;0
0;2.562719165;0;0.844540839;17.58549839;0;0;NA;0;0
3.161567316;5.036439532;3.0911761;3.329652212;3.701167144;0;0;NA;2.928751656;1.873656955
0.490483092;12.4259872;4.167163582;17.67083305;11.22921355;6.400400409;0;NA;9.675502502;8.458907484
0.126437234;0;0;0;0;0.313154171;0;NA;0;0.081378998
0;0;0;0;0;0;0;NA;0;0
0;1.27459991;0;0;0.068636233;0.138874777;0;NA;0;0.131129856
0.079489576;0;0;0;0;0.211892482;0;NA;0.111346996;0
0;0;0;0;0.138601947;0.06027116;0;NA;0;0.278252692
0;0;0;0;0;0;0;NA;0;0
0.535804282;0;0;0;0.240738455;0;0;NA;0;0
0.915164258;0;0.157106889;0;16.68054362;0;0;NA;0.078191618;0
0.265230188;1.828700594;0.188145232;0;0;0.833895848;2.696969509;NA;0.19376445;0.283518542
2.629197816;7.832498313;3.69712463;6.639302483;5.688975073;1.288323304;5.028277655;NA;2.591132087;2.49923709
1.646866784;3.114583641;1.040410662;1.592998963;11.84784304;0;9.17849758;NA;0.695783215;0.451155105
1.034612344;3.401180381;2.301945741;2.435403896;8.45753808;0;3.303341035;NA;0.94640149;0.555655955
1.885817883;28.10922508;17.79106177;7.717773865;13.09844882;1.448004515;12.37258442;NA;4.896228704;2.820923365
7.698276832;86.95631898;44.99589741;13.17254439;40.11770691;7.882793297;13.96387507;NA;25.14147028;4.851145529
4.388632323;45.30396387;21.71989978;14.04290036;38.88506342;13.63581663;7.555059808;NA;23.35154175;10.18192572
0;2.088045369;1.19918735;0.410057184;0;0;2.2669562;NA;1.153242673;0.09070202
0;0.750327526;0;0;0;0;0;NA;0;0
0;3.256123701;3.107900174;0.673685498;0;0;0;NA;2.468914406;0.454003843
0.142223314;4.086922926;3.356071539;1.580814788;0;0;3.446336335;NA;2.315372483;1.004056357
0.05974347;0;0;0;0;0;0;NA;0;0
0;1.80540781;1.203416474;0;0;0;0;NA;0.885441285;0.136173092
0.524281164;0;0;0;0;0;0;NA;0.311111822;0.37549896
0;0;0;0;0;0;0;NA;0;0
0.431051431;14.74456708;5.399783426;3.610754227;0;0;0;NA;3.591053067;0.584274508
0.115914746;6.690425583;2.527724749;2.893554984;2.559426243;0;3.580852462;NA;0;0.127020021
0.525966303;14.69647402;6.978071717;2.06990128;6.738747799;0;6.503314862;NA;2.608005441;0.359422479
0;1.705864323;0.522006679;0.200103976;0;0;0;NA;0;0
0;0;0;0;0;0;0;NA;0;0.063883123
0.124110655;0;0;0.128095711;0;0;0.430281124;NA;0;0.068991341
0;2.33392818;1.147055837;2.844344041;1.135926934;1.241905428;1.192601094;NA;2.177424473;2.150139572
0;0;0;0.286797448;0;0;0;NA;0;0.285584247
0.299113969;0;0;0.379746554;0;0;0.566351998;NA;0;0
0;0;0;0;0;0;1.409051094;NA;0;0.186102497
0.14971282;3.350038054;2.208589858;4.800756383;3.547604895;2.964015726;0;NA;3.245864432;3.510094151
0;0;0;0.105066245;0;0;0;NA;0;0.114530167
0;0;0;0;0;0;0;NA;0;0.055550464
0;0;0;0;0;0.069689521;0;NA;0;0
0;0;0;0;0;0;0;NA;0;0
0;0;0;0;0;0;0;NA;0;0.108950873
0;0;0;0;0;0;0;NA;0;0.219941478
0.139620764;1.529490107;0;0;0;0;0;NA;0;0
0;0;0;0;1.225144242;0;1.427899965;NA;0;0
0.159965774;0;1.087744837;0.26785395;0;0;0.263842534;NA;1.187636399;0.2626739
0.618969204;9.717695076;3.587725009;8.670401716;8.816244258;3.151744203;0.383854713;NA;8.080140074;5.935387243
0;0;0;0;0;0;0;NA;0;0.110335682
0;0;0;0;0;0;0;NA;0;0.080384155
0.079993753;0;0;0;0;0;0;NA;0;0.077790092
0;0;0;0.10699152;0;0;0;NA;0;0.069243333
0.751018377;3.157465374;0;0.974635171;0;0;4.33693425;NA;0;0
0.365694285;0;0;0;0;0;3.663878674;NA;3.63256078;0
2.388833862;1.170596558;1.188621348;0.967459314;0;0;0.361977452;NA;0;0
0;0;0;0;0;0.120173457;0.083430046;NA;0;0
0.448047384;4.981156636;6.09616361;3.732494018;3.712215817;1.227022358;3.534207512;NA;2.637632137;1.928357088
0.402329285;2.714913898;0.996730374;0.299211255;0.596518473;0;2.544302344;NA;3.598693745;0.084945771
0;0;0.360090677;0;0;0;0.63601962;NA;0;0
0;0;0;0.097660976;1.145462688;0;1.288796911;NA;0;0
0.08835516;3.979173449;3.444534281;3.844477221;2.544917551;1.034830019;1.600938679;NA;2.604497944;2.269659453
1.463958851;0;0;0.446979782;2.116538795;0;8.842025861;NA;0.53276308;0.094991587
0.818049429;6.135049363;1.433981752;1.491162851;7.944075375;0;5.110347521;NA;8.816687142;0.436294723
0;2.01498056;2.3504558;2.111671649;3.243571513;1.286278991;0;NA;2.312967294;1.106713963
0;3.835991543;2.221491307;3.454620228;2.961401564;1.476691362;0;NA;5.129671396;1.563858223
0;0;0;0;0;0;0;NA;0;0.157528674
4.058977598;6.188963872;2.784320172;4.36254352;10.07359381;0;7.1056981;NA;3.734212884;0.861928787
0.389759403;1.830746741;0;0.455678045;2.550284404;0;2.887221006;NA;0;0
3.326820168;28.02097001;14.89220582;15.1226837;13.62762846;2.843761194;10.47007801;NA;22.94630545;5.115557474
0;6.077224565;2.07814759;2.258458033;0;1.069329718;0;NA;1.963452499;1.172937994
0;3.548981833;2.611206516;0.508098286;0;0.247498696;0;NA;1.467914592;0
0.05660288;0;0;0.76277358;0;0;0;NA;0;0
0;0;0;0.153915488;0;0;0;NA;0;0
0;0;0;0;0;0;0;NA;0;0.073569308
0.069323278;0;0;0;0;0;0;NA;0;0
0.305874204;2.689673478;0;0;2.346955001;0;1.599984338;NA;3.662373729;0
4.285982586;5.950596268;1.661755496;6.793433982;11.73970509;0;11.98394731;NA;0;0.798686112
2.0608393;46.29327356;14.74649021;9.183857553;39.00915641;4.430710327;4.21385989;NA;33.73428871;3.6917724
0;0;0;0;0;0;0;NA;0;0
0;0;0;0;0;0;0;NA;2.059593379;0
0;0;0;0;0;0;0;NA;0.344439871;0
0.480303848;7.76580357;2.859136693;0.447866328;3.310876556;0;0.465874568;NA;5.16163986;0
0;0;1.122103335;0;0;0;0.238375372;NA;2.091080516;0
0.496639901;6.743425878;1.326606998;0.812440767;1.717474658;0;6.381851942;NA;0;0.191674568
0.440730361;16.78793403;9.726989402;6.217848998;15.20967257;4.750556586;3.605283601;NA;30.62452211;2.848049447
0.15799524;9.687992385;1.647590734;2.167790492;5.511657008;0;11.1746162;NA;6.125864081;0.303183585
1.459620727;20.58606558;9.535033925;8.766798652;12.14646414;3.552462955;4.609046777;NA;16.46716368;3.885994681
0.811222562;9.007084792;4.808082195;2.297091155;4.171933053;0;7.388640234;NA;7.197980783;0.483261035
0;0;0.931647639;0;1.0701543;0.095641169;3.371222915;NA;0;0
0.571988696;14.93086612;8.912170565;4.444125744;10.49258324;1.116378313;6.614510286;NA;9.359507654;1.627207331
0;4.778796353;2.670044625;0.812826191;0;0;2.281734465;NA;1.27732112;0
0;4.929634807;3.637967339;0.388558659;0;0;0;NA;6.056040205;0
0;0;0;0;0;0;0;NA;0;0
0;0.558236403;0;0;0;0;0;NA;0;0
0;0;0;0;0;0;0;NA;0;0.108758204
0;0;0;0;0;0;0;NA;0;0
0;0;0;0;0;0;0;NA;0;0
0.094121091;0;0;0;0;0;0;NA;0;0
1.291191926;2.199657589;1.377091704;0.455138228;0;0;0.286085215;NA;3.813499691;0.258117344
1.057118651;8.321506836;4.033699802;2.983317401;4.033502731;0.660644216;4.782430039;NA;5.900841096;1.524062332
0.198671306;6.495178891;4.087257416;0.423384486;3.647128838;0.172759979;0;NA;5.208581895;0.24785732
0.43464178;4.263336496;2.554554147;0.716334151;1.493987854;0.353158339;3.054309633;NA;4.01587178;0.184532815
0.140735063;10.48527788;5.2750203;1.19575947;5.192890447;0;2.659035943;NA;7.506420329;0.213078231
0.669935012;20.54498885;8.811495838;4.632893961;6.277772266;0;5.073707669;NA;13.38443778;1.511235001
0.180833322;1.51725417;0;0.700054823;1.870695143;0;0;NA;0;0.197815211
1.127739488;2.462722169;1.466318728;2.370413403;5.17708363;0.757929508;2.646081246;NA;0;0.551529098
2.516310987;11.81294441;6.486420536;3.73017414;5.763240939;0.689562854;3.255835774;NA;10.29426578;1.51878182
0;0;2.007823907;0;0;0;0;NA;2.083540198;0.090396984
0.152985142;1.855685017;0;0.156504937;0.475981545;0;1.173838249;NA;0;0
0;0;0;0.094654514;1.095296809;0;0.32866197;NA;1.05906699;0.15388782
3.321206221;30.89178295;22.56372644;21.95243305;14.25358824;4.442538051;12.394315;NA;25.53031268;10.61520176
0.394722808;3.248619618;0.881302133;0.577654004;1.480250526;0.153013153;0;NA;5.130803856;0.162853829
0.32836301;12.75321557;7.925375809;8.470361308;6.486782176;2.466969697;2.318721495;NA;10.06478375;4.953698521
0;16.55376183;11.55765287;10.29903114;5.093334448;2.964781511;0.617743582;NA;13.73787446;5.313893568
0;3.902919352;2.098733085;1.8307298;2.441269159;0.307612048;1.061408801;NA;6.695918685;0.447373103
0;1.529655592;1.292477913;0.286308391;0;0;0;NA;0;0
0.127426466;1.458032363;0;0.174445205;0;0.315605227;0;NA;0;0
0.214655137;1.404308249;1.099018552;2.849139754;2.291026441;0.26856315;0;NA;2.69657832;0.6778212
0;0;0;0;0;0;0;NA;0;0.206216166
0;0;0;0.172980061;0.485170516;0;0;NA;0;0
1.181756379;0;0;0.117285397;0;0;0.527436377;NA;0;0
0.321933337;9.976198355;6.007170631;1.397797055;4.416253682;0.480854797;1.424047301;NA;7.339866303;0.178146693
0.459183101;0;1.162011424;0;0;0.41200191;0;NA;0;0.076389769
0;1.964901017;1.383220486;1.222585153;3.577987252;0.437885153;3.281574583;NA;3.599018373;0.368970127
0.406082395;5.627499021;2.556993438;0.68814994;6.502277857;1.688708157;0.952503025;NA;4.836649924;0.080427972
0.956253416;0;0;0.759970524;0.085308668;0.701884428;0;NA;0;0.206867121
0;0;0;0;0;0.12105463;0;NA;0;0.064351199
2.64035704;0;0;0.164511712;0;0.17636168;1.41157475;NA;0;0
2.945641387;6.456600287;2.252866004;2.834274344;5.500630539;0.589947034;1.626604386;NA;3.695975049;1.318057205
0;0;0;0.525263488;0;0;0;NA;0;0.342931555
0;4.603285029;2.799371475;2.448388439;6.493391745;2.668427036;1.059070037;NA;4.544615306;0.873358223
0;1.464072055;0.879038286;1.540269077;2.174804341;0.187507484;0;NA;0.873775279;0.58895319
0;0;0.381782087;0.104563391;0;0;0;NA;0;0
0;0;0.334345259;0.18154254;0;0;0.775465554;NA;0;0.085452211
0;1.775757925;0;1.022333522;0;0;0;NA;2.185039008;0.910146726
0.690044105;6.192735378;5.45744694;2.967207666;4.718941681;0;1.306407643;NA;7.603396902;0.901225135
0.086193073;3.392835254;0.320274612;1.338651732;0;0.421105717;0;NA;0;0.432415776
0;6.797286635;3.058368035;0.652831947;4.208495658;0;0.71150898;NA;7.750695916;0.095719067
0;0;0.408319869;0;0;0;0;NA;0;0
0;0;0;0.074777223;0;0.102542808;0;NA;0;0
0;0;0;1.589337324;1.466787631;1.65667138;0;NA;0;0.71007279
0;0;0;2.353398694;0;0.69546767;0;NA;0;1.260683436
0;2.009954572;0;0.134070433;0;0.10994436;0.266064957;NA;0;0
0.141713489;0;1.25088363;0.136350756;1.539490686;0;0.943998388;NA;3.639098018;0
2.222966963;17.56589493;3.556899538;0.147895884;4.408609727;0.324961778;0.358736108;NA;9.529058235;0
0;0.995601779;1.215099984;2.032274761;2.546369143;0;2.020653558;NA;2.118868155;0.225460502
0.247526716;0.587742264;0;0.134624666;0;0;0.599968304;NA;0.768614885;0
0;0;0;0;0;0;0.233085291;NA;0;0
0;0;0;0;0;0;0;NA;0;0
0;0;0;0.094138472;0;0;0;NA;0;0
0;0;0;0;0;0;0;NA;0;0
0;0;0;0;0;0;0;NA;0;0
0.455981729;0;0;0.147974728;0;0.082371533;0;NA;0;0
3.27953646;4.016668046;3.000166074;3.983457699;5.016449007;1.834202444;4.648852438;NA;3.00155889;2.1908245
0;2.001410782;2.000616543;0.389498763;6.020235471;0;0.083012989;NA;4.002760226;0.26225016
0;2.009380726;3.00733167;2.12867755;2.024019858;1.770559049;2.345221289;NA;3.096520144;1.740268781
0.17157296;4.561104682;2.047564148;13.184068;5.804521998;0.907639548;2.056239736;NA;3.987268314;2.579058218
0;1.514387256;2.079777678;2.427740472;3.389549036;0;0.575111081;NA;1.314619525;0.344893158
0.072897213;0;0;0.541214244;0;0.367996397;0;NA;0;0
0;1.108778014;0;0.936489056;0;0;0;NA;0;0.292060805
0.410967877;0;0;12.16235835;0;0;5.447208324;NA;1.180810008;0
0;0;0;0.255938529;0;0;0;NA;0;0
0;0;0;0.061741555;0;0;0;NA;0;0
0;0;0;0;0;0;0;NA;0;0
0;0;0;0;0;0;0;NA;0;0
1.135167603;0;0;0;0;0.331385222;0.075556601;NA;0;0
0.599111637;13.11425955;10.00182247;12.01098808;13.38061122;6.916764934;6.607424068;NA;12.04855956;8.638915104
0;0;0;0.052266638;0.064684997;0;0;NA;0;0.199320856
0;0;0;0;0.554747019;0;0.053647101;NA;0;0
0.536999865;9.166862917;3.327986737;4.6078142;8.758009789;4.965323406;0.255647069;NA;11.14585925;2.957442085
0.366901007;19.92056278;7.358131492;5.562375955;13.01717328;3.136074584;0.111975978;NA;21.54896658;3.562122487
0;0;0;0;0;0;0;NA;0;0
4.986650289;18.92780468;12.01763284;22.77855226;19.27505889;9.463334979;12.71181565;NA;19.9577828;14.30161908
0.352348549;35.97604847;18.36403412;20.17328372;21.05645901;6.397469191;2.419224898;NA;24.2639314;11.38215558
0;0;0;0;0;0;0;NA;1.423143353;0
0;0;NA;0;0;0.063670109;0;NA;0;0
0;0;NA;0;0;0;0;NA;0;0
0;0;0;0;0.279430678;0;0;NA;0;0
0;0;0;0;0;0;0;NA;0;0
2.138894516;8.000295739;4.000085602;6.122479172;6.000213082;2.591647937;5.283909316;NA;6.000963855;1.509272037
9.891287488;8.042290041;6.586338808;9.067476399;5.29892034;8.973875225;11.98049888;NA;5.137430097;7.041299263
0.222032127;7.830074488;4.269398301;7.934294053;10.06844221;3.835084704;1.365831744;NA;2.571220103;3.168144722
0.577343276;5.682489045;5.218776726;4.650187167;6.010049104;4.692903262;0.993155443;NA;5.450362452;5.653606044
7.409394248;19.87179151;20.63612992;27.52971388;26.3002615;19.50002402;7.638445681;NA;20.49177174;22.2983237
0;8.261848373;8.41020363;16.05125944;10.08917518;5.627431123;0.968915201;NA;10.83367784;8.240665111
0;0;0;1.086693193;0;0;0;NA;0;0
0;0.15021617;0;0.970574087;2.000227513;0.737646657;0;NA;0.651253543;1.474660873
1.107900518;3.444237501;1.000160458;0.155599906;1.000180131;0;0.634389014;NA;0.519264072;0.076810962
10.72389251;5.4960162;4.214044769;2.51806173;2.147059324;0.380825868;13.32370197;NA;4.210771266;0.828862065
0.720975186;0;0;0.533825072;0;0;2.878745186;NA;0;0
4.3640952;5.104298412;3.519306938;4.527627075;7.997482646;0.844621968;4.327930749;NA;5.17902016;1.801921561
0.575602023;9.687101187;8.944798146;25.09062113;22.09822922;11.8037049;0;NA;20.8503692;12.04569953
0;0.130321339;0;0.133614369;0;0;0;NA;0;0.057469662
0;0.273289818;0.962516766;2.245375403;0;0.380976975;1.219990912;NA;0.219501095;1.6282564
1.586612705;4.93426245;3.929456152;2.773028733;5.500712612;0.099674177;1.356814614;NA;3.782140557;0.602848947
0;0;0;0;0;0;0;NA;0;0
0;0;0;0;0;0;0;NA;0;0
0;0.055400038;0;0;0;0;0;NA;0;0
0;0;0;0;0;0;0;NA;0;0
0;0.069200002;0;0;0;0;0;NA;0;0
5.846065527;0.801472065;0.55384609;1.044706801;1.505883022;0;1.6697374;NA;1.460615351;0.0613413
0.085535747;0.949120718;0.556602298;0.762997282;3.000693095;0;0.0817828;NA;0.641610947;0.118493207
6.142878899;16.09837972;12.04013308;16.39385581;15.12340374;5.431775071;6.188292884;NA;13.06506025;10.65465466
0.587220604;3.808486136;4.540562261;5.249017359;6.94028236;2.223556304;5.716226704;NA;5.205577325;2.907433577
0;0.802562202;1.100163186;0.073509301;0.216995879;0;0.202073318;NA;0.414151451;0
1.967843999;8.18834322;6.293548551;5.780099969;6.370030847;4.754266383;2.516689692;NA;8.025102675;5.159504836
0.613637703;9.179771589;7.301689497;5.926779266;11.07838168;4.618993525;2.169565057;NA;12.48594689;4.504064533
1.518339707;1.048937978;0;0.116258235;0;0;1.17698805;NA;0.740838489;0.122901738
0.139097786;0.19842119;0;0.235984772;0;0;0.301015635;NA;0.201641085;0.153209781
0.239364098;1.225522712;0.684703207;2.024738412;1.552885714;4.142324652;0;NA;1.8168195;1.207403053
0.661001715;2.64872813;2.153686655;0.32729165;2.42831406;0.0747567;12.09872993;NA;2.618511536;0.418444271
1.514155967;2.990342737;1.663093802;1.221919568;1.675003678;0;2.680280923;NA;0.999025204;0.716519014
0;0;0;0.07918576;0;0;0;NA;0;0
0;0.228746844;0;3.000179338;0.699538164;0.74248655;0;NA;0;0.885930471
0.415120781;0;0;0;0;0;5.131764711;NA;0;0
0;1.634487266;1.856864031;0;1.351197753;0;1.872950503;NA;1.892564254;0
1.158850376;5.34552536;3.437353997;7.207222373;3.635942123;3.491536575;10.61664258;NA;3.3361585;6.039281229
0;3.827289725;1.333617606;1.444740117;0.509074111;1.121634522;1.1015475;NA;0.524279301;2.974879626
0;0;0;0;0;0;0;NA;0;0
0;0;0;0;0;0;0;NA;0;0
0;1.720526046;1.051856002;0.4863353;0.353800001;0.574874601;0;NA;0.94013827;1.007228
0;0;0;0;0.344603;0;4.7641448;NA;0;0
6.783167429;2.706842029;3.086625001;1.4488697;2.587735002;1.679522901;3.826724;NA;4.154716235;1.4725243
1.313574986;0.214100032;0;0;0.0676;0;NA;NA;0;0.0717271
0;0;0;0;0;0;NA;NA;0;0
2.216927549;9.611267759;5.711495382;4.500996353;9.960189847;1.914985195;NA;NA;6.986288497;3.876507041
0.45616629;7.289505334;4.639248887;0.649205762;0.952799455;0.104149762;NA;NA;3.219404293;0
1.493184984;0.511516073;0;0.27978538;2.525716975;0.130295304;NA;NA;0;0
0;1.961392553;0.944095701;2.735422937;2.073644179;4.235676868;NA;NA;1.493826034;1.976259796
0;0.383564777;0.191087671;0;1.310600681;0;NA;NA;0;0
0;0;0;0;0;0;NA;NA;0;0
6.342356048;5.443693307;6.302523078;3.312127954;2.914526379;1.926088034;NA;NA;4.788606785;2.863368255
1.324167812;1.766496565;1.085974323;1.028689437;1.878917373;1.056000107;NA;NA;1.089984913;1.032249346
12.27249383;7.941225571;3.388572787;7.361178781;6.302178472;6.668096373;NA;NA;1.994328048;7.801353627
2.095928651;6.965402175;6.105806457;27.54172708;6.010114607;9.348077319;NA;NA;NA;12.41488983
17.92905767;8.727251693;10.00257295;21.0816332;14.95389593;7.368557621;NA;NA;NA;16.33064703
0;0.10000003;1.512592101;4.894299072;4.779390815;0.285659432;NA;NA;NA;1.680434401
4.171464915;20.20003426;25.91906712;19.20619373;26.53379359;17.77793414;NA;NA;NA;18.14790845
6.407319504;10.97659548;6.314061101;6.677983021;0;4.831893776;NA;NA;NA;5.86394336
1.763801817;6.160211613;0;2.922626732;0;3.527500814;NA;NA;NA;4.904284725
1.008325706;0;0;0;0;0;NA;NA;NA;0
1.738733153;0;0;0;0;0;NA;NA;NA;0
0;0;0;0;0;0;NA;NA;NA;0
0;0;0;0;0;0;NA;NA;NA;0
0;0;0;0.150588303;0;0;NA;NA;NA;0
0.275656491;0;0;0;0;0;NA;NA;NA;0
0.193122103;0;0;0;0;0;NA;NA;NA;0
0.0780995;0;0;0.4828963;0;0.3853918;NA;NA;NA;0.5527909
0;0.423439002;0;1.0567433;0;0.3546597;NA;NA;NA;0.3393145
6.929411702;4.49601901;2.749775;0;0;0;NA;NA;NA;0
1.0095928;6.902690005;8.681710001;0.2695932;0;0.5597829;NA;NA;NA;1.0235784
1.5533936;0;0;0;0;0;0;NA;NA;0.147083
16.03638007;0.153439005;0;7.4921283;0.24513;2.832604501;12.7551853;NA;NA;5.1195722
0;2.161166409;1.537003598;3.18943197;0.678540673;1.159458825;0;NA;NA;3.122413598
0;0;0;0;0;0;0;NA;NA;0
5.000002125;6.703113017;4.758009498;4.007148226;5.71482612;8.822517325;0;NA;NA;13.68717981
0;0;0;3.23720298;0;1.761143271;5.0935926;NA;NA;1.789778432
0;0;0;0;0;0;0;NA;NA;0
0.722171902;0;0;0;0;0;0;NA;NA;0
3.27782822;7.323091022;7.675321043;6.779365606;8.114506049;6.319925235;6.7570227;NA;NA;6.074135
0;2.590321045;2.071480005;13.297194;3.110013002;3.772239103;0;NA;NA;9.9212524
0;0;0;0;0;0;1.3332398;NA;NA;0
1.000000055;0;0;0.0523077;0;2.350175409;0;NA;NA;3.123562002
0;6.609767182;3.497777049;15.04488989;5.035575806;5.616679018;7.6223258;NA;NA;8.943296002
1.000000021;0.614156061;0;0;0;0;0;NA;NA;0.1973069
0;0;0;0.818823101;0;0.185640201;0;NA;NA;1.2791501
1.466968413;0;0;0;0;0;0;NA;NA;0
2.533031701;0;0;0.122805;0;1.539691901;1.4619548;NA;NA;0.422828
0;0;0;0;0;0.0812348;0;NA;NA;0.0576355
0;0;0;0;0;0;0;NA;NA;0
0;0.285932021;0;1.1134838;0.542200001;0.117868;0;NA;NA;0.0824021
0;1.127329211;0;2.759258266;0.30163035;2.151089351;0;NA;NA;1.816830962
0;0;0;0;0;0;0;NA;NA;0
0;0;0;0;0;0;0;NA;NA;0
0.297737519;0;0;0;0;0;0.7856923;NA;NA;0
5.837167817;7.075932888;3.844455783;2.411192527;4.141075247;0.166009058;16.64854174;NA;NA;1.660079484
0;0;0;0.257040155;0.253289637;0.206670822;0;NA;NA;0.294118472
0;1.588230061;1.094802197;0.783535151;1.819765167;0.252971407;0;NA;NA;0.800062628
1.000015031;1.854986458;1.355906695;3.985100081;1.82888002;4.658066646;4.071574554;NA;NA;3.622121739
0;0;0;0;0;0;0;NA;NA;0
5.000005786;5.98036518;4.0800956;11.55692589;5.813313282;4.017325996;13.0141085;NA;NA;9.165843063
0;0.125803292;0;0.465614222;0;0;0.124479601;NA;NA;0.38297936
0.696832508;0;0;0;0;0;0;NA;NA;0
0.3031675;0;0;0.13819;0;0.0674243;0;NA;NA;0
5.00000005;0;0;0.643800701;0;0.119917302;1.2570407;NA;NA;0
4.000027592;0;0;0;0;0.072245225;5.203022902;NA;NA;0
3.008574897;15.35324584;10.84362956;3.631101829;12.68573325;2.110348092;9.137557006;NA;NA;3.360879915
0;0.814400127;0;0;0.151253981;0;1.020337851;NA;NA;0
0;2.912283564;3.48491464;4.0276141;3.672661446;0;0;NA;NA;1.074813773
2.019385604;3.370376258;2.891036049;1.731544105;3.020093857;1.290221988;3.680197278;NA;NA;1.365706112
0;5.016973176;6.484085323;1.106420397;3.329239041;0;5.089922591;NA;NA;0.52089332
0.14569102;5.774036736;3.500798636;0.143354869;4.225704691;0;2.147396259;NA;NA;0
1.944050847;9.271982236;5.249237131;3.01213481;7.504991332;2.023535396;2.4124723;NA;NA;2.953435936
0;0;0;0;0;0;0.318896052;NA;NA;0.112273293
12.00418406;0.619583975;0;1.724993413;0.655475529;0;10.33903163;NA;NA;0.641444673
1.185215695;36.1308011;25.40667722;27.85934106;37.70266775;27.23081555;0;NA;NA;20.90157196
0;0;0;0.672846115;0;0;0;NA;NA;0.23067751
0;0;0;0;0;0.143122869;0;NA;NA;0
0;0.077407671;0;0;0;0;0;NA;NA;0
0;0;0;0.078823598;0;0;0;NA;NA;0
2.000019606;0;0;0;0;0;0.076914;NA;NA;0
8.000773418;2.002823857;2.519622804;2.505187288;3.336488484;0;8.676841321;NA;NA;1.233988319
0;9.737659819;8.181089943;0.993738267;8.514518589;0.1916066;2.978958627;NA;NA;0
0;0.535756664;0.883409555;0.277035495;0.510875359;0;3.562528301;NA;NA;0
0;9.883439629;11.33363589;22.86695128;8.765078025;15.83314571;15.70563748;NA;NA;17.71632891
0;0.452571242;2.367851719;0.409976756;2.069787034;0;0;NA;NA;0
0;1.658180667;1.140598061;1.27818933;2.039673981;0.135965604;1.321170031;NA;NA;0.33863085
0;0.107808081;0;0;0;0;0;NA;0;0
0;0.661655018;0;0;0;0;0;NA;0;0
0;0;0;0;0;0;0;NA;0;0
6.720655257;0;0;0;0;0;0.3673032;NA;0;0
4.218879429;0;0;0.967603825;0;0;1.707502402;NA;0;0
0;0;0;0.089480406;0;0;0.118905944;NA;0;0
0.089593168;0;0;0;0;0;0;NA;0;0
4.971979536;4.900978053;2.309523061;1.732581038;1.633101367;0.546305434;3.502606966;NA;4.299984497;1.429461255
7.130838502;22.46722166;18.34706136;16.94255153;18.04106144;15.19724707;13.38822685;NA;17.58895523;18.41480973
0;0;0;0;0;0;0;NA;0;0.35740114
0;0;0;0;0;0;0;NA;0;0
0.606058642;1.730503745;1.015592766;3.856428318;1.384410156;1.023466022;2.643744248;NA;0.786350283;1.327130169
1.760855883;0.814333303;3.87181437;1.699619896;1.814489774;0.218153948;0;NA;5.367312965;1.440218853
0;0.563948907;8.424545597;0.137525876;2.86619;0;0.472352562;NA;0.319920144;0.196458925
1.718478142;16.48955126;20.1816316;7.358067717;37.81790846;4.575997006;9.226943974;NA;16.74810569;6.561904388
7.141700396;29.11545652;21.98557089;10.01533734;8.42267984;9.430997427;18.96649768;NA;28.15907649;7.055678106
3.345070191;30.56923506;12.93715073;16.41741924;0;14.19283388;0;NA;45.84620776;10.80301554
0.365222933;5.445613915;0;9.482464265;0;2.953367138;0;NA;2.221681813;4.45189765
0;0;0;0.870854052;0;0;0;NA;0;0.538736966
0;0;0;0;0;0;0;NA;0;0.109843263
0.276702955;0.408171592;0;0;0;0;1.341858468;NA;0;0.180562171
10.41543685;47.21017934;52.12390451;18.97186074;32.45064043;18.15470304;14.99597986;NA;65.05844791;12.32581971
3.635524496;4.594888692;8.439573573;1.293765203;5.369960046;0.288527237;5.694472935;NA;9.624346655;0.794974569
3.054363833;31.77917737;12.36334001;2.059150467;6.271723245;0.403624914;3.855087912;NA;30.87178488;0.522529238
0.245009195;4.806077774;0;4.13454765;0;0.662584837;0;NA;2.728957579;1.544427705
0.916765719;0.819644723;0;0.632759244;0;0;0.537098885;NA;0;0.157949921
1.001646824;0.188732672;0;0.177147222;0;0;0.502648293;NA;0;0.120538858
1.550036826;1.458589727;0;0.81559863;0;0;6.385223028;0.620331412;0;0.1407109
0;0;0;0;0;0;0;0;0;0
0;0;0;0;0;0;1.423952309;1.358216155;0;0
0;0;0;0;0;0;0;0;0;0
0;0.31993712;0;0;0;0;1.583057623;0.266048368;0;0.0709021
2.160500715;10.71552494;6.414980348;1.286889835;4.599019294;0;4.266511262;1.904471772;4.528061117;0.205053983
0.05635238;9.017494317;5.264215424;0.37356055;3.908241076;0;4.661488866;1.044159319;2.415559117;0.132129286
3.351131091;45.65795983;35.93604198;16.46118759;45.03879731;11.68055788;13.42456309;8.264002751;29.1846393;10.75471064
0.152243009;29.85055843;16.03863139;13.38122369;1.378913145;14.77924417;0;0.32706219;22.71355818;14.73463781
0.124906347;0;0;0;0;0.163237662;0;0;0;0.238451025
0.565272479;0.300839847;0;0;0;0;0;0.088318161;0;0.130015461
0.254451061;8.850347048;8.11051669;4.517907394;3.325281479;0.101910447;6.444863936;1.721442153;2.937286;0.549401617
0.353314273;36.84912833;10.36509296;11.08807643;35.60498586;4.465767791;3.229867851;0.802455277;9.86454118;5.034684236
0.645524952;7.040584069;0;2.113735051;1.87047041;0;4.840407322;3.499049268;0;1.177333382
4.23792929;0;0;0;0;0;1.000033041;0.329575687;0;0
0;0;0;0;0;0;0;0;0;0
2.456775509;0;0;0;0;0;0.973757187;0.096458534;0;0
1.406272092;8.974505623;3.076386193;0;6.385400891;0.944903427;7.026998987;2.645610866;4.140021357;0.37662547
0;0;0.178521554;0;0;0;2.006295543;0;0;0
0;0;0;0;0;0;0;0;0;0
3.493877327;1.505124841;0.342061279;0;0.745651368;0;0;0.367247401;0.91481468;0.064624097
0;0;0;0;0;0;0;0;0;0
0;0;0;0;0;0;0;0.179431287;0;0
4.028362618;5.892228964;5.499327856;2.912323418;8.63746531;1.090259842;10.00005349;2.551677646;3.877209788;3.627234944
0;5.259579336;1.749376788;0;7.917347232;0;4.511130113;0.211197237;0.552738114;0
0.714429862;40.85662598;26.78846872;23.35241266;19.62139373;9.354810668;4.620700389;2.936073855;18.69850891;12.32386409
4.561450533;18.73105197;9.359088716;8.233468946;7.225460243;6.315770229;8.507862759;6.174491942;10.97370995;5.395561408
0;0.267044249;0;0.276899144;0;1.228239134;0;0;0.085450869;0
0;0;0;0.572300354;0;0;1.107914191;0.259495814;0;0.059605246
0;0;0.150060981;0;0;0;1.2259405;0;0;0.072226925
0.128071239;3.505461751;2.624022384;0;2.161342506;0;4.150141391;0.42549756;0.836806686;0
0;3.527842563;1.765681238;0.294035142;2.221178971;0;4.521041503;0;0.488534114;0
0.636107926;0.973753577;0;0;0;0;0.845505231;0;0.370532911;0
0;0;0;0;0;0;2.192479287;0.069530289;0;0
0;4.375744176;1.344592974;0.736714337;3.107101646;0;0.989979472;0;2.160471475;0
3.299263975;1.892369471;1.309397039;0;3.619362654;0;4.996720851;0.468461133;0.594864146;0
8.356068757;29.73025768;17.87241303;9.619871578;7.493151431;2.94865222;7.112644449;0.918859866;15.94503185;6.530485013
5.760836977;3.86505354;1.603641067;0;0;0;14.14618093;3.26292398;2.910169104;0
0.274047867;6.663916675;2.461664991;0.518437941;0.809417727;0.089280673;1.391059499;0.395367181;4.64855162;0.121498944
0;0;0;0;0;0.360559671;0;0;0;0
0;0;0;0;0;0.217564183;0;0;0;0.094393103
1.514417331;1.227035475;0.997431169;0.456923769;1.019098022;0;2.369345529;0;0.683063453;0
1.898245746;1.226679207;0.311996062;1.958694894;0;0.096080407;0;0.84554395;0.276545593;0.975448324
1.060274652;0;0.465677895;0.263678202;4.711423361;0;3.474552064;0.272854396;0.306366891;0
2.285401401;12.81343555;7.8791035;6.470674242;5.579898419;0;11.26686818;5.69687072;5.523222787;1.418386435
2.080934257;22.5466191;12.69732947;16.49946608;17.11822135;8.653944332;3.901120358;3.31231164;20.74326095;10.17408386
0.37247265;2.846731458;1.053297328;1.550967353;0.150739707;0.590295809;0;0.584526723;1.289846174;1.565691884
0.235152164;0;0;0.580382904;0;0.298624113;0;0.580389443;0.148960538;0.5145351
0;0;0;0.12261835;0;0.215843508;0;0;0;0.212141253
0;0;0;0;0;0.095984769;0;0;0;0.124685402
0.115058571;0;0;0.165487314;0;0;0.300237375;0;0.186665703;0
0.478529131;3.4268233;2.347355253;2.242934173;2.130542838;1.868504563;1.901788122;0;3.580035179;1.837333643
0.441934106;2.726819097;1.217502453;1.426595089;2.29040743;0.658409184;1.007551538;0.842305605;2.103453415;1.062720178
0;0;0;0.12777923;0;0;0;0;0;0
0.090210417;0;0;0;0;0;0;0;0;0
0;0;0;0;0;0;0;0;0;0
0;1.271589573;0;0.310157939;0.37184781;0;0;0.238105691;0.170976842;0.375450688
0;0;0;0.50886141;0;0;0;0.165096192;0.232493203;0.235671508
0.177913558;0;0;0;0.222583825;0;0.106705461;0;0.180462852;0
1.391441503;8.092012227;1.616715958;1.455279652;19.70089949;0;3.100724823;0;7.19473906;0.480604156
4.477227569;47.55023343;12.48901852;4.522490869;30.88273686;0;11.11797684;0.594788827;10.35364018;1.4715577
0.799829937;25.76675791;8.972094984;4.896015303;16.79696019;0;3.505162059;0.100045183;10.82901047;0.874778171
1.093298596;2.13766402;0;0.547780522;0;0;6.100744914;0.457655271;1.366824139;0
1.861528911;3.833212052;0;0.924018893;0.238369643;0;18.75345396;0;0;0
0.717540017;12.33484478;5.5455624;10.14689487;9.067321663;1.415504958;2.838045821;2.283329657;14.0765407;4.442375969
0.772095709;10.32348976;3.716461343;7.789071665;8.791950835;2.454038299;1.480569903;1.799896559;7.990698818;5.980265386
0.120735753;0;0;0.384449369;0;0.720470055;0;0.231327236;0;0.177030899
7.744717365;3.326015354;0;1.063903989;7.151073282;0;1.613773135;0;4.269243751;0.22117629
0.477419548;4.765334574;1.957079137;3.449670206;6.147505236;0;2.011857653;0;2.747642492;0.591715642
0;27.18690817;10.45306715;2.159144742;14.27944864;0;5.566841267;0.46221305;19.11857373;0.825283142
1.378873873;33.70257497;17.07684972;6.265778047;11.63417239;2.650042703;13.10812497;2.290155101;16.92743709;2.400861731
0.380556329;1.725083837;0.270838194;0;5.493913956;0;0;0;1.74570533;0.063950536
1.049416416;NA;2.996460298;6.041836631;1.36211257;3.250533642;1.530677265;1.253320503;5.993937721;3.097518466
0;NA;3.725271196;12.51612849;8.542708602;8.840884084;0.40551561;0;12.45491973;8.959979074
0;NA;0;0.498736702;0;0.381149547;0;0;0;0.452882775
0;NA;0;0;0;0;0;0;0;0
0.152639986;NA;0;0;0;0;0.838920014;0;1.227986804;0
0.478966719;1.253498677;1.13617116;0;0.092387114;0;1.248105852;0;0;0
0;0;0;0.29475964;0;0;0;0;0;0.10812786
0;0;0;0;0;0;0;0;0;1.153354845
0.99460812;3.26204278;2.141031665;2.758975632;5.008063258;1.521898484;2.462957962;2.684790414;3.842227691;2.140419896
4.558818324;15.44958272;5.115038887;11.3950417;13.15063064;5.272774168;6.042253348;7.273522282;12.87637254;7.552328009
0;5.719307096;2.404362878;5.962148945;4.775251747;2.44978016;0;0.223069232;5.874796476;3.373715284
0.106266266;0;0;0;0;0;0;0;0;0
0;0;0;0;0;0;0;0;0;0
0;0;0;0;0;0;0;0;0;0
0.144197215;0;0;0;0;0;0;0;0;0
0;0;0;0;1.244189234;0;0;0;0;0
7.201921159;0.891703656;0;0;12.06436658;0;3.886281349;0;0;2.729239821
5.082400853;8.227254032;1.443191336;0;11.08761506;0;11.60208527;4.034622464;0.408965938;0
0.565751358;23.38698303;9.452153187;0.321077492;16.76075875;0;6.345437226;0;11.7333658;0.473408989
0.828067183;5.414870727;1.422596284;0.870273698;0.989008289;0;0.202970239;0.491640307;3.195204985;0.204483961
0;0;0;0;0;0;0;0;0;0.075672189
0;0;0;0;0;0;0;0;0;0.055929726
0;0;0;0.118806008;0;0;0;0;0;0
0;0;0;0.445352155;0;0;0;0;0;0
0;0;0;0;0;0;0;0;0;0
0;0;0;0;0;0;0;0;0;0
0;0;0;0;0;0;0;0;0;0
0;0;0;0;0;0;0;0;0;0
0.646214533;0;0;0;7.473695288;0;0;0;1.356530906;0
3.412043801;6.366233585;1.526891218;2.112366717;4.020513335;0;6.103504327;1.140072592;0;0.133366879
0;6.25315267;2.698449333;3.624698278;3.189823003;0.952326919;1.775985342;1.017938658;2.936082129;1.760457677
0.33451106;0;0;0.931811574;0;0.285988217;0;0;0;0.532578484
0;0;0;0.146496337;1.277749294;0.344954421;0;0;1.248182613;0.349867936
0;0;0;0;0;0;0;0;0;0.116789707
0.896213529;9.48846106;2.601540516;6.333974547;8.976182265;2.391606744;1.608459629;2.933926885;7.811823889;3.137979999
2.888584944;13.86082516;7.403621559;7.127344357;10.9074143;2.91678127;9.703889551;7.742915769;9.91899671;4.994741643
4.163850166;18.92819751;19.50121137;24.20329256;35.8707447;12.48811795;10.06972196;9.906052916;30.6439488;18.32035711
2.693102018;0;16.4373413;13.06454784;18.69271824;7.921501561;8.156804573;8.10027143;17.91405201;14.42602251
0;0.200764578;1.115037788;0;1.203307482;0.531147765;0;0.445693936;1.502652399;0.564418869
0.103188567;10.87482756;1.354313956;0;1.660083247;0;0;0;1.264752908;0
5.637357963;0;28.77822139;13.82027752;16.81411914;4.892838369;27.87977112;10.67030694;30.53531318;5.67355498
1.791014638;0;12.80710808;10.62933978;17.96717652;0;5.927535635;1.157214641;23.02383587;3.377315942
0.657022355;0;5.85172226;1.315521458;8.344055577;0;7.125490689;0.59496358;14.34624696;0.322855602
0.146501282;0;0;0;3.939635663;0;0;0;0;0
0;0;0;0;0;0;0;0;0;0
0.514979345;9.064057087;0;0;0;0;0;0;0;0
0.879307262;16.54737233;1.507431983;0;0;0;6.09502176;0.457813607;0;0
10.02044519;22.2179642;10.60491689;0;14.97423562;0;0;1.387403471;32.83245645;0.170642495
0;2.659751575;0.227127964;2.111943578;1.704308772;0.304217569;0;0.735776335;0;0.939033316
0.536171103;5.155080724;4.469758913;1.801134122;4.3026084;0.977456084;2.463000298;0.845894571;4.820105718;1.589731903
0.922519646;4.453081308;4.729147839;0.481870515;2.194235361;0.094344154;6.495876735;2.176616602;3.268433323;0.076245504
0;1.955794695;0;0;1.560134207;0;1.512330971;0;0;0
0;1.868898073;0.13327444;0;0;0.133287074;0;0.884849076;0;0.096759247
0;9.891966859;4.795929102;16.68292579;9.602538989;4.202673194;0;0;7.90288417;8.270244681
0;1.106435984;0.659302604;1.851017423;1.192455819;0.89630436;0.534673217;0.359754501;1.453332822;0.655931135
0;0.308380186;1.211014009;0.821022097;0.370081426;0;0.620163337;0.065442526;0;0.391691557
1.354415453;1.434095614;0;0.308803898;1.353086019;0;0.54314608;0.079877433;2.214392649;0
0.567338045;5.534174211;3.358716352;6.894044735;6.204974831;2.810679627;0.45853711;0.857393734;4.849580443;3.547354
0.05718652;0;0;0.477702916;0;0.467206503;0.110890942;0;0;0.205447174
0.5196713;2.088443914;1.198718378;2.182511207;4.054438642;0.172421422;0.566869778;0.30206831;2.244068447;0.485990647
0;9.474825861;4.18840658;1.645493169;3.91568789;0;2.190687941;0.244714757;2.559264297;0.201564021
0;0;1.388168177;2.721838553;21.41862556;0;0.883034802;0;4.837754974;0
7.2029431;63.2261441;56.007181;11.90773012;18.43442805;5.441727974;20.99742516;0;35.1382688;16.17978286
4.72015617;66.95603234;36.48820455;24.10611385;20.11530011;25.55563294;10.6623561;2.104541409;32.6047726;29.05593168
1.745236154;15.73081792;8.661564094;4.463651806;0;2.223424975;6.66616852;2.876776601;10.70876824;3.382885396
0.364901644;3.948275222;1.319862187;1.743910823;0;0.385596524;3.381561832;1.363774289;2.46161147;0.373376001
0.354770379;0;1.26322561;0;0;0;2.092390733;0.42525155;1.669060412;0.137736185
1.646240005;4.005097956;2.997964735;6.365810982;0;2.320327252;10.77591037;10.51916319;3.137637632;5.145709264
1.335702519;3.648909602;1.849016318;1.892122531;0;0.773370234;2.656170346;3.01375506;3.734904616;1.842933221
1.587110401;19.64556307;9.908383377;3.870490863;9.948914699;2.409863736;10.8283416;4.863538166;12.58760221;2.537091893
0.986631983;17.43837874;11.32805303;2.794103314;10.74673405;2.66842331;8.34747814;1.492627562;20.96623256;1.887684728
0.252956296;21.7996395;9.791310604;2.129665606;6.469475444;0.654335218;3.680709826;0.510481116;19.91107699;0.485781061
0.140355702;4.106681936;1.36074035;1.252942683;17.38427559;0;1.774695827;0;0;0
1.264542665;22.11837704;13.54312951;2.477343816;60.68320479;0;9.676191058;0.934707227;13.21475027;0.225139851
4.658293979;50.13696772;62.70183493;8.647870411;2.803323307;3.180288959;31.47935015;3.502528813;54.48916079;1.874455987
1.856983888;46.37695147;12.95467647;18.07961229;27.37647201;18.84588058;8.580661801;0.857560131;47.02820962;12.32888347
0.254591891;3.208711401;0;0.377973203;0;0;1.590659555;0;0;0
15.58838707;92.0135027;73.56295465;26.16738343;35.69554542;36.22548879;32.57067726;0;NA;22.66565143
0;1.647270709;0;0.646191997;0;0;6.369362787;NA;0;0.77624231
0;1.497169137;0;0;0;0;0.293054262;NA;0;0.077637133
0;2.662468927;1.496428865;0.203577753;0;0;2.035290766;NA;1.18612421;0.1389739
0.74009936;7.923625541;5.563162777;3.661725795;33.37148401;0;3.480836016;NA;2.666470767;0.773838417
0.751139166;9.493065895;6.62122529;3.765109285;7.553521807;0;0.979258034;NA;3.880460076;0.597561789
0;8.434779308;6.025713074;0.501550951;0;0;4.772809156;1.092395015;4.595258304;0.110704662
0.357275593;10.12374057;5.624598257;1.84510522;0;0;4.359939609;0.507943767;9.049946653;0.150080388
0;0.60013734;0;0;0;0;0;0.516437525;0;0
0;4.35974133;2.372220711;0.718666109;0;0;1.513099545;0.488253273;1.918374411;0.229327589
0.407081035;2.55661498;1.189923216;2.955019962;0;0;4.861828767;0;0;0.213672202
1.28404143;2.657224774;1.618658665;0.522009755;0;0;3.805121702;0.522750213;2.64890572;0.115347477
2.75438016;11.29585738;6.737849946;18.52483021;0;6.372047067;0.237061514;2.056639996;10.63077891;9.093271643
0;0.628828645;0;0.290471706;0;1.87858131;0;0.645174827;0;0.241070375
0.531196098;19.60612683;9.808687706;2.375843279;0;0;8.642188698;2.127009322;17.40862365;0.605783512
2.303674259;14.18076821;5.642619856;13.14354335;13.92801209;5.896626345;6.319780729;7.952359755;11.19254625;6.223015552
0.095962711;0.702831677;0.116722493;0.084762934;NA;0;0;0;0;0
0.148270365;0;0;0;NA;0;0;0;0;0
0;1.16943126;0.246447877;0.198879968;NA;0;0.556423343;0;0;0
2.26934122;5.260372119;5.21949859;0.854327582;NA;0.466204428;10.39809876;0.68343;10.2026035;0
5.436324468;13.49299079;9.79611098;5.828708756;5.591209548;3.223557177;7.664833687;3.996364572;14.56079916;3.375900531
0;2.069090712;0;1.002912414;13.39117388;0.622476977;4.113344816;0;0;0.322608196
0.646103623;16.42327338;17.53527376;9.401299503;7.839348186;3.104553001;6.354308431;1.355311541;16.09660467;5.526590368
0;0.403003677;0;0;1.582818477;0;4.196076554;0;0;0
0.331227366;0.977502412;1.17320416;0.076503989;6.708777159;0;2.128007896;0.609342278;0.990153302;0
1.547642596;19.45916424;10.75412314;11.71618806;3.955258206;4.569395065;16.42336653;6.22174411;17.01751212;7.139052772
2.452125263;13.87792395;6.868508283;6.545049216;4.506137517;3.923064471;5.888670299;3.529609383;9.383673831;4.913320309
0;1.376172032;0.423837274;0.496820287;5.187339703;0;2.946102025;1.919978806;0;0.190796714
0.359013959;3.863704962;2.715256365;0.827437408;2.341546055;0;10.51102691;1.839188605;5.175567824;0
0;0;0;0.193152892;0;0;0;0;0;0
0.89004373;1.663197106;0;0.181357444;0;0;8.255487797;2.172803367;0.19871481;0.144115288
1.30464757;100.0311242;26.10577997;9.672653152;4.688465526;3.395642661;6.779674474;5.406508693;33.2463724;5.13644878
0.198103868;20.52573774;7.212971879;1.358058612;5.419744504;1.006098556;0.143119791;0.513400866;17.52200624;0.75005345
8.665774602;0;2.264745184;3.380824859;3.825288632;1.227012111;0;2.044813597;5.009865214;1.072188577
3.565070465;0;2.265389931;9.834162684;2.779019193;3.341171251;NA;2.005742859;2.878092483;5.501337208
2.473397243;4.076969083;5.148285131;12.80625081;11.01062228;2.454801864;NA;3.146962369;13.10294232;7.040105184
1.147562807;0;1.760450871;2.035924926;4.336583626;1.913654655;NA;1.60517221;3.095098258;1.130616673
4.792756347;27.80661626;19.24688957;45.26637163;20.90079805;10.80106682;NA;5.90183739;37.71602509;24.20743071
2.651506988;43.56489289;21.06712144;25.20524628;30.78507452;9.320926349;NA;5.292431585;41.12007043;14.1174319
0;6.686643538;5.394976607;12.08299054;4.101714185;3.506626579;NA;0;7.055797451;6.974643567
4.445394445;7.0720657;6.49521474;9.537520976;8.900386824;2.033339716;NA;10.12851861;8.174280652;6.379561316
1.658904775;0;1.126617374;1.73960518;0.868219562;1.117797623;NA;7.462129195;0;1.39251794
0.712642606;0;1.320355427;1.408808561;0;0;NA;0.722126757;2.16779646;0.248393139
0.506110813;0;3.798889262;3.414023304;4.365175005;0.115811751;NA;0.704477271;0.959881479;0.805962755
0.592489375;0;0;0;22.59321543;0;NA;0.235911462;0;0
0;0;0;0.46326939;0;0;NA;0.389398264;0;0
0.135249427;0;0;2.520462365;0;0;NA;0.053231151;0;0
0.336404961;0;0;0.205977449;0;0;NA;1.070857255;0;0
1.335711483;0;0;5.157772526;0;3.12686758;0;2.190985338;13.38034059;3.265690933
0.091640253;0;0;0;0;0;0;0.290420089;0.917602194;0
0;NA;4.079990366;19.43175012;0;7.071896427;0;0;16.22823995;12.87643603
0;NA;0;0;0;0;0;0;0;0.117115229
0;0;1.12206311;1.066055137;0;0;0;0;1.675069343;0.376079887
0;0;0;0;0;0;0;0;0;0.140595693
3.8363644;0;0.824636706;0.096571018;0;0;0;1.717597163;1.082600348;0
0.220102768;0;0.774502013;0;0;0;4.515177682;4.042564653;1.773773424;0
0.233116694;0;0.859901051;0;0;0;0.488772862;0.13502091;0.892883221;0
0;0;1.321761034;0;0;0;0.863034434;0.853077948;2.416174589;0
0.539082873;0;0.105735718;0;0;0;0.355257444;0;0;0
1.213608826;23.6871905;14.79473397;12.80306671;18.48100557;13.07500601;5.951631252;0.711449697;29.42248752;7.988200117
0;13.76608105;8.714172399;12.02786373;13.97098615;18.39091782;8.078721808;1.818990127;21.71313981;9.783756834
1.374971958;0;0;0;0;0;2.778347908;2.52928287;0;0
0;0;0;0.085844572;0;0;0;0.300864467;0;0
0;0;0;0.075965239;0;0;0;0;0;0
0;0;0;0;0;0;0;0;0;0
0;0;0;0;0;0;0;0;0;0
1.00845771;3.77898189;4.584691949;2.23765119;2.206293037;0.645767277;0.4789049;0.595660091;12.00702781;1.838652801
37.20434726;25.17049532;16.19035406;37.68927791;31.00626321;37.05227828;8.564185645;10.85959966;41.97889675;14.00179149
1.522846518;2.589704398;1.905454094;4.806412198;4.458760841;1.955985891;0.208531687;2.816910879;5.615064735;1.951369908
0;0;0;0.227545826;0;0;0;0;0;0.092481861
0;0;0;0;0;0;0;0;0;0
0;0;0;0;0;0.159446335;0.0990407;0;0;0.285504046
0;0.107964165;0.156600063;0.381267067;0.259891123;0.737747187;0;0;0.666913596;0.213200005
0;0;0;0;0.072100006;0;0;0;0;0
0.224525541;0.797690377;1.024427243;1.109501575;0.726331219;0.07420003;3.5611223;2.981673755;1.562187812;0.655888012
4.085866781;0.15100038;0;0;0.337008924;0;2.0848146;3.09959033;0;0
0;2.202762809;1.969115308;0.125386662;1.876220398;0;0.564171966;0.284255501;8.316589479;0.129630425
0;0;0;0;0;0;2.032543299;0.617629682;0;0
3.818104135;0.072702224;0;0.061086032;0.10552044;0;2.484588102;4.304388118;0;0
0;1.10050405;0.478367745;0.475987136;0.426885316;0;0;0;0.210314292;0.691965863
0;0;0;0.065791958;0;0;0;0;0;0
0;0;0;0.060543001;0.059900001;0;0;0;0;0
10.02787729;9.563767187;9.519919062;8.113393101;8.198047004;7.815567007;13.9788053;13.5950927;13.57334143;12.714579
2.422024904;13.56446029;11.63879494;2.700881981;11.53373669;0.787428656;4.451810195;3.85688817;44.34859069;2.269317514
16.42056141;14.80576762;33.78865503;25.85146597;18.01173453;28.78448259;9.538002465;3.094737814;20.26908143;15.63752249
0;7.626664204;1.164595414;0;0.84888472;0;0;NA;8.829877366;0.083249138
0;0;0;0.060090553;0;0;0;0;0;0
2.733004697;9.226812831;8.392890526;8.290778876;5.83218693;4.281169629;14.53989112;5.094701502;NA;5.163545149
0.904850442;15.37407574;13.58244897;17.41383105;14.18163472;13.79145778;4.445104208;3.700274675;NA;13.63040749
0;0;0;0;0;0;0.768208465;0.576889534;NA;0
1.214001122;4.287219873;3.926795095;0.11209615;1.969735215;0;1.011194612;1.725142019;NA;0
0.44449772;0;0;0;0.062948846;0;0.556108707;0.329641866;NA;0
0;2.021111718;1.558876845;0.308142362;1.111393374;0;1.784063484;1.650692978;NA;0
0.081107099;0.186913936;0.201831332;0;0.294854043;0;0.989819003;2.062231348;NA;0
10.17100371;0.964518123;0.318822745;3.090956767;0.715672246;1.817285807;2.4018824;7.914687014;NA;4.014187165
4.296530221;0.515169368;0.803084173;0.140673114;0.91806139;0;1.149098013;0.999730635;0.828378322;0
0;0;0;0;0;0;0;0;0;0
0;0.082341843;0.056532472;0;0;0;0;0;0;0
0;0;0;0;0;0;0;0;0;0
0;0.05390001;0;0.0931222;0.069900001;0;0.0682262;0;0;0
0;0.277590013;0.119819001;0.2277829;0.184810001;0.235800001;0.5580634;0;0.669358888;0.186343
0;0;0;0;0;0;0;0;0;0
0.280617721;2.556877983;1.662570233;1.546451169;1.859924344;0.350639484;4.977285418;1.772209455;3.116666118;0.870095013
0;0;0;0.413665663;0;0.070800206;0.4705882;0;0;0
0;0;0;0;0;0;0;0;0;0
3.291493233;5.243327021;3.645773005;0;2.384095;0.339696;0.3646245;0;7.610676138;0.0545
0;0;0;0;0;0;0;0;0;0
0;0;0;0;0;0;0;0;0;0
0;0;0;0;0;0;0;0;0;0
0;0;0;0;0;0;0;0;0;0
0;0;0;0;0;0;0;0;0;0
0;0;0;0;0;0;0;0;0;0
0;0;0;0;0;0;0;0;0;0
0;0;0;0;0.0981;0;0;0;0;0
0;7.430446652;6.292510013;16.14289661;5.341620043;11.33035404;0.5581358;0.376781;9.452881768;23.12263
0;3.509054122;1.832884045;0.442081022;0.605701045;0.681765085;1.3181087;NA;1.444327;1.202793005
0.511221702;0;0;0;0;0;0.8912489;NA;0;0
0.187692301;0;0;0;0;0;0;0;0;0
0;0;0;0;0;0;0;0;0;0
2.830769405;0;0;0;0;0;1.0928961;0;0;0
2.966671219;0;0;0;0;0;0.891719601;0;0;0
0;0;0;0;0;0;0;0;0;0
0;0;0;0;0;0;0;0;0;0
0;0;0;0;0;0;0;0;0;0
4.533938381;2.204211124;1.243717625;1.64714977;1.621302738;0.16620012;4.5084796;14.90477245;3.801132937;0.550072018
0;1.310515122;0.770209619;1.490913582;0.556874162;0.312715506;0;0;2.022175252;0.622576069
2.191764743;0;0;0.0653394;0;0;0.7849321;0;0;0
10.13321272;3.906641547;3.134389;2.5188253;0.929187;2.952730001;4.9398825;4.4776702;8.566703677;3.202619
0;0;0;0;0;0;0;0;0;0.105601496
0;0;0;0;0;0;0;0;0;0
0;0;0;0.0811765;0;0;0;0;0;0
0;0.125339001;0;0;0.0529;0;0.4939548;NA;0;0
0;1.18986413;0.728869;0.9000904;1.127964;1.358369;0;NA;2.185968987;1.608875
0;0;0;0;0;0;0;NA;0;0
0;0;0;0;0.0581;0;0;NA;0;0
0;0;0;0;0;0;0;NA;0;0
0;1.832942082;1.319366;1.111131401;1.848959306;0.1391;0;NA;3.091510184;0.1471
0;0;0;0;0;0;0;NA;0;0
0.134841603;0;0;0;0;0;0;NA;0;0
1.865158716;0;0;0;0;0;0;NA;0;0
0;0.207149049;0;0;0;2.345270501;0;NA;0;0.789940004
0;0;0;0;0;0.061;0;NA;0;0
0;1.280996006;1.059762;0;0.773757;0;0;NA;2.596073587;0
0;0;0;0;0;0.0959;0;NA;0;0.0892
0;0;0;0.2139363;0;0;0;NA;0.094120325;0
0;0;0;0;0;0;0;NA;0;0
0;0;0;0;0;0;0;NA;0;0
0;0;0;0.0748416;0;0;0;NA;0;0
4.999999844;1.489074067;1.334828006;0.2730318;1.644396011;0;1.9357466;NA;4.250745062;0
0;12.55568291;5.906494764;4.03805157;5.63118989;3.052952252;1.257827904;NA;16.41170852;3.205341644
0;0;0;0;0;0;0;NA;0;0
0;0;0;0;0;0;0;NA;0;0
0;0;0;0;0;0;0;NA;0;0
8.000001784;0;0;0;0;0;1.9999999;NA;0;0
0;0;0;0;0;0;0;NA;0;0
0;0;0;0;0;0;0;NA;0;0
0;0;0;0.075746622;0;0;0;NA;0;0
0;0;0;0;0;0;0.1;NA;0;0
0;0;0;0;0;0;0.7215384;NA;0;0
3.053395089;0.472448409;0;1.357827518;0.242600014;0.194726028;0.9602716;NA;0.862528827;1.108530004
0;0;0;0;0;0;0;NA;0;0
0;0;0;0;0;0;0;NA;0;0
0;0;0;0;0;0;0;NA;0;0
0;0;0;0;0;0;0;NA;0;0
0;0;0;0;0;0;0;NA;0;0
0;0;0;0;0;0;0;NA;0;0
0;0;0;0;0;0;0;NA;0;0
0;0;0;0;0;0;0;NA;0;0
0;0;0;0;0;0;0;NA;0;0
3.946606512;0;0;0;0;0;0.41819;NA;0;0
0;0;0;0;0;0;0;NA;0;0
0;0;0;0;0;0;0;NA;0;0
0;0;0;0;0;0;0;NA;0;0
0;0;0;0;0;0;0;NA;0;0
5.667873301;0;0;0;0;0;1.1557465;NA;0;0
12.33212708;8.001645827;9.103385129;11.30588213;10.0206402;3.730356162;18.2442532;NA;8.963035003;7.942317004
0;0;0;0;0;0;0;NA;0;0
0.424437715;0;0;0;0;0;0;NA;0;0
20.28418365;5.756230223;5.455509585;7.77640514;5.598226359;6.086243265;7.11239811;NA;7.100031075;7.928648874
3.830910696;11.17855182;7.465884989;16.77146833;14.96340265;8.7966868;3.887809828;NA;7.565303454;11.55540916
0;5.401965818;3.451947947;8.604527254;3.905597409;3.219003531;0;NA;6.990549435;2.892027063
0;1.081608292;0.677280909;1.172666974;0.470501315;0.383301229;0;NA;0.26959804;0.548050651
0;0.176508112;0;0.120186457;0;0;0;NA;0;0.206157084
0;0;0;0;0;0;0;NA;0.065496046;0
2.053673594;2.108009182;0.406387246;2.196988861;2.38768983;0.151058897;0.293404457;NA;0.960357565;0.431237461
0;0.282141348;0.110360288;0.305603876;0.20448437;0;1.097846132;NA;0.126723116;0.149940264
2.405131177;8.197240797;6.287867723;3.788836978;7.707255385;0.681942814;5.803873191;NA;3.37827436;0.915935651
1.102846965;14.31047444;7.797129195;17.80338291;10.98997185;4.808932049;3.890463646;NA;10.09610553;9.502093529
0;2.000298359;0.981126947;4.367997891;0;2.118520511;0.199674088;NA;0.98268024;1.133347198
0;0.158863973;0;0;0;0;0;NA;0;0
0;0;0.055146204;0;0;0;0.100003591;NA;0;0
0;0;0;0;0;0;0.118461601;NA;0;0
0;0;0;0;0;0;0;NA;0;0
0;0;0;0;0;0;0;NA;0;0
0;0;0;0;0;0;0;NA;0;0
0;0;0;0;0;0;0;NA;0;0
2.024681049;0.147741832;0;0;0;0;0.351223732;NA;0;0
1.35678107;11.71507114;5.980693085;7.584701609;1.328499759;0.376145981;1.458659648;NA;10.42215052;1.15549482
0;52.14863178;17.09302655;38.88839054;43.27264508;19.02006046;4.548616368;NA;28.58997132;15.56464652
0;0;0;0;0;0.075227969;0;NA;0;0.141445618
0;0;0;0;0;0.140438799;0;NA;0;0
0;0;0;0.095747247;0.068001548;0;0;NA;0;0
1.475015503;5.572834253;7.329428028;2.711061688;6.668967048;0.457260112;7.126718661;NA;17.43238022;1.42587996
5.513163664;16.58205918;5.917972876;4.352904391;10.75534837;2.193316095;0.701005853;NA;11.97878576;1.353993272
1.234990212;0.717982626;0.16132623;0;0.613460966;0;0.49310907;NA;0.569752868;0.192184402
0.640945459;0;0;0;0;0;0;NA;0;0
1.578328164;0;0;0;0;0;2.307725139;NA;0;0
4.609834247;8.15521008;4.954480502;11.16587774;7.100532043;5.014076359;11.40468114;NA;7.276951484;8.426958858
0;2.405584264;1.925090165;0.802545336;0.706426502;0;0.446197218;NA;1.741554301;0.814733311
0;4.080950306;2.09913164;4.962780063;3.331676533;0;0.839604821;NA;2.914326423;0.909166097
0;2.090179055;0.668648316;0.95509797;1.587743191;0;0.983593325;NA;1.163034946;0
0.400201855;0.771622083;0.237390178;0;0.226995645;0;0.630951047;NA;0;0
7.449068699;0;0;0;0;0;3.240203416;NA;0.507028114;0.182327925
38.06722448;19.93445763;12.0246492;7.910772924;20.95932637;8.36503043;6.707827356;NA;62.81219809;5.04733655
12.87200128;26.79221208;19.05580133;4.591453635;4.918506016;8.47252643;17.609427;NA;27.91758711;5.197115319
4.618670949;82.64369773;65.65878444;28.64832478;12.35238214;37.16928724;16.90961652;NA;111.6269636;18.33631394
2.776167072;8.072289466;11.78626689;3.378741687;5.991219981;0.832389053;3.270325592;NA;19.48875795;0.98329009
0;4.315119836;2.482450602;0.995083838;2.06520312;0;4.365097808;NA;1.910238693;0.345308543
3.540074361;61.01117048;27.35805116;16.27174449;24.70026262;5.815062072;9.988649732;NA;32.89338432;6.889010298
0.331528654;3.686993418;1.527081172;0;2.045993354;0;0.36676279;NA;4.162414526;0
0;0;0;0;0;0;1.456339938;NA;0;0
1.706735823;8.83988986;3.552698069;6.641873536;7.142587228;1.200229001;4.080751583;NA;6.377333979;0.87361751
0;0;0;3.246051523;0;0;0;NA;0;0.312532135
0;0;0;0;0;0;0;NA;0;0
0.287194127;0.321145309;0.200407567;0.773738741;0.513840522;0.631591455;1.034860164;NA;0.818613117;0.567320923
0;0.76746119;0.433991598;4.641628352;0.80897185;0.756097806;0;NA;1.417304839;2.700835246
0;0;0;0;0.069582779;0;0;NA;0;0.130363595
6.928586554;9.631143677;8.354106606;32.11226143;11.44290803;13.95181469;3.08869881;NA;20.56196616;20.20591529
0.185060223;23.14542121;11.04369127;17.12669861;19.04653131;4.150165955;2.216047474;NA;21.03533681;8.223004474
1.230255136;16.35284248;8.036313446;12.86282258;10.47014411;1.049644519;3.894310555;NA;14.20973254;5.283313175
0.530711301;14.02019784;5.437808143;8.393079496;7.339705723;0.589307132;1.035243714;NA;10.73877841;5.23883946
0.421967782;1.180937838;0.673207125;1.666607724;0.6646101;5.984924863;0.582925856;NA;0.596675864;0.368446979
0;0.960004539;0.743185832;2.084896848;1.02597831;0.448946836;0.282746396;NA;0.990751139;0.774219261
0;0;0.112139077;0.583018733;0;0.743893748;0;NA;0;0.130832142
0.435719997;0.170493153;0;0;0;0;0.143015279;NA;0.152893075;0.409424993
0.476803922;0.396059376;0.341412647;0.474005661;0.200589938;0;0.256988801;NA;0.275520616;0
1.020896091;1.016537336;0.665672935;0;0.51392826;0;1.63319138;NA;0.474177452;0
0;1.782096346;1.748183594;0;0.434902802;0;1.426449496;NA;1.868845003;0
0.135636882;0.18288138;0.263846495;0;0;0;2.150970893;NA;0.27834456;0
1.380606743;0.396296269;0.097330789;0;0.532562437;0;2.413974285;NA;0;0
6.052985893;23.51451482;20.13832799;7.645533622;6.108550667;1.6413876;7.395452568;NA;39.65583353;3.209924137
0;3.381185204;1.891443875;1.132535516;3.908959089;0;1.03955981;NA;2.107481367;0.1224694
2.935676713;20.72504832;19.45605464;3.133535711;2.05471134;1.080680401;8.609818971;NA;28.58434048;1.815523884
0;19.15493125;13.52653946;8.529263135;7.310388134;3.361033919;4.587932659;NA;21.17690658;4.306116286
0;19.48604023;8.735949113;1.972301084;9.633724221;0;2.84378004;NA;11.56477433;0.741467139
0.215071568;10.25280996;2.097053766;4.061232557;17.83342611;0;1.659833111;NA;5.94669865;0.196700261
9.80293533;96.21767227;46.54799894;16.06455316;8.218017397;9.221086305;46.16554601;NA;25.03639828;11.43313547
0;7.218129013;9.717392017;7.241399021;6.628677433;2.499781339;2.312009644;NA;6.577300997;3.469331304
5.328138516;4.911674644;4.048628637;2.864874711;6.565158484;0;16.31908367;NA;4.504982649;1.092419476
4.743279638;14.42821496;2.49761004;2.420539731;2.215654982;0;2.868788823;NA;3.985633306;0.592054317
11.73455216;125.9672431;65.12087558;38.06124934;46.07605448;40.10659689;8.08156271;NA;152.2695795;20.35544155
0.213056804;12.06961403;3.660299456;5.081032625;34.2817542;1.841300544;0.096381947;NA;24.33902924;2.548986529
0.937939692;13.43498334;3.13967552;3.539438768;4.698117091;0;2.4761403;NA;5.045978997;0.670169011
9.030560017;73.56146043;57.96734666;19.43414851;18.75459745;33.86133204;13.03814207;NA;116.6560359;16.7316073
0;9.829409635;0.33375582;4.253817734;55.13921588;0;5.631066128;NA;4.842404317;0.601521124
0.207899075;22.99860683;10.31528068;5.363506936;8.543901628;1.165373786;10.7932691;NA;11.24295732;0.944666332
0;6.792754999;1.431455101;0.220134867;1.691969217;0;2.984492217;NA;0.408069685;0.278053394
0;2.404966174;0.302102191;0.289596635;0;1.086684921;2.995823624;NA;0;0
0.42819974;12.79707936;8.930290991;1.411414646;1.253114607;0;8.329909428;NA;1.565995521;0
3.730107078;10.37473888;12.42898102;5.267653649;3.595179602;0.575804451;8.35339997;NA;4.198750194;0.769013772
0;1.64840294;1.30744072;0.251052029;0.16044559;0;0;NA;1.494624552;0.250582835
0;0.356720463;0;0;0;0;0;NA;0;0.140028231
0;0;0;0;0;0;0;NA;0;0
0;0;0;0;0;0;0;NA;0;0
0;0;0;0.169957284;0;0;0;NA;2.555210018;0
0;0;0;0.399050099;0;0;0;NA;0;0
0;0;0;0;0.223288534;0;0;NA;0;0.079453514
0;0;0;0;0;0.886657104;0;NA;0;0
0;0;0;0;0;0;0;NA;0;0
0;0;0;0;0;0;0;NA;0;0
0;0;0;0;0;0;0;NA;0;0
0;0;0;0;0.238671524;0;0;NA;0;0.075516014
0;1.598231725;0.764085436;0.14833288;0.646958617;0;1.468261677;NA;1.74653631;0
0;0;0;0;0;0;0;NA;0;0.173375241
0.758578007;21.84895592;7.397864436;3.809531416;1.795134047;0;5.519707361;NA;7.104868319;0.23196351
0.55236899;16.39691265;14.13019149;5.582132338;8.156642807;2.133261996;1.46523725;NA;13.99045383;3.032554643
0.742409192;19.91335843;12.28420034;16.00156478;22.69626532;7.339440945;3.008858463;NA;21.48511739;5.965843392
0;5.867856014;2.76538198;5.284007415;4.647497155;2.02859893;0.192523039;NA;5.468273751;2.725225488
3.391373593;9.046395075;5.766330431;15.79955863;8.930950467;7.92836557;2.467743474;NA;13.0287051;7.2828953
0;3.031029971;0.823186483;3.491474658;2.136858331;1.824378418;0.264796656;NA;2.320122701;1.711117908
0.059832873;0;0.46564724;0;0.356916838;0;0.151591588;NA;0.175741878;0.144932929
0;0;0;0;0;0;0;NA;0;0.194677715
0;0;0;0;0;0.247802247;0;NA;0;0.175502728
0;0;0.477000095;0.222014159;0;0;0;NA;0.155130156;0.251141649
0.260692321;4.032112593;2.117340068;1.636362542;3.296684827;0.352564937;0.955121655;NA;6.430719843;0.437392866
2.73889259;15.61736854;4.32081491;12.20781071;13.08573084;5.666685682;6.654095524;NA;22.05780088;7.785221103
0.423821783;9.723113753;2.082061815;0.94415635;3.792882635;1.596542533;1.532166342;NA;5.133369566;2.65247212
1.795521228;16.14254189;7.506185928;3.469966946;6.568824335;3.011429941;3.883435951;NA;12.30948301;2.493151899
0;0;0;0;0;0;0;NA;0.123151165;0
0;0;0;0;0;0;0;NA;0.162148729;0
0.377972247;1.29404899;0;0;0;0;0.123078524;NA;0.171396186;0
0;0;0;0;0;0;0;NA;0;0
0;NA;0;0;0;0;0.112552055;NA;0;0
0.196238718;0;0;0.346077236;1.616053711;0;0.7054267;NA;0.169579344;0
0;0;1.387164121;0.379217769;7.264052807;0;0.173196762;NA;0.513722548;2.282027526
0.233222131;2.068375096;0;0.275090528;6.201743261;0;2.133183098;NA;0.222010433;0
0;0;0;0;2.554854912;0;2.677435585;NA;0;0
1.839492502;12.60306175;9.117294234;2.830316422;2.52092284;0.754043002;17.88760086;NA;8.105734529;2.556951012
0.522822562;7.725379666;4.304300731;4.328916081;4.432481527;2.114479817;8.476642314;NA;5.522019336;4.158311309
0;0;0;0.584700032;0.791662097;0.480037702;0.140200847;NA;0.537394799;0.066373012
0.149133981;NA;0.370008966;0;0.393995523;0;0.183859807;NA;1.027769872;0
0.331333805;NA;1.087312237;0;2.237267185;0;0.788023776;NA;1.73965118;0
0.06628245;NA;0;0;0;0;0;NA;0.142490709;0.09813375
0;NA;0;0;0;0;0;NA;0;0
0.191653579;NA;0.747455998;1.666171723;10.28149727;0;0.169333474;NA;2.038413025;0.671937194
1.31047579;6.402818785;2.579490717;0.554685009;3.941248886;0;7.439258232;NA;3.760589776;0
1.775764536;97.33088138;39.7422409;19.7794176;20.61523488;11.5304896;3.455151046;NA;95.36684579;9.045703919
0;4.140938441;1.299587798;0.19409046;2.250973126;0;0.478129772;NA;5.673143349;0
0.178344294;2.423987239;0.777451524;0.52203708;3.63973627;0;2.897945576;NA;1.080273982;0
0;0;0;0.865501744;3.484195385;0;4.459465932;NA;0;0
NA;5.222764409;2.889172379;2.009848954;4.737928594;0;3.468098938;NA;3.503166905;0.164291855
0;0.36188263;0.326060766;0;0;0;5.460474098;NA;0.357838829;0
0.178703483;6.576453847;7.003574484;0;1.78109613;0;16.38782959;NA;4.65339763;0
0.717008544;28.08149501;18.99813682;5.84156798;8.540099704;2.520635388;15.35099159;NA;29.13461145;2.397505046
0;1.070373997;0.648844327;0.262025909;0;0.15342593;0.291037496;NA;1.021639224;0
0.680879383;3.235558386;2.812777239;1.584177257;2.479933133;0.734300782;3.203999922;NA;3.37262341;1.304152241
0.410766717;5.009883295;2.671017453;1.521011868;8.029777516;0;4.500331943;NA;3.257542821;0.268421206
4.762569146;39.01822788;30.07766066;9.797455652;9.214054541;15.27949873;19.02669082;NA;32.43639162;11.30963336
1.375036765;79.95632299;28.80613743;7.74503104;28.73021413;4.784050316;7.593341044;NA;66.93613449;2.992289303
0;5.972693561;3.88351955;0.660251065;0;0.304076205;1.41866472;NA;3.218585618;0.097952278
0;4.939798145;2.885930811;1.045978833;4.423015509;0;2.672493806;NA;2.795955755;0.172029802
0;24.41630893;8.147037817;2.246161961;22.19206347;0;5.948264592;NA;18.53761441;0
1.572882965;21.31183018;7.501516596;9.286666526;17.48321173;4.022750502;5.267968497;NA;23.19221731;5.798358743
1.679420025;10.71667716;5.645050014;5.929563185;7.500565035;4.227641341;5.038234099;NA;11.27264803;5.928965079
0;0.861936086;0.075405487;0;0.277877439;0.16959489;0;NA;0.62925669;0.433434866
0.409092555;0.288345611;0.273076826;1.550577144;2.091833871;0;1.357482287;NA;2.631366167;0.247593437
3.489623572;9.458373163;11.41016529;6.925497617;11.58841729;1.860248873;14.59644027;NA;26.58534532;2.485606734
3.884796936;48.73062146;13.04113284;19.2642458;21.06590457;8.752142117;21.90980727;NA;45.66559248;12.30066802
0;0;0;0;0;0.535554383;0;NA;0;0
0.092232577;0.530573206;0;0;0;0;0;NA;2.296132265;0.082596418
0.09724671;1.701007881;0;3.693563292;2.494864528;1.053659877;0;NA;1.39295318;0.878130631
0;0;0;0;0;0;0;NA;0;0
3.88623949;3.193033575;1.430430055;2.576693288;43.35029962;0;1.759627137;NA;6.295830799;0.228323098
0.153280602;9.482951239;3.09746577;12.86089406;10.4230467;4.091881231;2.510390151;NA;12.13310664;4.253382325
0.138711672;0;0;0.515389303;7.746319009;0;0;NA;2.763460411;0.40915211
0.331667347;3.05406266;1.396778972;1.519039783;5.464695239;2.538912888;1.45093511;NA;3.674356827;1.013421813
0;11.64235261;5.21290564;11.59997781;7.544445536;3.326264513;3.128177146;NA;22.87180711;4.23031149
0;2.098176433;1.059932201;3.364575004;2.037285851;1.078154652;0.146614012;NA;3.583096714;1.466081947
0;0;0;0;0;0.207944375;0;NA;0;0.167793451
0;0.319710931;0.459072098;0.10414615;0;0;0.244181095;NA;0;0.127748872
0;0.066862574;0;0;0;0;0.168806071;NA;0;0
0;0;0.213643069;0;0;0;0.294450331;NA;0;0
0;0;0;0;0;0;0.127727347;NA;2.756678005;0
0;0;0.09183491;0;1.554485655;0;0.200417805;NA;0;0
0;16.98267448;9.365508534;1.351141117;10.76625127;0;8.060034594;NA;4.967812473;0.092235945
0;0;0;0;3.727725507;0;0.325574002;NA;0;0
0;0.235156961;0.622908288;0;9.452465708;0;1.33046563;NA;4.177180511;0
0;0;0;0;0;0.613947991;1.693664096;NA;0;0
0.212976178;7.36027035;1.783177858;1.258999097;3.675425969;1.183717151;1.764298937;NA;3.157146006;0.990767849
0;13.30591064;4.846704189;6.410442327;7.695950304;3.91328228;3.73185114;NA;10.34984302;6.810011143
3.819543986;20.24168022;11.26859192;12.12040723;18.91283181;7.557176404;8.22847583;NA;19.58646765;10.72999395
0.107345151;3.6443752;4.059042679;5.690398318;5.891164073;0.96747861;4.580773626;NA;5.606717061;1.794767329
NA;0.097606135;1.092433444;5.975264686;1.501231088;0;0.185636714;NA;2.878477475;0
NA;0;0;4.452761538;0;0;0.891587516;NA;0.399414548;0
NA;10.61185204;0;0;0;0;0;NA;0;0
NA;2.894840598;0.684203048;0.657956357;0;0;3.378784174;0;1.823897877;0
NA;2.53548887;0.531293519;1.180749875;0;0;4.900300514;0;3.012465154;0
NA;0;0;0;0;0;0;0;0;0
NA;0;0;0;0;0;0;0;0;0
NA;0;0;0;0;0;0;0;0;0
NA;0;0;0.272245871;0;0;0;0;0;0
NA;0;0;0.303936098;NA;0;1.14078933;0;NA;0
NA;53.4168576;27.70166462;41.24406482;NA;24.14689491;7.145768676;12.39414124;NA;38.71818337
NA;2.599806603;1.799810065;1.537794302;NA;3.625703784;3.1004011;2.386840814;0.346617197;1.103263339
NA;0.593739307;0.38500369;1.646383808;NA;0.387948663;1.148118961;0.791351478;0.498611691;0.929047201
NA;10.21828919;3.771937573;10.70093514;NA;1.873812751;2.205258727;4.43407348;6.563007123;6.942746095
NA;0.275763394;0;1.142410479;NA;0;0.259394099;0;0.188979951;0.06892603
NA;2.672428742;1.550021028;0;NA;0;1.107923425;0.34030591;1.183217922;0
NA;0.289670353;0.114941349;0;NA;0.067832904;0.913358666;0;0.158816689;0.124077828
NA;11.94039865;6.456578106;5.781178072;NA;1.186686437;7.90791185;4.294245143;13.75612589;4.45726754
NA;9.807069225;8.956543455;6.747777641;NA;2.428184827;15.76155001;2.016376532;7.234889755;0.918920501
NA;11.4609354;5.210164329;3.228860691;NA;2.421317114;0.138448919;0;7.217566744;2.166158272
NA;2.388378306;1.170490537;0;NA;0;1.230523581;0.090464583;1.641556811;0.099136495
NA;4.072942862;1.131912479;9.592134216;NA;0;3.950145506;0;2.106209073;0.141169918
NA;27.30955296;12.86379745;13.59471073;NA;0.066753733;9.456448316;0.650960635;17.45308659;1.319506749
NA;12.46435976;5.572892083;0;NA;0;1.797899527;1.013152412;8.798498314;0
NA;0.447520144;0.292984327;0.258502002;NA;0;1.857508488;0.125133241;0;0.095180283
NA;36.24880413;9.610788835;21.68156962;NA;4.534054869;22.78322779;10.673967;33.62567079;9.602417149
NA;1.222567561;0.449381728;3.226953032;NA;0.722656847;0.122240042;0.640960039;1.02740596;0.469471692
NA;6.547811073;1.525487198;4.467194554;NA;0.707630488;3.778673282;4.281415139;5.800775036;1.274564598
NA;1.382098555;0.447521812;1.640184331;NA;0.306590749;0.262986479;0.469553576;1.132704309;0.938305016
NA;4.654560153;2.750392685;0.210620666;NA;0.281314104;NA;NA;1.437571667;0.94004794
NA;2.842619407;2.045424188;3.096227993;NA;0.269526949;NA;NA;1.569299531;0.907092743
NA;2.255545432;0.602231172;2.586908954;NA;0.085551658;0.906162063;1.11869975;1.588750137;0.857014967
NA;5.33078556;3.976892051;1.783967155;NA;1.643497576;1.589143408;1.548861934;3.549369558;2.902689272
NA;10.14188943;4.748369156;2.855373055;NA;2.504755223;8.454248955;5.193313161;7.529189699;4.880811959
NA;3.595768777;2.78886183;0;NA;0;1.408377447;0.383696277;4.200643352;0
NA;1.17273159;0;0;NA;0;1.309416188;0.835368512;0.488840166;0
NA;5.843994039;1.67076042;0.106686312;NA;0;2.291941847;0.371811638;1.955521512;0
NA;1.896740826;0.242869317;0.885121758;NA;0;0;0;0.532065067;0.487928387
NA;5.497059293;3.852898865;4.131359379;NA;1.200793051;4.047029665;2.299137075;5.727658693;3.436604484
NA;19.92306707;6.290858764;2.425838557;NA;0;6.137305108;0;12.30531073;0
NA;77.00019665;37.05489696;7.357861427;NA;1.743347256;6.952877082;3.39515811;47.13950537;3.47782559
NA;10.9924886;6.638825329;2.605164511;NA;0.183353832;10.11335323;7.990591373;5.296603146;0.583155332
NA;14.17864635;6.924714946;12.33875878;NA;6.471661223;11.68415498;8.912494399;13.44526529;8.768785752
NA;3.557856234;2.944364295;1.682272632;NA;0;6.303764136;0.110172518;5.509550828;0
NA;0;0;0;NA;0;0.879432521;0;0;0
NA;1.45703072;0;0.195270917;NA;0;0;0;0;0
NA;0;0;0;NA;0;0.38131739;0;0.176730133;0.125542126
NA;25.4821075;10.90552682;12.50517467;NA;4.694527231;5.473223414;0.891167327;27.07636033;7.045304714
NA;0;0;2.262317883;NA;0;0;0;0;0.699211288
NA;0;0.066293289;0;NA;0;0;0;0;0
NA;0;0;0;NA;0;0;0;0;0.073947068
NA;0;0;0;NA;0;0.120473439;0;0;0
NA;0;0;NA;NA;0;0.054303988;0.321319903;0;0
NA;0;0;NA;NA;0;0;0.19399641;0;0
NA;0;0.241848059;0;NA;0;0.096380256;0;0.118100195;0.19453212
NA;22.58767567;27.99384122;34.27137182;NA;26.91900536;11.24305407;6.681093941;36.13615905;28.49319275
NA;5.126275175;3.356703339;0.901886144;NA;0.354714214;0.610808767;0.331275818;2.734540796;0.333891937
NA;4.323585995;2.421702755;9.571513504;NA;1.144085096;0.302580891;1.975199941;5.026873189;4.607221715
NA;0;0;0;NA;0.1268946;0;0;0;0.11599064
NA;0;0.100290416;0;NA;0;0.504623312;0.324200951;0;0.253860569
NA;0;0;3.424059228;NA;0;2.964525525;2.863252232;0.102654387;0
NA;0;0;0;NA;0;0;0;0;0
NA;0;0;0.14245014;NA;0;0;0;0;0
NA;1.117533108;0.874724654;0;NA;0.102808226;0.330950325;1.048750499;0.676953947;0
NA;4.275761248;4.038390389;0;NA;0;0;0;3.585806957;0
NA;2.8681365;2.174243119;2.363949301;NA;0.368680778;4.298853365;1.736240797;3.312677653;0.500709237
NA;10.7277564;9.643477077;6.906600596;NA;2.486147385;6.816982722;3.109754588;13.19165066;6.155860716
NA;3.799938316;3.72859286;3.731696005;NA;1.535498752;2.751424846;4.052901586;4.012837548;2.936219936
NA;0;0.100067428;0.089323438;NA;0;0;0;0.065233527;0
NA;0;0;0;NA;0;0;0;0;0
NA;0;0;0.134800822;NA;0;0;0;0;0
NA;0;0;0.052500015;NA;0;0;0;0;0
0;3.939893571;3.006173492;1.937107246;NA;1.151312047;0.2316742;0;3.35243558;0.302060032
0;8.156973694;4.439708036;9.534010224;NA;8.006331264;1.21167585;0;6.084693824;10.05804036
0;1.199518744;0.825919099;2.3277745;NA;1.455047454;0;0;1.228979873;1.405509372
0;0.059106442;0.186628542;0;NA;0;0;0;0.200231635;0
0;0;0;0.0743106;NA;0;0;0;0;0
0;0;0;0;NA;0;0;0;0;0
0;0;0;0;NA;0;0;0;0;0
0;0;0;0.111222012;NA;0;0;0;NA;0
0;0;0;0.251400085;0;0;0;0;0.079200666;0
0;0.069100086;0;0;0.179359081;0;0;0;0;0
0;0;0;0;0;0;0;0;0;0
0;0;0;0;0;0;0;0;0;0
0;0;0.078500117;0;0;0.057600448;0;0;0;0
0;4.986312095;3.583675181;5.830964538;7.819415717;6.070256463;5.355949598;0;4.806550978;7.005748119
0.10707735;10.82294884;7.447873048;NA;9.941205266;8.516075457;1.690682961;0;10.00473812;8.030305691
0.110834944;8.909743745;5.847350008;NA;6.727886656;2.327275104;4.15821685;3.461469767;6.247792666;3.69966515
0;4.293596144;3.478678812;0.913217772;4.162326324;0.369323193;1.695568336;2.659022777;4.349802494;0.84306895
0.506214429;0.137175314;0.213324191;0.333539511;0.188791774;0;0;0;0;0.073656648
3.867632721;4.689990047;6.983540689;1.939622845;3.739158283;2.176574362;8.89185537;9.823900677;5.781573437;1.96545589
1.416524045;26.9682384;23.46693753;6.435951505;18.67853606;2.279804121;4.053665338;0.070642921;63.56240256;6.868987117
0.363547347;0;0;0;0;0;0.050684783;0;0;0
0.158201714;0;0;0;0;0;0;0;0;0
0.201865718;0;0.09130075;0;0;0;0.0674208;0;0;0
0;0;0;0;0;0.060501414;0;0.396867473;0;0
0.32971102;3.967785651;2.034584238;1.020226906;3.828610961;0.132704743;6.255837222;4.223291031;2.035460552;0.711958149
18.29370008;24.03547387;21.21464438;5.844481396;19.50272608;0.447169224;18.93910613;9.956323134;18.49128137;1.658860939
0;7.948322619;1.347991496;0.757345858;3.911271699;0;0.828669661;0.608712756;9.786013298;0
0;0;0.064401942;0;0;0;0.29761606;0.149286144;0.211933759;0
0;2.191426937;1.956596308;0.528702566;2.608903076;0.103651514;2.180452749;NA;2.302203379;0
0;12.45761784;11.01556007;13.53794351;12.66308838;6.253001015;5.693575629;NA;12.81961573;10.88045483
1.90224517;7.467618816;6.424784921;5.287166203;10.45083951;2.915884971;8.65837209;NA;8.438733032;4.023031747
0;22.31016451;17.83821608;10.52626191;21.11340398;10.40875589;4.01665188;NA;24.9177211;10.70545161
0;0;0;0.195350578;0;0;0;NA;0;0.269539162
0;0;0;0;0;0;0;NA;0;0
0;0;0;0;0.074800003;0;0;0;0;0
0;0;0.321267;0.112489;0.0707;0;0.2;0;0;0.0513
2.542895919;7.112367009;6.445287025;21.20659501;21.18325805;24.52913704;0.3279638;0;14.34421215;22.685481
10.40000345;9.002099092;7.784616336;13.27071003;9.461312082;11.69111114;19.6682354;17.01142131;5.574181285;19.413189
0.226877814;23.59769403;21.64615201;36.09230848;30.51014879;32.24078276;1.8145701;1.9061031;25.92578773;37.54997501
0;0;0.488734;0.1378;0;0.14682;0;0;0;0
7.061139705;4.0002222;6.30770838;5.842780869;5.225026186;3.216389471;4.7892308;7.436110136;7.007453413;5.965438165
0.068693611;NA;0.891440837;2.011977389;1.909786636;0;1.100015245;0.558867632;0;0.755588328
0;NA;0;0;0;0.078732249;0;0.564220216;0;0
0.059383013;NA;1.000088561;2.218150052;0.50801018;0.608312636;0;0;2.002370218;1.004285655
1.242834588;NA;2.000154185;2.919061012;2.422973942;0.58939947;0.700000002;0.829354977;1.000483122;2.000258955
1.914963222;NA;6.000531062;0.520048684;4.590291902;0.077671885;2.499999935;4.148618591;6.012712083;0.402348585
0;NA;5.01382147;2.800161678;6.430660942;1.091931489;2.200000223;4.878402494;5.1263417;1.730483175
2.782952217;NA;11.53086148;11.95043518;12.15696815;13.19031613;1.514299018;4.280481972;12.91750883;11.72070993
9.549685368;NA;2.506478916;8.291568345;2.833663301;3.022357849;8.436561637;23.25962472;2.796737258;5.163512769
0;0;0;1.266881608;0;0.481187807;0.182172;0;0.556211788;1.692587271
0;0;0.586463002;0.239511;0;0;0.3593664;0;0;0.0824
3.698642315;0;0.413616001;0.1362;0;0;18.6742988;14.3759376;0.618990006;0
1.067615068;2.00008724;1.000006031;3.378506626;1.000036788;1.776803156;2.3333034;4.568283234;1.501528671;4.772841283
0;0;0;0;0;0;0;0;0;0
0;0;0;0;0;0.156858003;0;0;0;0
2.062896326;10.9999181;9.999972094;3.824529155;12.00004164;0.510570196;5.2611766;4.735105017;9.945283555;2.259411013
0;0;0;0;0;0;0;0;0;0
0;0;0;0.108326;0;0;0;0;0;0
7.953846211;0;0;0.48372;0;0.251999;8.7611766;1.3334505;0.254700003;0.402381
0.168510405;2.000086331;1.000001388;2.932143;2.000004928;1.126367225;0;0.235772504;1.718072591;1.789278081
0;0;0;0;0;0;0;0;0;0
0;0;0.400905008;0;0;0;0;0;0;0
0;0;0;0;0;0.0737;0;0;0.0819;0
0.1757466;5.000003004;3.799048;5.837139;6.000001;3.047925;1.377647;1.636016;5.000025009;5.993114
0.2902263;2.000003013;1.094842001;0.637326;0;5.125057;9.2;4.6051871;2.59674501;2.473344
2.610144403;0;0;0;0;0;0;0.751487409;0;0.208000001
2.526106172;0;0;0.141736304;0;0.121611965;1.118552002;1.564571821;0;0.135503024
0.05457017;0;0;0;0;0;0;0;0;0
0.61719464;0;0;0;0;0.055300002;1.6003619;3.324191011;0;0
0;3.999991709;3.969782046;4.014251078;5.000005379;2.860197264;0.081086;NA;4.403234002;2.834096012
0;0;0;0;0;0;0.0674208;0;0;0
0.057285104;0;0;0;0;0.052000001;0;0;0;0
0.136561104;3.999976835;3.135265326;4.221573025;0.999999041;0.092700003;0;0;1.800009363;2.111161001
0;10.00000234;7.500048252;1.585122003;4.00002709;3.658886027;0;0;9.400043367;2.502334001
0;0;0;0;0;0;0;0;0.062700001;0.234595
1.0004525;0;0;0;0.180996;0.3714;0;0;0;0.236774
0.1961086;3.999957003;2.199993;0.1669;2.818994;0;2.5330316;0;4.537285003;0.0764
0;5.000001004;3.306864001;0;4.000001;0.0717;0.2893212;0;4.400034003;0.0846
0;2.999978624;1.446225001;3.689502002;0.999999011;0.812535007;0.9102262;0.335073;1.800008708;3.215094
0.20018152;0;0.247000392;0;1.000001623;0;0;0.671061047;0.599992133;0
0;2.965610991;2.647239948;2.626135563;2.513080899;3.68994469;0;0;3.78860543;2.443342029
0;1.034389053;0.752761003;0;0.486879003;0;0;0;0.804073092;0
0;0;0;0;0;0;0;0.4418646;0;0
0;0;0;0;0;0;0;0;0;0
0;0;0.0572;0;0;0;0;0.0954233;0;0
0;0;0;0;0;0;0;0.052574;0;0
0;0;0;0;0;0;0.0525792;0;0;0
16.7827149;0;0;0.821946;0.999999;1.37899;20.1826245;10.8423818;0.207238;0.893289
7.181195405;0.192760166;0.442811665;0;0;0;12.859095;2.067718221;0.384730799;0.121006008
0;0;0;0;0;0;0;0;0;0
0;0.45423802;0;0;0;0;0;0;0;0
0;0;0;0;0;0;0;0;0;0
0;0;0;0;0;0;0;0;0;0
0;0;0;0;0;0;0;NA;0;0
0;0;0;0;0;0;0;NA;0;0
NA;0;0;0;0;0;0;NA;0;0
NA;8.353073626;7.713870153;8.528381229;10.00024436;5.49625791;NA;NA;7.556131269;3.655143135
0;0;0.084500024;0.130950005;0;0;0.1057014;0;0;0
0;0;0;0;0;0;0;0;0;0
0;0;0;0;0;0;0.2785521;0.670954801;0;0
8.977680191;13.00171711;12.61638024;15.74318414;15.00362461;10.48330646;8.121448257;11.45302096;14.54115426;12.58329696
0;0;0;0;0;0;1.00000014;1.543681719;0;0.260168036
5.807062484;9.580859299;6.378440764;8.744206127;9.077261299;10.70246438;6.203891403;6.401941392;8.418392294;8.879503233
0.084692525;6.446131867;5.792111637;6.034042015;10.99138285;5.931957737;0;0.60730615;4.6400689;2.706847353
0.783429109;0;0;0;0;0;0.296108709;0.28212739;0;0
2.321483841;9.000223386;9.257940378;9.002150925;11.65209215;2.970639959;7.531222001;9.246437735;8.951913056;6.554536603
1.034557385;5.010161414;5.169910124;4.458379571;3.376347648;1.538423699;2.414841741;3.028094568;4.680765453;2.651396595
5.444164566;0;0;0.060901107;0;0;0.801629123;0.761015069;0;0.207414414
2.889228608;2.104275303;1.168431164;1.317339467;1.035872284;0.315458256;1.452308298;2.700671637;1.35186253;1.196363261
3.32235674;0;0;0;0;0;1.337382047;3.845375949;0;0.090402225
1.971476552;9.20902655;6.248143243;11.04132634;10.23970854;6.095933561;6.184075461;6.722912727;8.717381649;8.426293128
0.294340767;0;0;0;0;0;0;0;0;0
0;0;0.100126458;0;0;0;0;0;0;0.063900667
0;0;0;0;0;0.060100006;0.0834389;NA;0;0
4.908961588;0;0;0;0;0;0.0848869;NA;0;0
12.00624813;2.000028632;0.776023239;2.125324079;2.000074456;0.357929284;1.615113203;NA;1.300000627;0.971101013
2.318489349;0;0.324070132;0.26311518;0;0.115560112;3.315475227;NA;0.299900539;0.311624719
0.985307965;3.000964126;2.012387884;2.582029555;2.012406534;0.39745825;4.942082284;NA;2.50031486;0.578582629
0;0;0;0;0;0;0.442447198;0.254169547;0.105960649;0.109638469
9.153996864;7.712587846;3.191920799;10.71832917;4.805562946;4.325147592;13.92725387;10.31860034;3.640461466;8.68889926
10.4558922;11.2606475;7.113099717;6.554616364;8.487106025;2.927955641;30.96517445;15.38180258;12.53507248;6.251836601
2.01768962;8.467646729;6.989711635;3.061197766;3.376225393;3.675890653;4.993038322;3.010583882;6.905902408;3.78715375
2.317697531;0;0.237115652;1.198963397;0;2.976458528;10.8012213;9.879868422;0.309141558;0
0.294717012;16.8866979;12.7846469;7.570207084;11.45713883;6.100133088;7.470913167;8.06101489;13.53987699;6.579841657
0;0.68828219;0.478155867;0.278308147;0.78005162;1.367458569;6.085791907;5.115629221;0;0.29807033
0;0;0;0.602357939;0;0;2.359253276;1.329487275;0;0.396090587
0;0;0;1.65608034;0;0.37338012;0.121122154;0.14166764;0;1.500245007
5.575605524;9.863737727;7.499872092;9.941130408;8.135234079;3.504871192;5.144147307;4.987833884;0;5.242738396
7.887372656;22.63927701;17.87104379;9.594798915;13.41095578;6.218315713;20.44381625;5.923920762;12.24335994;8.576162398
1.503774823;28.43870091;20.84792616;14.87472398;17.25520556;10.59749055;15.45413192;7.905183824;22.28839684;12.0844067
0.367860766;3.536002154;2.983459517;0.321345702;2.124984513;0;1.639458916;2.490337491;2.573574257;0.119124337
0.357600253;0.312509812;0.245055999;0.115651035;0.930815961;0;0;0.319056468;0.517004087;0
0.109074025;0;0;0.100013683;0;0;0;0;0;0
0.926792541;0;0;0;0;0;0.330596397;0;0;0.090070915
8.198288818;4.118367654;3.485016834;8.238067521;4.959172398;2.054971677;1.457439779;1.606259169;6.591477749;3.328608545
0;0.141709218;0.292630493;1.665978261;0.234572809;1.02732672;0.051536804;0;0.142313988;1.266768239
0;1.767483081;1.059227732;10.91879614;1.961367312;1.476706734;0.27619505;0.626390217;1.24444286;1.507430116
0.185246519;0.977549102;0.784064359;0;0.594617568;0.093953074;3.769973873;1.60606095;0.792541826;0.379143184
22.74887775;29.54104412;15.67372405;36.69334444;28.77238968;16.33820745;36.70680948;31.64869054;31.15050373;20.39714
11.72165091;83.27746941;63.00363243;21.8695168;64.38181875;38.90331217;8.147100523;6.955108116;98.79554584;49.031685
0;2.056362914;0.639985487;0;1.100465941;0.431348407;0;0.347959366;1.278338062;1.263149932
0;0;0;11.90917778;0;0;0;0;0;0
0;0;0;0;0;0.353705192;0;0;0;0.199729554
0;0;0;0;0;0.415611466;0;0;0;0.099617547
0;0;0;0;0;0.47954903;0.134517034;0;0.114456529;0.222974624
0.114895481;2.721171666;1.15811046;0.548413303;1.785791047;0.441501014;2.264304234;2.261174983;1.656682503;1.083621136
0;3.563011184;1.554675021;0.851950757;1.753602369;0.486321523;1.080147311;0;1.783703568;1.248747104
0;0.159395492;0;0;0.075623742;0;0;0;0.167220924;0.098202922
0;0;0;0;0.118780342;0;0;0;0;0
1.596520442;15.89341258;5.093207403;11.17980503;12.14884472;5.890443791;4.477326657;2.816138036;16.66266705;5.020621441
0.987678025;2.62285356;1.661690533;0;2.378780179;3.592730823;1.093272285;0.471789247;3.627743309;0.974358259
0;0;0;0;0;0;0.081356746;0;0;0.171887017
0;0;0;0;0;0;0;0;0;0
0;0;0;0;0;0;0;0;0;0
0;0;0;0;0;0;0;0;NA;0
0;0;0;0;0;0;0;0;NA;0
0;0;0;0;0;0;0;0;NA;0
0;0;0;0;0;0;0;0;NA;0
0;0;0;0;0;0;0;0;NA;0
0;0;0;0;0;0;0;0;0;0
0;0;0;0;0;0;0;0;0;0
0.511101971;2.343482515;1.985098225;0;1.403145823;0;3.111049933;1.938591217;2.16022607;0.1180371
1.448022941;2.974063318;0.978375877;0;1.757680544;0;1.617673021;1.082654764;1.126800391;0
4.162919088;24.20684971;10.45917351;3.833233023;13.75606295;6.437008008;3.125398658;2.275259763;17.69738663;3.277738192
0.656671078;1.807798838;0.266420399;0.804465186;1.371420378;0.778112424;1.326746212;0.929854386;1.89103148;0.418132711
0.431757831;18.92263931;10.21636741;3.928591761;10.10189487;1.65053062;5.100425451;2.80411099;17.18583363;2.484172067
1.184900606;1.359631652;0.890244034;0;0.471569511;0.320512488;3.152410363;2.008957151;1.837100354;0
0;2.150375539;1.214584004;0;1.439083018;0;3.926694741;1.439582653;2.09636309;0
0;1.06221464;0.600886644;0;0.79091544;0;2.301394432;0;0.811679635;0
0.978937497;4.061204528;2.537738472;2.424509264;1.80813518;0.276432269;6.814144988;0.919779203;2.034458702;0.481900887
0.452912876;22.5637857;10.17974068;1.578076715;9.207205259;0;10.43260308;1.204255908;13.67097925;1.374734619
0.238755547;3.469589275;1.414955458;0;2.479306536;0;3.018652129;0;2.439044335;0.190390217
NA;3.753411569;4.328332377;0;10.4535148;0;2.656974151;0.516241839;4.35719871;0.353264426
NA;3.231285162;3.054840291;1.004241536;2.873768242;0.720643289;10.43428356;2.334852155;4.463714701;1.548408196
NA;1.016508117;0.573266073;1.919764933;0.847000573;1.891407381;0.633280899;1.014207374;1.24673324;2.679523731
NA;0;0;0;0;0.292723176;0;0.071438844;0;0.253947094
NA;0.105418304;0;0;0.101242445;0;0;0;0.130511022;0
NA;0.534570105;0.394062311;0;0.171778524;0;1.871939148;0;0.522032329;0
NA;0;0;0;0;0.113706164;0;0;0;0
NA;1.480001586;1.403535434;0;1.289722794;1.203424359;0.625751689;0.387912643;1.764528058;0.950768193
NA;0;0;0;0;0.07196467;0;0;0;0.12268563
NA;0.228365554;0.06983015;0;0.250109608;0;0;0;0;0
NA;11.01353015;11.26617917;2.182684502;12.2684114;1.974221053;9.130944346;1.364161937;16.76853171;2.2495864
0.777596745;10.57912999;5.877017939;1.759803758;7.587079992;0;10.46182292;0.692064918;6.396050229;0
0.613633808;14.49947963;5.453113597;12.75480184;12.37829344;5.016072816;0.471546268;0;11.35062784;6.565964421
0;0.088238977;0;0;0;0;0;0;0;0.316313211
0;0.407485308;0;0;0;0;0;0;0;0
0;0;0;0;0;0;0;0;0;0
0;0;0;0;0;0;0;0;0;0.336822282
0.130250684;0;0;0;0.185396857;0;0.308727489;0;0;0
1.139632448;3.658574493;1.743602467;0;0.735849813;0;3.126955923;0;1.987663333;0
0;5.404514043;4.126688657;0;3.296145026;0.275794843;1.123685537;0;4.941269036;2.141581285
0;1.412309962;1.019923682;0.301417717;0.981154146;2.261993775;0;0;2.233048927;1.925510587
0;0;0;0;0;0.196707437;0;0;0;0.361010785
0.273222148;0.716592546;0;0.400411135;2.2219563;0;5.373475498;0;0;0
0.069422998;3.133633479;0.94513145;1.551545708;0.973952237;0;1.304072462;0;2.051888332;0
0;0;0.071508996;0;0;0;2.426047042;0;0.464160331;0
0;0;0;0;0;0.38509695;0;0;0;0
0;0;0;0;0;0;0.39910744;0;0;0.151170832
0;3.523711754;2.56965201;2.306422683;3.295789124;2.138255659;0.186186681;0;3.435658553;3.038543546
0.492211098;2.352257778;2.755266441;4.637510185;2.035299035;2.541851246;0.614992957;0;2.667558017;3.642552842
0.229488905;1.161854173;1.808144156;0.86944708;0.37830891;0.541748238;0;0;1.044247454;0.325402828
0.123647895;0;0;0;0;0;0;0;0.214626046;0.201859756
0;0;0;0;0;0.209693652;0;0;0.100685154;0.140067701
0;0;0.0732119;0;0;0.076970399;0;0;0;0
0;0.110611501;0;0;0;0.145226122;0;0;0;0.085081533
0;0;0;0;0.13597167;0;0.230541855;0;0;0
0.280747835;0.578805241;0;0;0;0;0.656086353;0;0.25607192;0.17336026
0.161646412;1.779730655;0.664363416;0.812656237;2.878171732;0;1.589938315;0;1.262168021;0.626100006
3.613208142;11.28869214;5.659191808;1.65509416;12.58513884;0;17.41905329;0;3.759016369;0
1.629321617;7.308956938;2.891510569;2.640204334;8.02675813;0;8.198007865;0;5.340678956;0.647167086
5.076033233;71.0002757;27.08974272;8.975332779;3.965702203;0.271193489;42.56434436;0;5.434226783;1.424111619
3.032779023;3.578422895;0.44133091;1.020205721;0;0;6.361440573;0;0.492097048;0
2.345620194;9.531386917;3.338870173;5.745078156;34.26940238;0.526975475;0.671401344;0;6.784542843;1.28258017
2.914327585;0.923188351;0;0;0.541993372;0;2.23363361;0;0;0.126580397
2.379563974;13.94335012;6.042482488;6.800680196;11.62499723;0.603902309;3.785751498;0;11.51028881;1.478508392
4.058393811;53.45897638;39.92098369;8.90022027;14.1769039;7.276950145;16.46054273;NA;36.68309753;4.150303023
0.507913054;6.423392432;1.573886749;0.891459716;13.16636352;0.4596253;5.369310667;0;3.240812736;0
5.63988361;42.44782535;33.77503962;9.64908784;10.15079469;3.762873976;24.12145381;0;59.1261379;10.0534679
0;NA;7.386807316;6.370204124;34.15955255;1.025726851;1.99285158;NA;16.19657044;1.570062481
0;NA;0;0;0;0;0.333646836;NA;0;0.419758829
0.103548149;NA;0.157878772;0;1.093558285;0;1.630103915;NA;0.227334757;0
0;NA;0;0;0;0.197356302;0;NA;0;0
0.475674867;NA;0.791798826;3.522279846;0.60060304;3.728121942;1.552185998;NA;0.992714947;2.901811126
0;NA;0.115228482;0.93407554;0.073037169;0.1038106;0.455783864;NA;0;0.459794542
0;NA;0;0;0.065638191;0;0.076255579;NA;0;0
0.62454247;NA;0.253400294;0.384842291;0.51956549;0;0.743132234;NA;0.256944948;0.30140389
8.272367032;NA;13.62939845;7.53872252;23.05690439;0.281106245;20.36927991;NA;16.19183876;3.716962148
0.21237359;NA;3.363813077;2.976910483;7.626949391;2.985000868;1.210507063;NA;7.211103522;2.134219179
1.151488542;NA;0.065007139;1.398092009;0;0;0.126486915;NA;0;0.311845936
0.727097428;0.493612888;0.690795412;0.166975467;0.38292607;0;0.237038473;NA;0.315763836;0
5.77554783;18.42097583;4.279693802;8.843068317;27.60438006;0;10.47256292;NA;4.060076176;1.579299389
4.669247063;NA;32.0261151;29.694975;4.246514969;0.643376668;36.70527851;NA;10.51452305;5.47241146
5.38900408;69.46380029;45.4641319;23.52062782;6.783467369;9.354595988;20.47739499;NA;32.82892264;11.78329715
0;0;0;0;0.964949763;0;1.497156132;NA;0;0.121938011
0.750229998;11.59441387;3.405007446;7.72744647;37.62738004;1.326081964;4.711990086;NA;8.735934786;2.463842262
0;19.64911655;7.750174871;2.11095727;10.37850431;2.220336446;0.997078273;NA;19.48172227;1.269440673
0.302574317;1.483721938;0.331246681;0.567442439;1.242690173;0;1.576737522;NA;0.320596619;0.392079267
0.112627218;0;1.554286371;0.677679436;3.698108516;0;6.712354465;NA;0.898098162;0
0;4.296817671;0.491566276;1.571326468;4.213201866;0;0.854355311;NA;0.978009045;0.141568496
0;0;0;0;0;0;0;NA;0;0
0;0;0;0;0;0.108534401;0;NA;0;0
0;0;0;0;0;0.081245818;0;NA;0;0
0;0;0;0;0;0;0;NA;0;0
0;0;0;0;0;0.162330965;0;NA;0;0
0;0;0;0;0;0;0.14265325;NA;0.106673281;0.918012907
0;4.245562262;1.74643629;1.293031685;1.603781565;1.017093834;1.892089917;NA;1.717536326;1.348229958
0.072806071;3.07010286;1.598960632;0.913778251;2.403365998;0;3.654087523;NA;2.856378749;0.330723369
0.902475064;9.489013659;3.12059566;3.270067855;17.71157193;0;5.945071381;NA;7.873641649;2.01317234
0;0.471219215;0.388542002;0;0;0.126519905;0.366924313;NA;0.678310834;0
0;0;0.070982929;0;0;0;0;NA;0;0
1.00877371;0;0.589799011;1.092742138;15.2596105;0;1.096979715;NA;1.163888149;0
0.282185135;1.387998863;0.824834607;2.824152428;1.1657572;0.222973823;0.106486237;NA;1.07722885;0.334290054
0;0;0;0.430586999;0;0;0;NA;0.20775832;0.176743872
0;0;0;0;0;0;0.109928517;NA;0;0
1.20490674;0.311985714;0.194447959;0;2.304158433;0;0;NA;0;0
3.595640496;50.96712517;16.72189895;30.8282745;58.02195337;21.91363464;7.75327865;0;46.57663811;14.29198555
0;0;0;0.185967099;0;0.395636419;0.082593753;NA;0;0.132237272
0;0;0;0.47105351;0;0;0.067164291;NA;0;0.276314317
0.709412082;1.253034894;0;0.136259293;2.262382071;0;0.118211564;NA;0;0.165786607
1.357221995;0;0;0;4.217320542;0;3.449064737;NA;1.588074605;0
4.52487002;66.46886293;30.13704991;11.92595696;3.650515734;5.240957764;37.49742852;NA;21.05247747;2.795849842
8.071952291;114.5613145;55.16293801;27.95081511;26.07379132;31.26849066;3.989031993;NA;101.0851782;21.94777203
1.970108898;1.516492345;0;1.959905007;1.139466781;0.827864514;0.924990873;NA;1.548833977;2.219922059
0;0;0;0.855702317;0.867108749;0;0.492200672;NA;0.25283641;0.440433681
0.12995505;NA;0;0;0;0;0;NA;0;0
0;NA;0;0.359722202;0.218296271;0;0;NA;0.10243654;0
1.810447438;NA;1.216016333;0.412922808;0;0;0.93936775;NA;0.191775343;0
1.219211511;NA;2.181926137;3.742611665;5.058844695;2.5083041;2.278467112;NA;5.8722878;1.902350559
0;0;0;1.146903992;0;0.368303943;0;NA;0.35940623;0
0.209397491;1.162538818;1.348370199;0.762243088;1.086856499;0.818494242;0.572640141;NA;1.425441153;1.1944806
0.110402238;1.235326635;0.235761194;2.055996616;0;1.181990409;0.614713779;NA;0.658987391;0.844919538
0.364514724;6.213843335;8.273903895;3.141716466;7.987558806;2.731220785;2.191742792;NA;7.516061466;2.780808671
0;2.525068053;3.568558254;0.942522473;6.00663839;0.667726718;0.273747512;NA;6.064834241;0.376767414
0.140156732;0;0;0.150818122;0;0;0.078599623;NA;0.47810341;0.180552484
0.954263471;2.59948818;3.250789678;3.486976273;2.914803751;2.659416009;3.464988555;NA;2.861792387;3.389679411
3.510799739;3.443990938;3.604432426;8.002452796;7.001167263;6.419813579;1.53268622;NA;6.147106652;6.448233953
0.077867161;0;0;1.805827488;1.313568708;0.469167132;0;NA;1.125009775;0.664077385
0.068585426;0;1.126106478;0.297713705;0;0;0.092946486;NA;0.121893192;0
0.293830322;1.241379072;1.175847675;3.07208761;1.259457723;0;1.224311916;NA;1.054153235;1.349600484
1.100077977;4.232203186;3.350354609;8.741540378;6.516792894;5.626932978;1.207323393;NA;6.108974779;6.29408888
0.099644425;0;1.190716634;1.516350265;0.687863701;0.223260098;0;NA;0.73173195;0
0.794413231;0;0;0.24229122;1.882917163;0;1.289644409;NA;2.248098046;0
0.194139807;3.816092164;1.207801523;5.663066899;4.366526019;3.637668389;1.232906843;NA;4.104410836;3.842127264
0;0;0.446864;0.433993778;0;0.236982137;0;NA;0;0
0;0;0.541774733;0.376768582;1.022323564;0.228631262;0.11349263;NA;0.449497879;0.382764114
0;1.447080266;0;1.176947;0.179062493;0.746469036;0.338272417;NA;0.862414421;0.611868137
0;0;0;0;0;0;0.176965225;NA;0.127179106;0
0;3.273647921;1.092908306;2.76871637;1.348691966;0.261630664;0;NA;1.409840033;0.558380291
0;9.587156447;2.552154525;6.108294642;8.186259156;1.585144149;0;NA;8.099044061;1.790651112
0;0;0;0.40329476;0;0;0;NA;0;0
0;0;0;0.384838587;0;0;0;NA;0;0
0;0;0;0.084097211;0;0;0.074778051;NA;0.123059515;0
0.145182484;0;0;0.079666892;0;0;0.118340216;NA;0;0
0;0;0;0.4204935;0;0;0.075619283;NA;0.128239467;0
0;6.031850942;2.532761717;1.225195181;9.733543734;0;1.61878019;0;2.599758579;0
0.156284791;1.342983261;0;0.237459249;1.756635269;0;0.615899612;0;0.506143651;0
0;0;0;0;0;0;0;0;0;0
0.929367255;0;0;0.166443701;0;0;0.136569259;0;0;0
7.763639115;0;0;3.851836092;62.1899682;0;12.68711411;0;0.454977354;0
0;14.89757062;8.317346719;12.15611789;12.68534302;1.564752961;2.987440067;0;13.80340317;3.472199476
0;4.099843651;2.392983336;4.216861229;3.352635022;0.87195154;0.725782577;0;4.176090518;0.853769846
0;0;0.365464862;0.438062607;0;0;0.24839752;0;0;0
0;0;0.984651977;0.204984031;1.464431076;0;1.760011596;0;1.223458786;0
0;0;0;0;0;0;0;0;0;0
0;0;0;0;0;0;0;0;0;0
0;0;0;0;0;0;0.067681925;0;0;0
0;0;0;0;0;0;0.072642271;0;0;0
0;0;0;0;0;0;0.054873889;0;0.104253178;0
0;0;0;0;0;0.069009248;0;0;0;0
0;0;0;0;0;0;0;0;0;0
0;0;0;0;0;0;0;0;0;0
0;0;0;0;0;0;0;0;0;0
0;0;0;0.102427819;0;0;0;0;0;0
1.616244263;21.44613358;12.14823573;3.632477878;15.98098725;1.324568538;8.110962361;0;16.38610776;0.970919064
0.880983016;7.933991284;4.36344194;8.26290773;6.294385014;4.88046225;2.283148097;0;6.362384241;4.68639274
0;0.805408718;0;0.579439222;0.326680147;0.142790541;0;0;0;0.215406891
0;0.077369229;0;0;0;0;0;0;0;0
0;0;0;0;0.210019647;0;0;0;0;0
1.556281301;14.4412037;8.355542505;9.749247313;12.07246783;3.070020472;0;0;15.26997334;5.036962473
0;0.524294622;0.697544021;1.236009537;0.270338817;1.195330569;0;0;0.096561978;0.16959733
0;0;0;0.307586485;0;0;0;0;0;0.082172214
0.096947814;0.208924152;0;0.154584664;0.353652755;0;2.5765878;0;0;0
0.442010632;1.273798407;1.105782369;0.251969212;0.724730352;0;2.019244255;0;2.867519817;0.096199061
0;3.419203734;3.512368415;0.502712589;0.684006633;0;3.644529218;0;1.986339628;0
1.916732214;8.56063273;5.011772477;9.187026117;9.960741347;0;4.696809726;0;7.579549039;2.34834071
0;5.504098778;3.190293462;4.248911703;4.389767942;0.930062092;2.641116238;0;7.807700088;1.549402376
0;0;0;0;0;0;0;0;0;0.108006017
0;0;0.080067031;0;0.089253274;0;0;0;0;0
0.091179025;3.154373098;2.652068014;7.042359687;3.774456628;1.644727091;2.168424513;0;1.569898979;3.536138558
1.924427145;8.913350754;4.605206585;15.65189449;7.085823442;4.652704623;3.622855263;3.819553089;5.650436136;11.62760862
0.077749472;5.419719289;3.560247882;1.792395356;2.079279664;0.177976861;0.405424981;0.230341782;5.179943172;0.379361331
0.474873845;2.053754134;0.934129808;1.194586015;4.971307865;0;3.939765801;2.017342532;0;0.125888233
3.346949856;9.357797132;7.059935165;0.531481155;6.619158219;0;1.495314894;2.0054876;6.27019956;0.144921943
0;1.999085356;0.34307598;0;2.20949814;0;0;0;1.656490243;0.066886519
0.311483289;0.251894595;0;0.374963596;0.159655622;0;1.480248081;0.785583866;0;0
0.624631973;0.573147948;0.389490915;1.323798751;1.164908134;0;3.183446488;1.408703641;0;0.132014355
1.778352603;1.578403809;0.597857312;1.440402847;0.586529912;0;8.735365678;0.431060445;2.285716754;0.310992261
7.552159016;36.99018428;21.43947078;29.7195979;15.06965328;12.16687877;17.26867078;0.39340423;40.53856115;17.03113748
0;0.306671239;0.325698857;1.122795995;0.244673489;1.711634614;0;0.411080322;0.215990591;1.39054526
0;0.136873175;0.064835985;0.43254303;0;0;0;0.337955132;0;0
0.664541786;0.357852128;0.090044367;0.334930837;2.269269118;0;0;0.65089535;0;0
1.990216565;0.830988852;0.508497804;0.380651921;1.716819331;0.909383159;1.001213436;2.747319875;0.931731561;0.234327558
1.340116401;4.705100262;2.305755543;0.435267857;1.897471618;0;4.161715899;2.509556758;4.988720178;0
0;0.21659722;0;0.208883271;0.116625134;0;0;0;0;0
2.833805961;11.75025503;9.083477956;4.61939318;4.986288394;2.463110709;5.202183201;1.627588299;7.66801397;2.827252767
5.45234855;45.17254062;16.10160675;41.30887053;50.89393357;21.27436181;9.427503942;2.357903368;59.85852975;29.12881399
0;2.391722281;0.946805738;3.938722913;6.363177578;2.617631632;0;0.215685555;2.292134271;3.789505625
0.083069861;0.44656919;0.435639028;2.636822294;0.653454963;1.455488584;0;0;1.067006569;0.804519659
0.371295834;6.936117075;4.489238679;9.068652943;7.293396384;2.181175243;1.24807016;0;6.580190578;3.102293927
1.213738077;10.30474407;6.967498575;4.483903891;5.743384444;0.317978944;5.741921892;2.827072123;5.794561226;1.197885885
0.085747921;12.78319783;8.65973243;10.488628;7.01058159;8.755752869;2.163929928;0.303835673;13.59125538;8.581925286
0.160477216;1.51845204;1.197485809;0.338407883;3.982354873;0;2.005808317;0.160435781;0;0
2.518781349;29.69396737;11.81963502;13.1261148;23.38790666;5.763399286;7.83189645;10.27905651;33.79936143;9.292934412
0.143971463;4.189426338;3.480387805;2.051844157;3.684046679;1.726136979;0;0.747746915;3.473615919;1.947872894
0.251012454;0.307167236;0.160015623;0.529814559;0.307736159;0;0;0;0;0.282795802
1.548323707;0.694749579;0.403450146;11.60575574;1.239918849;0;1.005824672;2.180441684;1.312147952;2.098701672
0;0.932904169;0.606993764;1.458838628;1.463417317;0;1.001742341;0;0;1.430655669
0;0.095859463;0;0;0;0;0;0;0;0
0;0;0;0;0;0;0;0;0;0
4.007677385;0.065530956;0.05503091;0;0;0;0.722172172;2.531298011;0;0
0;0;0;0;0.069902555;0;1.277828141;3.0826348;0;0
0;0.271007994;0.096695157;0;0.340233331;0;0;0.066874894;0.801607619;0
0.836382096;0.461556193;0.200207053;0.266711818;0.24697392;0;1.27782816;0.914919082;0.208882833;0
0;5.996454333;4.494006907;5.43502865;6.140370584;1.155422117;0.722171991;0.355513718;3.338156179;2.481705601
0;10.35427213;10.7753478;12.26447592;14.40012403;1.794934517;2.000137284;1.28494496;10.90433598;4.62186563
1.95254133;8.332786997;7.137507496;12.26477339;9.974964805;0.216625942;2.002245107;1.382119112;6.598830661;2.652620992
0.395020724;6.138824225;5.65964074;5.887239507;7.224305317;0.276641329;2.027662761;0.922612228;8.994473292;3.281145703
0;0.069655286;0.133811845;0.293001053;0;0.146054364;0;0;1.919782732;0
0;0;0;0;0;0;0;0;0;0.067867864
0.257850531;1.975068459;1.369453708;1.043958684;1.199429022;1.253902332;0;0.232200776;1.4564179;0.560345764
0;0.465512409;0.533732794;0.857251392;1.087509417;0.232815194;0;0;0;0.227194018
0.755184915;0.354888108;0.144975875;0;0;1.1467602;2.000002183;0;0.749912236;0.215408811
0.576643466;13.45639669;10.29030827;5.6207594;10.07759643;4.396888662;9.000001272;2.751291536;8.800519135;3.962235436
0;19.32947778;15.75694348;17.54122122;24.1038348;14.86482991;4.000061548;NA;16.76240336;15.24930763
0;0.140141511;0;0;0;0;0;0;0;0.057085138
0;0;0;0;0;0;0;0.185428277;0;0
0;0;0.051495026;0.118461922;0;0;0;0;0;0
0;0.11891421;0;0;0;0;0.0778281;0;0;0
0.198463233;14.7849045;8.538950603;10.37222355;14.0002262;6.57351202;0;0;11.0000373;8.716331001
0;0.113303215;0.134117625;0.303800973;0;0.097762537;0.9221719;0;1.000000255;0.676965104
0;0.072850728;0;0.175746608;0;0;0;0;0;0.250204701
0.133575172;0.064886936;0;0.110678702;0;0;0;0;0;0
0.404698332;0;0;0;0;0;0;0;0;0
2.749667624;0;0;0.067700568;0;0;0;0;0;0
0.716887716;0;0;0.228376934;0;0;1.000000334;0;0;0
3.670411265;5.498902933;2.241249537;3.652887853;5.1898655;1.065245993;6.991860024;4.614145526;1.596577328;2.122489505
6.055946046;42.08910596;24.93863551;46.56155488;28.50562965;26.05697004;10.03288424;12.2186625;42.51513142;26.90543439
1.117473841;4.161361617;2.794744581;2.011026395;2.617708607;0;1.000104238;0.348563164;3.793674049;0.640855394
0.065129103;1.986620472;2.363035847;0;1.536962062;0;0;0;1.661400178;0
0.277672277;0;0.093644045;0;1.025120865;0;0;0;0;0
0;0.077828312;0;0;0;0;0;0;0;0
11.39758447;0;0.067420802;0;0;0;0;0;0.401810291;0
8.502452421;0.194660705;0;1.153303201;0;0.096830301;3;5.903331902;0.598190077;0.7175709
4.346156393;2.433306395;1.487422207;18.21901405;2.000028915;7.593123181;3.0000002;2.349352149;2.000015915;12.67202596
0;0.155656542;0.145158491;2.614844199;1.000006447;1.520178075;1;0.336354032;0;1.237383043
0;0.072760286;0;0;0;0.792026364;0;0;0;0.960375114
2.400182177;1.857556816;1.237466154;0.568778324;0;0.776694895;0.8533937;0.816024706;1.000000342;0.533215405
11.02970307;0.122715094;0.062533911;1.576832667;0;0.075179445;2.1466064;4.851484721;0;1.509914906
5.871054711;7.866691235;4.070324219;9.351436324;9.89254108;5.604972698;5.000001636;13.18613081;7.848271101;8.805091458
19.878764;23.34233132;19.48009314;23.49997769;20.90575232;14.7628745;10.7504112;16.85928061;27.78144528;15.88844452
5.787394466;64.56146466;83.57778387;38.86475816;63.59492604;51.81039167;8.249788887;12.1180779;68.54543932;48.29244395
0.779697329;3.000663047;1.980681227;0;2.000463278;0;0;4.35824009;3.319356865;0
0.331037115;9.000811239;5.302362728;0.293335783;4.000773648;0;1.000000001;1.458518829;5.225067693;0.354470047
0.209789607;0;0;0.194846055;0;0;0;0.730388619;0;0
2.267774287;4.000269948;5.206323827;5.948605571;4.001516453;3.800853447;0.840724027;0.731095069;6.563545627;10.2218849
0.236660803;0.424451998;0.094843697;0.747060544;0.42443936;2.208777344;8.159276205;0;0.649630745;1.881168111
9.37796971;13.57584508;11.99929184;10.2531042;9.744490005;7.205671273;13.00000041;11.74113857;10.99330706;10.2957314
1.910164344;0;0;0;0;0;2.000000272;0;0;0.311054039
0;0;0;0;0;0;0;0;0;0
0;0;0;0;0;0;0;0;0;0
6.583123339;0;0;0;0.831704644;0;6.000000217;11.76115813;0.069503666;0
0;24.00462299;22.3559681;10.1447315;19.03187264;7.741076342;1.000000032;0;22.21691842;9.09941411
0.610115544;1.78492645;1.826503711;1.831622276;1.722229134;0.96130868;1.357285014;2.125632757;1.520003263;1.65420476
7.862053334;26.5064924;22.64468658;25.66748917;25.0280624;15.72596231;10.05330388;13.97052899;24.82522439;23.46536477
7.206810873;13.71073465;12.02373687;12.42438154;15.44690858;7.840541127;5.285611122;5.568549034;12.94893413;7.153762342
2.620181934;4.000001225;2.572398303;0.330226203;1.83800927;1.195826546;5.1506787;4.532604312;2.100005608;1.363896905
2.304710846;1.000002431;0.376109851;1.511584292;2.617382387;0;2.160724;0.559456838;0.777032255;0.071692808
0;0;0.216742264;7.787784908;0;0.962966805;0.3486877;0;0.222986504;10.03865419
0.081538514;0;0;0.095927601;0;0;0;0.391257103;0;0
1.406696862;4.000000293;2.996561615;0.074841602;4.038190644;0.198602447;2.1147511;0.843772702;3.400002464;0
4.57701518;0;0;0.205429824;0;0;0.5704073;2.808348214;0;0
0;0;0;0;0;0;0.2207239;0.167228;0;0
3.194479524;0;0.238190002;3.599457103;0.254751002;0.460398704;5.0591855;9.737724003;0.400000164;2.204070201
2.654210164;11.00000149;7.016290422;8.16117664;12.10000483;4.865310259;4.0139365;2.60667551;9.860289701;7.86196195
0;1.000000657;0.733213403;0;1.20000298;0.620433903;0.1647059;0.403334905;0.795029721;0.311138011
0.407601945;3.424435196;1.450950338;4.854933413;2.066337013;2.32619461;0.120905;0.403519102;1.90108944;8.891096695
6.276661526;8.575578645;9.154131869;4.887513108;8.172350598;0.593102043;5.6228057;6.296903583;8.485869661;2.062463139
3.282909935;3.448901117;2.16639759;4.274622469;3.3564539;2.521427194;5.085068466;5.577415963;2.824827723;3.504336375
1.16668098;7.288676517;6.343053423;4.526162687;3.320146825;2.381600745;3.6023592;1.648532414;5.734885372;2.614017954
0;16.02093219;15.01116415;16.90800068;17.06701683;17.70029837;0.268868802;0;15.09835991;17.31775081
0.150135709;0.135837109;0;0;0;0.063966803;0;0;0;0.199959301
0.7982806;0.156561101;0;0.1660633;0.1051584;0.0584951;0;0;0.093393701;0
0.8828053;0.4737556;0.2395475;0.6965611;0.8083259;0.5084831;0.2;0.0947338;0.2260634;0.339497
5.221547193;13.03386433;12.65963057;11.15793296;11.01738082;7.145342286;6.3117649;19.56140213;13.00042108;10.07322059
0;0.060181363;0;0.269448559;0;0;0;0;0;0
0;0.057918601;0;0;0;0;0;0;0.053936715;0
6.000013351;2.814854643;1.844526574;4.659602705;2.487877758;2.560743833;4.188235301;7.684663068;3.348156002;7.341514511
0;0;0;0;0;0;0;0;0;0
0;0.064343992;0.084886906;0;0;0;0;0;0.081176723;0
4.282353237;0.055656104;0;0;0;0;0.1;0.3010784;0;0.0609312
0.717646912;0;0;0;0;0;0.1052489;3.403385;0;0
0;0;0;0;0;0;0.0947511;0;0;0
0;0.091312204;0.063348403;0;0.053665201;0;1.4240723;4.678262901;0;0
0;1.946543453;0.954480048;0;0.704616325;0;0;0;1.205252345;0
0;0;0;0;0;0;0;0;0;0
0;0;0;0;0.0621719;0;0.0759276;0;0;0
6.999999905;0;0;0.0838643;0;0;6.5982807;7.604302801;0;0.1804259
1.0000001;0.1077828;0;0;NA;0;0;0;0;0
0;0;0;0;NA;0;0;0;0;0
0;0.159004601;0;1.846597401;NA;0;0.4841629;0.1238162;0.078461501;0
0;7.842443605;7.3821721;12.32175693;NA;6.916233001;0.2175566;5.103454604;7.133212906;9.707872839
2.000000006;4.700000044;4.000000034;4.609864635;NA;4.3672251;NA;4.666989403;4.200000095;4.041284304
1.000000054;7.600000312;5.000000608;15.95638308;NA;7.2297098;1.3219911;3.458693102;6.600002215;12.70451493
1.000000102;0.71529423;0.722171948;0.73194581;0;0.216080112;0.6334841;0.308366301;0.801992109;0.632521201
3.000000436;0.790950343;0.27782819;0.211674219;0.300000187;0.086949685;0.8445248;0.269921001;0.415023669;0.223674301
1.000000392;0.093755707;0;0.100000038;0;0;0;0;0;0.070029803
6.000077318;18.88662704;16.10060361;24.39597234;18.75136842;15.09465941;8.900000005;7.402988657;19.5360172;21.28130873
1.000723789;10.44238159;10.00102461;9.121397702;14.77771981;5.00578877;0.749321568;0.562696273;10.99117777;5.849938751
0;0.315475328;0;0;0.365883179;0;0;0.66442797;0;0
2.000006827;0;0;0;0;0;0;0;0;0
0;0;0;0;0;0;0;0;0;0
1.005067902;0;0;0;0.0547511;0;4.1746606;4.5816444;0;0
0;0;0;0;0;0;0.0760181;1.407253904;0;0
0.105611087;0.239823691;0;0.908054344;0.506787734;0;4.0416289;4.84117767;0.855244834;0.466262804
1.374212376;2.231498187;1.000001287;1.027783392;1.540191516;0.183061577;3.3666062;6.581563909;1.14488897;0.354623517
0.138488502;0.337398222;0.124892088;2.262392582;0.324309501;2.956603828;1.51963811;1.738484507;1.000378902;2.600553701
0;0;0;0;0;0;0.218823519;0;0;0.135488818
1.479705553;0;0.529468821;0.094389636;0;0;0.053303201;0.120742903;0;0
0.776289818;0;0;0;0;0;1.7;1.489452506;0;0
0;0;0;0;0;0;0;0;0;0
0;0.359366669;0.345701403;1.018099508;0;0.241034612;0.2999999;0.538195901;0;0.981269905
5.433031762;30.1118582;31.08235455;27.6404531;38.68065402;12.67054979;4.5999998;4.876699047;36.00000388;25.38616397
5.646606503;2.812760232;1.295927502;2.304162901;3.302624324;0.806532405;1.7876018;2.183229901;1.863348602;1.2443372
3.193757928;3.797559415;3.62171986;3.734298732;5.486065524;2.359921182;3.7123981;4.688331425;4.136658968;3.766583613
0;0;0;0;0;0.076984018;0;0;0;0
1.180000209;0;0;0;0;0.129777838;6.7;5.803562978;0;0.065247
0;0;0;0;0;0;0;0;0;0
0;0;0;0;0;0.0523917;0;0;0;0.1486409
0;0;0;0;0;0.0768106;0.0901357;0;0;0
4.01257955;2.094932164;1.000000209;2.718461739;1.006425453;0.983722158;1.6689593;2.587799265;1.000000148;1.115447102
1.44934422;6.196212221;4.856712643;7.674298282;4.783302321;5.090087124;3.840905226;7.128700382;5.000109428;4.359852858
0;7.937453125;6.112124033;9.723367083;7.111351993;3.637330215;1.500007754;0.287569988;7.616581392;5.540629167
0;1.641339915;3.286952962;1.439911837;1.098645065;0.747078334;0;0;0.751818101;1.062539906
0.697745236;0;0;0.090318308;0;0;0.744887011;0.575164332;0;0.057986109
2.624944045;5.221361324;1.567631059;1.326290694;3.018452605;0.670768808;5.789954722;9.008665063;3.416578335;1.094234467
2.462482025;0.132681821;0.08078002;0.404211435;0.397407267;0;2.572036113;2.210902789;0.110453339;0
5.408188378;0.562008144;0.188167492;0;0.118392293;0;4.427963603;0.721421197;0.103234987;0
1.600628833;1.696017709;1.533685617;0.20145018;2.417370306;0.541552616;7.458461414;3.865173686;1.570022674;0.925271109
1.00878632;1.066117342;0.478002211;0;0.074800706;0;2.82136111;0.595709172;0.43622938;0.116021627
1.709794659;0;0;1.390507467;0.22251385;0;0;0;0;2.281704488
0;0;0;0.395937411;0.109464126;0;0.085339426;0;0.15646827;0.185458255
0.490304264;1.565342292;0.558990115;0.900858715;1.119132745;0.436292314;0.100000016;0;0.786423403;0.929386704
0;0;0;0;0;0;0;0;0;0.098023721
2.870903982;0;0;0;0;0;1.72108592;NA;0;0
3.019501146;10.00704779;9.926977493;5.819866089;9.128985934;1.586572032;1.329592563;NA;12.23200678;3.658057335
2.46052889;5.650330271;4.468296371;1.784092584;5.811448001;0;2.64153094;NA;6.434574293;0.340454409
0.220449912;0.151186236;0;0;0.125106324;0;1.859325955;NA;0;0
1.705563173;20.20460543;14.2575404;13.82238154;18.14775234;6.007813824;6.951599088;NA;10.81485237;8.06816786
4.924296093;14.86459033;11.23750483;19.13863907;14.11498993;12.31451052;2.503041871;NA;15.69452548;10.05036589
0.147226201;16.53090836;14.34353931;20.45170109;11.61386008;6.854966383;1.680440341;NA;13.76349355;10.46983467
0;33.17838635;23.93648148;14.17571046;16.20922679;7.568821207;1.882628536;NA;8.329625932;9.042250375
0;1.767040557;0.740396917;3.695578314;0.844060773;6.421011521;0.814750163;NA;0;1.973906561
0;4.752434151;0.275242112;0.151937757;0;0.148633818;0;NA;11.21557526;0
0;0.103204328;0.058303166;0;0;0;1.405077739;NA;0;0.293140798
0;0.132522316;0;0;0;0;0.939232514;NA;0;0
0.13948032;0.17471552;0.172300273;0.187584692;0.646651477;0;1.688709499;NA;0.378109347;0
0;0.50918936;0.152113736;0;0;0;0.122623644;NA;0.301794619;0
0.13760937;0;0;0;0.208824531;0;0;NA;0;0
8.884208344;16.37672904;6.484584327;5.564484255;4.567528221;4.106854115;12.96557169;NA;10.58808602;1.872329936
2.814588368;28.18783065;13.81671377;36.8695021;25.14183774;13.21788604;9.218497887;NA;39.89860789;22.50883657
0;0.612740874;0.225555488;2.999868432;0.301095181;5.014579271;0;NA;0.712447747;2.479932811
0;0.086941337;0;0;0;0;0;NA;0.111518094;0
0;0;0;0;0;0.283321564;0;NA;0;0
0;0.382713635;0;0;0;0;0;NA;0;0.143582783
0.424018865;1.709633811;1.713278738;1.570247564;1.294795578;0;1.740068374;NA;0.932710845;0.326511613
0.691161502;0.216500753;0.118937404;0.146205052;0;0;0.076231516;NA;0.207553961;0.141845709
0.479366442;0.356139949;0.103368394;0.295884342;0.620019611;0;0.083105865;NA;0;0.088468807
0.891491041;0;0;0.181249941;0;0;2.955078825;NA;0;0
2.976320391;9.127863054;4.792777322;2.91010131;13.16263963;0.576256933;5.447830538;NA;11.15365158;0.177468495
2.930032893;8.200886489;5.036021561;0.45796235;7.764572473;0;4.698072899;NA;8.988768023;0
0.766456384;0.676469227;0.723732916;1.007669694;1.268474992;0.099868449;2.129978074;NA;0.509009498;0
0;0;0;0;0.103333941;0;1.422660484;NA;0.153727049;0.071728775
0.90090019;1.012227147;0.537266599;0;0.806089742;0;2.712586198;NA;0.648046984;0.188869769
1.662283387;6.331672287;2.014768351;1.41991823;5.194611123;0;3.651757899;NA;4.662390099;0.450640008
1.704456713;0;0;0;0;0;0.320122391;NA;0;0
1.700188898;1.423659622;0.913366985;0.38374369;0.751935633;0;3.054523875;NA;0.325062282;0.22359008
12.48834655;47.41789073;15.16033192;21.00286616;27.68650235;18.12606874;5.584651088;NA;31.32306506;10.45344377
3.718046503;12.79460564;7.647080415;9.728557292;11.31295645;2.455916755;4.35175009;NA;14.52942709;5.488825096
0.550199554;1.331895034;0.843630234;0.956711248;0.623224474;1.404295665;0.207698668;NA;0.970280478;0.721425308
0.395608564;13.62327126;4.908997753;12.40017958;11.80997999;6.278592739;2.107627705;NA;16.04303145;5.064110242
0;0;0.246262878;0;0;0;0;NA;0;2.464732094
0;0.23849258;0;0;0.096231058;0;0;NA;0.137084464;1.246095713
0.511266096;0.129664356;0;0;0;0;0.533852284;NA;0;0
0;0.166547395;0;0;0.396564919;0;0.133173672;NA;0;0.145862275
0.120047174;0.335682677;0.140091531;0.157536842;0;0;0.768578142;NA;0.353138109;0
2.693521697;15.18244355;8.718467191;11.02299681;11.45677152;6.297919246;1.238849467;NA;12.53644448;6.358628563
0.590094952;2.099115741;1.661395276;0.187917658;0.935213665;0.395319717;0.6466539;NA;2.044844077;0.308401866
6.509687447;30.8495941;9.160168649;15.56079068;14.62173323;6.098628127;4.254837571;NA;18.83517571;4.73842499
0;0.079753975;0;0.401675575;0.20896323;0;0;NA;0.074089493;0.194821564
0.088587393;0.685190008;0.074272121;0;0;0;0.063757431;NA;0;0.182391627
8.206268947;1.330788857;0.866747485;0;NA;0;7.489009339;2.207584304;2.162248844;0
0.69913347;9.085468926;3.608319041;2.772506913;NA;0.588036544;4.214969248;NA;12.43004816;1.124754036
1.964252849;8.51915636;3.886594773;8.196285833;NA;2.348638753;5.183665739;NA;8.710538437;3.747291195
0.075143978;0.528009505;0.127757244;0;NA;0;0;NA;0.359281742;0.131978881
2.332216831;1.625470157;2.771470048;1.213136549;NA;0;3.093723935;NA;2.286397148;0.617220591
0;0;0;0;NA;0;0;NA;0;0
0.152673623;0;0;0;NA;0;0;NA;0;0.325340095
0.085170867;3.385793233;1.096136216;0.143663952;NA;0;0.939946795;NA;3.378198917;0
0.863183712;0.316355196;0.169565735;0.198241346;NA;0;0.763190916;NA;0;0
2.146175373;17.83577804;3.144821314;1.953551397;NA;0;5.470506538;NA;6.083965336;0.480799946
0;0.394090122;0.235360178;0.478002598;NA;0;0.539057959;NA;0.310930691;0
2.512249692;14.97029882;11.03346744;11.09472954;NA;4.544980343;2.480882991;NA;15.01125343;8.640080854
0;0.27746237;0.170067138;1.115883524;NA;0.072919076;0;NA;0.124852305;0.46921417
0.18250375;0.263378001;0;0;NA;0;0;NA;0;0.100732332
0.584788643;0.812252742;0;0.201584078;NA;0;0;NA;0.435737391;0.383029776
1.415229253;9.696488946;1.400049231;2.4988916;NA;0;5.336299689;NA;1.7309815;0.426280313
0.689632792;28.22762081;12.29563334;9.806042029;NA;2.577302518;8.201858583;NA;20.19601295;4.633040141
0.454977387;0;0;0.696822481;NA;0.25854742;0.793239385;NA;0;0.873453354
0.271570691;7.081877819;4.784500759;12.80454098;NA;6.951454862;0.678940617;NA;7.698294381;7.268533724
0.114427537;4.587757178;3.305812847;9.663008044;NA;2.703509806;0.103040813;NA;6.057688057;3.800161484
0;0;0.227378945;0.264039859;NA;0.144936471;0;NA;0.307890433;0.572049878
0.072035262;0.071767933;0.121803222;0;NA;0;0;NA;0.118210638;0.222185584
0;0.26253162;0;0;NA;0;0;NA;0;0
0.116827543;0.672186064;0;0;NA;0;0.576242081;NA;0.221128766;0.305698711
0.277115767;3.957232449;0.297655264;0.812669392;NA;0;0.126563714;NA;0.768770926;0
0.999818421;12.85029874;2.244080212;2.314166311;NA;0;11.4737156;NA;2.980522004;0
2.874427362;52.56087873;20.30981474;30.36305713;NA;4.384579344;13.96704974;NA;37.33171951;12.02578299
0.594519674;0.455493447;0.223650562;0.477820261;NA;0.070315488;1.087385614;NA;1.405966585;0.803729659
2.583297973;20.93992116;10.67137775;6.024440443;NA;0.180456452;25.57093805;NA;6.015366116;0.628884598
5.035947147;NA;6.673511474;3.510615936;NA;0.697514652;20.9453267;NA;14.84249623;1.257136371
0;NA;3.155265915;8.423514421;NA;4.345544989;0;NA;7.568170542;6.25507458
0.225454182;NA;0.115299204;0;NA;0;0;NA;0.149593444;0
0;NA;0;0;NA;0;0;NA;0.788459429;0.09410758
0.532625857;0;0.523125641;0;NA;0;1.18318208;NA;0.667258988;0
0.193356474;4.004766879;1.622965245;0.691453734;NA;0.075105158;1.930058506;NA;1.089611858;0.300765561
0;0.711629195;0.348564304;0;NA;0.061874074;0.057299408;NA;0.232680765;0
0;0.24457845;0.138096782;0.148290452;NA;0;0.604602655;NA;0.117964314;0
0;0.130333051;0;0;NA;0;0;NA;0.120135973;0.225157597
0.109880947;0.490893445;0.221475182;1.012202893;NA;0;0.532688397;NA;0.578314786;0.226827294
3.316193495;3.095609135;0.149770063;4.224370002;NA;0;2.754184158;NA;0.646142435;0.216093859
0;0.404750866;0;0;NA;0;0.811226395;NA;0.507365691;0
0;5.651754994;2.735775597;0.184867452;NA;0;3.331299131;NA;3.420034425;0.340151317
1.597783145;NA;66.74893169;34.79763087;NA;17.50664875;19.55593693;NA;90.4275228;26.33333505
16.10034711;125.4773445;151.9643902;54.17801284;NA;29.74150397;23.84259483;NA;NA;52.21421685
0;14.90281577;10.76721393;10.85201925;NA;1.262045036;0.71979481;NA;10.35556309;6.889430425
0.070672074;11.85068693;9.455745939;4.112968645;NA;0.839410495;0.526249084;NA;7.684981501;2.644815955
0;0;1.224189309;0;NA;0;0.066429728;NA;0;0.396477291
0;0;0;0;NA;0;0;NA;0;0
0.203317825;0;0;0;NA;0;0.064840768;NA;0;0
0;0;0;0;NA;0;0.100971706;NA;2.893029337;0
0;0;0;0;NA;0;0.059520837;NA;0;0.064643402
0;0;0;0;NA;0.866239281;0;NA;0;0
0.13382931;0;0;0.2588948;NA;0;0;NA;4.36753654;0.471475469
0;0;1.499441308;1.105906447;NA;0;5.922222199;NA;0;0.160789706
2.929700121;0;5.070652768;0.473109125;NA;0;3.614160482;NA;4.434265417;0.274722655
4.28373751;0;19.38991321;7.892429146;NA;1.206739575;3.637297036;NA;53.98267726;3.577418475
6.080372875;0;5.891595551;4.570895241;NA;0;25.03838885;NA;0;0.324535016
3.727357464;0;21.45581344;19.46430291;NA;4.5215884;9.283375167;NA;47.86511327;14.51810704
0.556594613;0;4.489835711;4.967813276;NA;0;8.441171266;NA;5.440567243;1.199486839
0;NA;4.255361419;3.843917486;NA;0.094594597;1.728163784;NA;10.48200739;1.479896803
2.865000925;NA;16.33867125;4.444082124;NA;1.333103478;14.2533046;NA;13.56767236;1.807817003
4.879615179;NA;5.875666929;10.12575554;NA;2.211776514;17.23083621;NA;13.01003021;7.886516134
0.577501712;0;0.500244788;0.319115816;NA;0;0;NA;0;0.986256552
4.787705473;0;0.937247635;3.132726074;NA;0;4.969808727;NA;0;0.541967671
0;4.303128388;2.842573429;1.51619841;NA;0;2.818918811;NA;2.15291987;0.228845041
1.840197255;5.490191698;2.25417491;4.100024511;NA;0;5.080763269;NA;1.943247255;5.397128423
0.190189661;5.440978791;1.741904418;3.500499949;NA;0;0.663488248;NA;0;1.983236444
0.136104429;1.818326079;1.34009527;1.941588251;NA;0;0.72641192;NA;1.639879751;1.152100471
0.91030105;3.908705633;2.306574922;0.792898556;NA;0;1.964453094;NA;0;0
3.477959741;10.70824808;9.777605952;0;NA;0;5.863504952;NA;2.733747379;0
0;2.047233484;0;0;NA;0;0;NA;0;0
0.558141794;0;1.384911683;0;NA;0.143422592;1.660781112;NA;0;0
0;6.152033344;0;0;NA;3.510073046;3.60201826;NA;4.502638157;0
0;5.936544394;1.454734548;0;NA;0;1.350485346;NA;0;0
0;8.220501591;6.582268092;3.002253276;NA;0.691314118;5.207577224;NA;0;1.147248713
0;1.233138681;1.982361761;0.391778745;0.87016954;0;0.343338746;NA;0;0.15330516
0.202787006;2.278152834;0.425906196;0;1.850310797;0;3.699073194;NA;0;1.238982028
1.436361373;6.404485606;4.592161158;0.206039704;5.012242996;0;3.333802133;NA;4.816671824;0
0;0.562124011;0.401441845;0;0;0;0.572923852;NA;0.3873911;0
0;0.772326279;0.260932498;0;0;0;0.308517158;NA;0;0.180534993
0.125606815;0.249448914;0.230641346;0;0;0;0.92099214;NA;0.334934957;0
0;0;0;0;0;0;0.541191106;NA;0;0
1.141506784;5.803666791;2.025581064;2.303052737;14.72411489;0;1.312859816;NA;3.184232827;0.583971109
1.485390911;3.30250019;1.356218671;3.821585867;1.6614327;0.81123945;7.918081836;NA;1.629147505;1.361364662
3.383081516;57.91945371;20.41125902;8.577691696;1.417988696;1.556183073;23.18541199;NA;8.983835608;1.58743114
10.86362912;NA;88.14576447;59.16485214;NA;23.61301471;10.58029396;NA;142.5562857;33.08126608
0;3.54700021;0.263484511;1.078248193;0;0.453953559;1.60389668;NA;2.145934152;0.658064587
1.191639413;3.59625568;1.360443659;4.239549412;2.694867839;1.117636619;1.324466003;NA;2.956188557;1.843138693
0.173147218;4.151710936;0.394590276;1.097857924;1.69947393;0;0.970195511;NA;0.560947761;0.401616544
0.28017953;1.099606876;0;0.312242771;5.346240289;0;1.443190191;NA;0.778582375;0
0.214174186;0;0;0;1.691780034;0;0;NA;0;0
0.098042426;1.214434897;0.485887864;0.407956132;0;0;3.529893685;NA;0.725461747;0.078472421
1.245299814;9.461856042;6.137794655;5.560218536;6.600388347;3.169404451;2.340493101;NA;8.978584304;4.169044654
0.358959202;0.931403294;0.088608572;0.362806512;0.47199355;0;0;NA;1.102058791;0.229464588
0.628442061;0.076575289;0;0;0;0;0;NA;0;0.156164583
1.213319899;20.29634124;5.394549997;11.65529409;18.0371766;10.31601798;4.880529097;NA;22.29140581;4.892097328
0.405328324;0.217508819;0.305847999;1.009135523;0.344171114;0;0.182900436;NA;0.305985936;0.41779908
1.539307213;6.830781648;2.851565315;8.943885364;3.394257661;0;3.764619242;NA;3.499142701;0.742646777
0;33.86261179;16.86889646;5.414190641;8.600783679;1.714779365;3.886273437;NA;23.11160866;1.219262416
0.555522582;5.123537712;2.659080512;3.592832276;7.619668619;0;1.258885256;NA;3.408829182;0.647677024
0;4.622276291;2.417608434;4.655164728;0.727210362;1.592321517;0;NA;2.652340293;1.984908074
1.707598695;1.559929243;0.831647087;0.628102415;0;0.420212657;0;NA;1.581261542;0.135765337
0.206900538;0;0;0.1270756;0;0;0;NA;0;0.126339464
0;0;0;0.231038868;0;0;0;NA;0;0
0.434537111;0;0;0;0;0;0.12837446;NA;0;0.081935358
0.305487193;0.625683759;0;1.956400169;0;0;0;NA;0;0.088330488
0;8.647968127;3.244894614;3.965205715;4.106102583;2.145065036;7.62402384;NA;4.268665523;1.346150868
1.539118436;7.099467533;5.576316674;2.646282266;4.03626007;0.381055883;2.427594655;NA;5.525612295;1.360855878
0.671117193;6.496056605;4.938281136;6.082910636;4.659027853;1.987924213;0;NA;5.742270421;3.699342129
0.073740138;0.170352482;0;0.983915594;0;0;1.239704309;NA;0.190518509;0.130622278
0;2.55577736;0.645628099;0.60841074;2.149697164;0;0;NA;1.848941465;0.15093971
0.171029066;2.582048759;0.415039834;0.885592732;0.386701561;0;1.954634706;NA;1.87847542;0.120366098
6.24663737;13.12573206;7.713979088;2.395666725;4.812576603;0.171594116;8.051529789;NA;7.244705405;0.889133362
0.917750965;41.35556112;25.34324689;14.56043802;24.68052428;16.14014335;4.515103163;NA;52.67828008;12.01065012
0.367559359;3.878247327;1.652922298;3.947978763;11.78508244;0.186200763;0;NA;3.689734606;1.190377239
0;5.749324586;2.392079282;2.656389702;6.250832545;0;2.542535872;NA;4.725457694;0.274587061
4.707050686;46.89435098;25.87112823;6.808045382;14.97615398;3.698040036;7.886867245;NA;36.413861;2.738503891
0.704348713;32.15995098;9.206555895;22.19075204;24.03229694;9.448560375;3.860534307;NA;33.78629655;11.6971975
2.679717568;0;0;2.722897635;0;0;5.710218041;NA;0;0
2.258456092;51.18179449;55.76195445;16.40373182;9.545173551;11.05739978;6.156841751;NA;59.09406924;9.804116143
4.5204444;40.42907024;12.35893424;20.85724406;20.12186841;5.910675799;11.00543532;NA;31.29135093;15.23546155
0.067617096;0.866233962;0.80797922;0.128403886;0;0.872700772;0;NA;0.483571759;0.107750253
0.118586518;0.11008004;0;0.381652529;0;0;0;0.322753034;0.365700982;0
2.878565107;10.49384329;4.586169408;20.51173237;45.27252068;0;5.42875591;NA;4.77447865;0.914263356
1.369871386;12.73502679;4.350585929;8.035950067;8.283592124;2.540224097;1.512587742;NA;10.15796361;4.597514801
1.294645802;4.518889757;1.571233174;5.789888371;4.134128608;3.54560044;2.651949666;NA;3.609185166;2.42204995
0;16.80210672;6.103360365;5.504236029;10.0603092;1.802464276;0;NA;13.14565253;2.953000816
0;4.25751871;0.607648481;2.107055185;0;0.404937059;0;NA;3.98279012;2.113042703
0.064502871;0.132819024;0.252565402;0;0;0.388767046;0;NA;0.181614578;0
0;0;0;0;0;2.139918636;0;NA;0;0
0.061522815;3.327939298;1.771110919;1.457299674;0.606464729;0.301387837;1.384655417;NA;2.470801623;0.823223586
0;0.631067932;0.407408914;1.404310662;0;0.195641869;0;NA;0.513804956;1.145491336
0;0.666771887;0.168113481;1.226373721;0;0;0;NA;0.137209246;0.266865201
0;0;0;0.090564292;0;0;0;NA;0;0
0.511177854;9.064275528;4.859057705;11.78178526;8.352209571;6.968734358;0;NA;7.74905603;7.489736352
0.127313514;0;0;0.92464238;0;0;2.889394801;NA;0.530036838;0.194114452
2.462438631;14.78886976;15.96552014;4.552710072;7.542627571;1.305387646;4.862086431;NA;13.44570954;2.632012987
3.80504521;9.637248867;6.653184227;4.303269588;5.954196262;0.97510543;7.811389392;NA;9.550108961;2.289353387
0.411348988;5.156351108;1.261863819;2.816145661;1.339560623;0.56294494;0;NA;3.255444093;1.011031538
0.113336975;0;0;1.862304456;9.322179623;0;0;NA;0;0.083690867
0;0.256910862;0.083164856;0.644134564;1.98285838;0;0;NA;0;0
0;8.264853221;3.873599479;2.216378089;1.841623874;0.156388797;10.55314654;NA;2.659829466;0.454131112
2.688258681;45.96131148;26.69697436;14.51394463;16.64934151;6.653004923;8.625887711;NA;34.62227429;12.26000898
0.782391896;37.46108837;20.0768337;13.42128826;15.09031069;11.45932681;4.065843566;NA;33.75332759;15.77442314
3.517066616;2.032330694;0.38440594;1.86629244;1.241619613;0.375422357;0.59111634;NA;2.108620613;0.798028544
0.136457278;2.040638407;0.514621733;4.955219666;1.202399027;0;0;NA;1.436962345;1.163501872
0.145724851;1.135825179;0.760187992;1.269915054;0;0.151599385;1.372076108;NA;0.829218355;0.298797222
0.117994808;14.26119691;10.16161328;2.602728294;10.05704669;0.595125156;5.725379981;NA;12.69059837;4.686260312
0;1.037124827;0.652241747;0.522301191;0;2.025856558;0;NA;0.832506835;0.305366698
0.998029295;11.9865967;9.828400504;4.244889124;4.936871323;1.30469939;1.727383137;NA;13.79011718;2.440650122
0.072709631;31.82585818;12.61019988;1.921124148;24.4427381;4.964694289;1.839677724;NA;38.0842514;2.965724305
0;0.256692155;0.13538058;0;7.637342398;0;1.50560324;NA;0.45305517;0
0;0;0;0;0;0;0;NA;0;0.063508182
0;0;0;0;0;0;0;NA;0;0
1.003330345;2.144372213;0.656738002;3.79826407;0;2.809899599;5.079242848;NA;2.062244258;2.608835398
0;6.551250653;3.379714249;14.8525404;5.227244524;5.695513783;2.620754108;NA;8.84444647;7.64212977
0;3.447916252;1.81172112;1.773567734;2.442561248;0;0;NA;2.173135963;0.926532609
0;0.265483164;0;0;0;0;0;NA;0.189031157;0
2.819160493;11.97008729;7.56554654;13.14618886;16.35121599;5.54368264;3.735762892;NA;14.10065129;6.42864521
0.625512779;25.68137003;8.856728783;10.72043124;20.51227761;10.75919459;0.404391024;NA;16.00946489;9.399764841
0;1.518733395;0;0.313922474;1.488428014;0;0;NA;1.797452943;0
1.314457024;5.704183456;2.881166542;5.424561943;0;9.560916045;2.919387199;NA;7.088488973;4.867982955
1.308973048;8.410134044;5.690625669;11.33086661;NA;3.901952003;0.680420314;NA;6.945675829;4.037374839
0;0;0;0;NA;0;0;NA;0.170449984;0
0;0;0;0;NA;0;0;NA;0;0
0;0;0;0;NA;0;0;NA;0;0
1.188624443;0;0.120904226;0.679471713;NA;0;1.005653787;0;0.596264686;0.126635727
0;3.292458639;2.105556465;0.681740614;NA;0;0.911514088;NA;4.772347201;0.658880481
NA;0;0;0;NA;0;0;NA;0.18027738;0.103443323
NA;14.87338107;6.662428855;4.672664386;NA;3.72171098;4.43982781;NA;12.6112488;4.655847475
NA;3.62985091;2.310583121;0.789793846;NA;0.659983108;5.096049641;NA;3.786039492;0.372422479
NA;25.38554349;20.91998374;6.057297123;NA;3.212093066;3.302554253;NA;37.19874862;4.336838157
NA;9.398017619;0;1.976784233;NA;0.426594428;0.787044922;NA;0.205941851;0
NA;0;0;0.211072727;0;0.741163043;0.424438056;NA;0.321043166;0
NA;11.74587802;5.660394976;1.678860224;4.29768503;1.065724217;3.575635511;NA;13.10605941;1.725598438
NA;0;0;0.217709681;0;0;0;NA;0;0
NA;0;0;0.166642033;0;0;0;NA;0;0
NA;6.382269926;4.496053998;0.717671303;3.888892361;0;2.035863532;NA;7.77410263;0.152131821
NA;4.001116804;2.228477425;5.646726762;2.054172624;0;0;NA;3.221700284;0
NA;0;0;0.308053046;0;0;0;NA;0.136941417;0
NA;7.973711074;6.417547117;5.910173555;6.756925863;1.928137227;3.002785022;0;7.135648181;3.238943568
NA;11.20591917;9.087106232;9.162486828;8.32832344;5.319533034;5.000020494;NA;8.735075881;6.490411585
NA;8.682517919;5.920814294;6.462603553;7.707875223;11.16194605;0;NA;6.447612729;4.617475096
NA;4.024066993;2.436570264;11.5402475;6.448902983;2.428969126;1.007043282;NA;4.322404996;2.574822729
NA;23.2070963;15.46009975;13.15594597;13.21087061;3.150614407;2.580659029;NA;17.74740381;2.806581071
NA;1.776978505;1.172909348;0.270188202;0.461795786;0;0;NA;0.254272923;0.131969164
0.586291801;5.912963725;2.275583073;5.15193477;3.041318439;0.354966695;0.836752827;NA;4.5823973;2.346181023
0;0;0;0.464387794;0.143777475;0;0;NA;0.095943162;0
0;3.288401913;2.186297781;0;1.868020958;0.215906609;0;NA;0.741010609;0.138644375
0;0;0;0;0.227643011;0.329982547;0;NA;0.308339526;0.055200851
0.127259967;0;0;0;0.218079046;0;0;NA;0.237504072;0
0;0;0;0;0.101884288;0;1.00000068;NA;0;0
8.108430813;0.13545788;0;0;0;0;1.096833176;NA;0.101846722;0
0;8.943266001;7.009653952;5.394255274;8.752324079;6.459610954;0;NA;8.902721441;6.376508618
0;3.005581793;2.002676565;5.039693942;2.902684664;0.827383962;8.625346286;NA;3.010113097;2.209372009
13.84196346;36.12171378;40.25720427;31.09404137;29.78847242;23.23300249;4.277831053;NA;31.17429067;21.57047449
1.621307069;15.0227629;13.94848965;2.604963151;11.45174763;0;3.00021364;NA;9.160507582;0.676552336
0.302941223;2.026810596;1.015156334;1.728353105;0.938922444;1.451031894;0;NA;2.239920986;2.642849144
0;0.81571449;0;0;0;0;0;NA;0;0.098640581
0;1.194180747;2.007554311;0;1.598190911;0;1.000000469;NA;1.013479181;0
3.573437881;4.6268031;3.078289083;2.82834514;6.162820258;0.694862181;4.000036336;NA;5.620957486;1.81023559
0.118702179;0;0;0.576769462;0;0;0;NA;0;0
0.251328087;0;0;0.486131465;0;0;0;NA;0;0
0.281556259;0;0;0.848486473;0;0;0;NA;0;0
0;3.000000089;2.999999955;0.7009;7.461176707;1.899680403;0.1791855;NA;5.144798209;0.6990079
9.083198189;19.00000264;22.00369913;13.35115959;18.1355849;7.190933426;15.8208147;NA;21.85552656;12.11057316
0.429735517;1.031790594;1.046846043;0.789816398;2.388859665;0;1.000002661;NA;0;0.061580008
2.876256848;7.290530677;6.203424829;4.642589185;5.310380277;1.399705296;4.000002126;NA;8.562551615;3.046990167
0;2.126300734;1.191601136;1.261401385;2.325001775;0;0;NA;2.397323191;0.169563544
0;1.565236141;0;0.092860963;0.38703672;0;0.860700912;NA;1.505825901;0
0;12.1357578;10.71653936;8.362613805;8.759624898;5.430039661;0.139366872;NA;11.06978909;6.676354596
0.526330058;3.343903482;2.489241633;1.933655121;1.96937984;0.945124903;3.855203602;NA;2.299737012;1.257789773
4.063931042;10.06545814;7.217378653;15.81136172;7.478422057;7.48619171;4.000000054;NA;7.717793622;11.2644044
0.075781693;2.474833784;1.10120333;0.477677386;1.381928993;0;0;NA;1.995262362;0.065722431
0.283046763;0;0;3.568936581;0.100212606;0;0;NA;0;0
0;0;0;0.14965003;0;0;0;NA;0;0
1.368029967;0;0;0;0;0;0.999999902;NA;0;0
2.983354287;1.000000377;1.000003634;0.392036386;1.319551057;0;0;NA;1.000004792;0.218957707
8.029074317;18.00002869;17.92454949;9.96867896;15.35649152;8.106981004;2.000000101;NA;15.00023367;7.956868548
0;5.130831265;3.757397986;0.377310279;2.397598078;0;1.000000021;NA;3.459552453;0
0;4.102109644;5.689597946;0.085269873;3.621718972;0;1.000013911;NA;5.921532394;0
0;0;0.424950358;0;0;0;0;NA;0;0.054689408
0;2.772357779;2.57591533;2.344919659;3.127334831;3.072206133;0;NA;4.002703203;3.350801509
0;1.122627338;1.000007416;0.573530611;0.787976728;1.343200354;0;NA;1.000036115;1.023033327
0;0;0;0;0;0;0;NA;0;0
0;0.869502944;0;0;0.804887415;0;1.9999999;NA;1.000001748;0
0;0.388326009;0;0;0.053665295;0;0;NA;0;0
0.068144965;0.052941241;0;0;0;0;0;NA;0;0
5.159367302;0.144796404;0;0;0.056923101;0;1;NA;0;0
9.572496733;1.212217335;1.000000197;2.523620039;1.203620027;0.149100026;5.0000001;NA;1.000001032;1.5581032
0;0.083167523;0;0.189592801;0;0;0;NA;0;0
8.722181193;0.118552019;0;0;0.19638011;0;17;NA;0;0.120528
1.000536552;10.03099843;7.654795741;4.809848083;7.050565949;1.252217747;3.704977501;NA;8.302577573;4.132799542
1.282377932;18.85891219;15.78414498;18.3651463;20.18993387;21.10780532;6.719457848;NA;19.09398416;18.98520153
0.722209542;8.126549086;6.686493224;8.631567969;7.516749397;3.213756097;1.575565602;NA;8.709444998;5.247098117
9.503206295;16.87320475;16.00447898;26.66631697;14.88907807;15.32932323;12.07058821;NA;16.00287684;14.44476156
18.57450637;7.155676918;6.173759398;2.59508748;5.592641748;0.652286154;11.92941175;NA;5.216292077;1.634074761
1.007286169;3.407127433;2.901861119;1.740877065;1.900168265;0;2.000000147;NA;2.161267419;0.123034717
1.000212242;0.563779678;0;0.3337609;0.130160318;0;5.925791812;NA;0.723478566;0
2.066413428;0.923168292;1.000291542;1.898356992;0.980710834;0.914134503;4.074207862;NA;1.287851506;1.887168378
0;0.061088047;0;0;0;0;0;NA;0;0
9.793759438;0;0;0;0;0;0;NA;0;0
3.141208101;3.501904475;1.921364406;0.343984157;1.810320122;0.069800896;3.883257904;NA;1.062443609;0.951647525
0.111313589;13.45033421;8.079071693;1.113522469;2.023745166;0.221837725;4.116742;NA;4.737558075;0.989510109
0.888708652;4.819588936;5.277899506;2.111745439;5.931817738;0;4.999999803;NA;4.658342071;1.432265382
0;1.030530162;0.722175958;0;0.248058309;0;0;NA;0.543160736;0.076250004
6.00000319;0.050045223;0;0;0;0;5.2914028;NA;0.076018592;0
1.00074358;1.797960041;1.737950554;1.526932206;1.868828485;0.727489835;5.708597418;NA;1.550637733;1.682558914
0;0;0;1.11488887;0;0;0;NA;0;0
0;0;0.262587629;0.414023951;0.050947567;0;0;NA;0.100259831;0
0.075475143;0.302533929;0;0;0;0;0;NA;0.165430203;0
3.524525571;3.284435156;2.575565502;0;3.580181185;1.433215049;4.0000002;NA;3.288600248;0.2733979
0.097285743;1.394481891;0.424435323;1.242804708;0.122263019;0.224408606;0;NA;0.445985338;0.487846407
0;0;0;0.42906851;0;0;0;NA;0.065433556;0.316460023
0.358190271;0.127963812;0;0;0.060000026;0;0;NA;0.334571021;0.0629503
0;0;0;0;0;0;0;NA;0;0.1183967
0;0.0628054;0;0.0822;0;0;0;NA;0;0
1.6962897;0.2727602;0;0.243;0;0.3738847;2;NA;0.1696833;0.7398183
5.177828259;0.157556607;0.129773801;0.707181;0;0;5.9999997;NA;0.189140379;0.5944518
3.244883943;11.10407206;9.540710526;8.944231921;8.345199817;4.617066662;4.000000004;NA;9.395979268;5.46314551
0;0.542382901;0.191154053;0;0;0;0;NA;0.56981329;0.096402963
0;0.097376019;0.063710426;0.181454305;0;0;0;NA;0.071583873;0
0;0;0;0;0;0;1;NA;0;0
0;0;0;0;0;0;0;NA;0;0
0;0;0;0;0;0;0;NA;0;0
0;0;0;0;0;0;0;NA;0;0
0;0;0;0;0;0;0;NA;0;0
0.3319457;0;0.0748416;2.8117412;0;18.8928006;4;NA;0.1446154;4.2161824
0;0;0;0.2551629;0;0;0;NA;0.0511312;0.1361829
0;2.97610863;1.500000015;0;3.974027244;0;1;NA;2.304072457;0.1803685
0;0;0;0.0656;0;0;0;NA;0.115203612;0
0;0;0;0;0;0;0;NA;0;0
6.671493369;3.16950228;2.721447736;0.870973301;3.227601522;0;10.1342081;NA;2.224796848;0.2478913
5.799801758;7.754884969;7.003790686;0.783964964;4.389388903;0;4.272398321;NA;5.923997938;0.38118013
1.736999643;1.79342751;1.280469623;0.768227524;0.88592446;0;2.618189906;NA;1.210542299;0.613830571
0.096820468;0.083842356;0;0;0;0;0;NA;0;0
0;0;0;0;0;0;0;NA;0.100000021;0
2.638225145;2.63897992;2.206433882;1.188534292;2.38217873;0;0.6840725;NA;2.261072524;0.825414969
0.18875041;6.272933639;4.903634224;5.013663244;4.565021205;1.67250867;0.191131201;NA;7.99236505;3.408729928
0;0;0;0;0;0;0.200000189;NA;0;0
0;0.061360068;0;0.073802787;0;0;0.332579202;NA;0;0
0;0.083891401;0.170859703;0;0;0;0.2674208;NA;0.216108631;0
0;0.0855204;0;0.2298642;0;0;0.1;NA;0;0
2.1859729;3.984524801;2.0502261;0.0702;1.0637105;0.069;0.5;NA;2.119004606;0.0520539
0;0.3641628;0;0;0.4562896;0;0;NA;0.3006334;0
0;0;0;0;0;0;0;NA;0;0
0.064343903;0;0;0;0;0;0.1;NA;0;0
12.71755677;0;0;0.0593;0;0.079900002;11.6620812;NA;0;0
2.981107945;6.138074463;4.012413578;4.971949571;5.85447796;2.112605065;8.339095001;NA;4.998545808;4.277548477
0;0;0;0;0;0;0;NA;0;0
3.152851495;0;0.058190024;0.127900002;0;0;2.2988235;NA;0.10000077;0
0;0.519018327;0.369230744;0;0.277737614;0;0;0.2167072;0.413723196;0
1.471434254;0;0;0;0;0;0;0;0;0
0;0;0;0;0;0;0;0;0;0
0;0;0;0;0;0;0.1;0;0;0.087485701
2.22744418;1.827447837;1.130884383;2.208808254;1.614376353;0.350653885;1.413756652;3.24819893;1.794769262;0.718014592
0;0;0;0;0;0;0;0;0;0
0.245499559;0.050534779;0;0.249451916;0;0;0.187149513;0;0;0
1.38165492;1.628795512;1.716125103;0.884165018;1.847346097;0.175095012;2.3159275;4.479176992;1.62874998;0.37283043
2.915658045;7.0509911;7.085937375;3.280546845;7.696538257;1.172730895;5.116832504;2.047386298;7.974295438;3.13592867
0;0.084797359;0;0;0;0;0;0;0;0
0;0;0;0;0;0;0;0;0;0
0;0;0;0;0;0;0;0;0.100000005;0
10.27621918;4.685521123;3.379096027;4.366132252;5.58715455;3.197800713;6.142986207;5.735559829;4.111698582;3.833826253
0;27.87379535;18.08465802;25.95703357;30.52105884;20.94502573;1.714639812;0;35.65312514;21.72462002
0;1.665297206;0.124615441;0.171792505;0;0;0;0;0.112946958;0.056411021
0;0.08145072;0;0.145520573;0;0.109800235;0;0;0;0
0;0.071674474;0;0;0;0;0;0;0;0
0;0;0;0;0;0;0;0;0;0
0;0;0;0;0;0;0;0;0;0
0;0;0;0;0;0;0;0;0;0
0;0;0;0;0;0;0;0;0;0.070352071
0;0;0;0;0.085883297;0;0;0;0.077471491;0
0;0;0;0;0;0;0;0;0;0
0;0;0;0;0;0;0;0;0;0
0;0;0;0;0;0;0;0;0;0.1020189
0.214570558;0.128325972;0;0;0;0.056800588;0;1.009383249;0;0
0.050501589;0.521091346;0.184535353;0;0.203826393;0;0.1693213;0.600419887;0.300104698;0
0;0;0;0.143331465;0;0;0;0;0.081909865;0
0.096224002;0;0;0;0;0;0;0;0;0
6.087088308;2.144380007;2.839084102;1.743867238;1.757505284;0.222333262;6.617920231;1.417165896;1.738369683;0.413414985
6.129372195;16.14663182;15.71197207;8.883685616;14.70038646;6.539648864;5.560366961;5.765715996;17.72607013;6.976517797
1.456681136;3.563799553;5.155487802;1.637075031;5.474783924;0;2.064317677;0.754292889;5.77414822;0.507527071
0;11.94503847;9.141509917;3.213945448;10.87252748;3.775439224;3.742538034;1.30192461;15.00521641;1.511426683
0;0.333044785;0.143717066;0;0;0;0;0;0;0.18041908
0;0.08063452;0;0;0;0;0.091221711;0;0.107693719;0.163638104
0;0;0;0;0;0;0;0;0;0
0;0;0;0;0;0;0;0.117897773;0;0
